overall_rank,pos_rank,player,position,team,games_left,expected_games_played,rest_of_season_points,points_per_active_game,points_per_scheduled_game,p10,p50,p90,adp_rank,roster_status,out_through_week
1,1,Jahmyr Gibbs,RB,DET,14.0,12.792,311.283,24.334,22.234,207.964,314.854,396.561,1.0,ACT,
2,2,Bijan Robinson,RB,ATL,14.0,12.789,281.792,22.034,20.128,178.473,285.363,367.07,2.0,ACT,
3,1,Jaxon Smith-Njigba,WR,SEA,14.0,12.95,280.294,21.644,20.021,176.975,283.865,365.572,5.0,ACT,
4,1,Josh Allen,QB,BUF,14.0,12.594,262.079,20.81,18.72,158.76,265.65,347.357,34.0,ACT,
5,2,Ja'Marr Chase,WR,CIN,14.0,12.988,257.055,19.792,18.361,153.736,260.626,342.333,4.0,ACT,
6,3,Amon-Ra St. Brown,WR,DET,14.0,12.934,250.748,19.386,17.911,147.429,254.319,336.026,7.0,ACT,
7,3,Christian McCaffrey,RB,SF,14.0,12.273,238.882,19.464,17.063,135.562,242.453,324.159,6.0,ACT,
8,4,Jonathan Taylor,RB,IND,14.0,12.593,231.985,18.422,16.57,128.666,235.556,317.263,8.0,ACT,
9,4,CeeDee Lamb,WR,DAL,14.0,12.844,221.797,17.269,15.843,118.477,225.368,307.074,10.0,ACT,
10,2,Lamar Jackson,QB,BAL,14.0,12.512,221.672,17.717,15.834,118.352,225.242,306.949,59.0,ACT,
11,3,Matthew Stafford,QB,LA,14.0,13.014,221.376,17.011,15.813,118.056,224.946,306.653,78.0,ACT,
12,4,Dak Prescott,QB,DAL,14.0,12.792,220.187,17.212,15.728,116.868,223.758,305.465,67.0,ACT,
13,5,Jared Goff,QB,DET,14.0,13.107,220.047,16.788,15.718,116.728,223.618,305.325,104.0,ACT,
14,6,Joe Burrow,QB,CIN,14.0,12.242,217.414,17.76,15.53,114.094,220.985,302.691,57.0,ACT,
15,7,Brock Purdy,QB,SF,14.0,11.92,215.849,18.109,15.418,112.529,219.42,301.126,87.0,ACT,
16,5,Derrick Henry,RB,BAL,14.0,12.966,213.056,16.432,15.218,109.737,216.627,298.334,16.0,ACT,
17,6,Ashton Jeanty,RB,LV,14.0,12.558,210.884,16.793,15.063,107.565,214.455,296.162,21.0,ACT,
18,7,James Cook,RB,BUF,14.0,12.757,207.837,16.292,14.846,104.518,211.408,293.115,12.0,ACT,
19,8,Patrick Mahomes,QB,KC,14.0,12.344,207.753,16.83,14.84,104.434,211.324,293.031,106.0,ACT,
20,8,Kenneth Walker III,RB,KC,14.0,12.365,206.926,16.735,14.78,103.607,210.497,292.204,23.0,ACT,
21,9,Trevor Lawrence,QB,JAX,14.0,12.591,206.832,16.427,14.774,103.513,210.403,292.11,94.0,ACT,
22,10,Jalen Hurts,QB,PHI,14.0,12.231,205.918,16.836,14.708,102.598,209.489,291.195,80.0,ACT,
23,9,Chase Brown,RB,CIN,14.0,12.669,205.756,16.241,14.697,102.437,209.327,291.034,14.0,ACT,
24,11,Bo Nix,QB,DEN,14.0,12.487,205.518,16.458,14.68,102.199,209.089,290.796,118.0,ACT,
25,5,Drake London,WR,ATL,14.0,12.738,204.055,16.019,14.575,100.736,207.626,289.333,13.0,ACT,
26,6,DeVonta Smith,WR,PHI,14.0,13.408,202.97,15.138,14.498,99.651,206.541,288.248,30.0,ACT,
27,12,Drake Maye,QB,NE,14.0,12.242,202.187,16.515,14.442,98.868,205.758,287.465,51.0,ACT,
28,7,Chris Olave,WR,NO,14.0,12.057,200.343,16.617,14.31,97.023,203.914,285.62,19.0,ACT,
29,13,Tyler Shough,QB,NO,14.0,11.64,195.565,16.8,13.969,92.245,199.136,280.842,147.0,ACT,
30,1,Trey McBride,TE,ARI,14.0,12.749,195.392,15.326,13.957,92.073,198.963,280.67,29.0,ACT,
31,8,Justin Jefferson,WR,MIN,14.0,12.502,192.233,15.376,13.731,88.914,195.804,277.511,11.0,ACT,
32,14,Bryce Young,QB,CAR,14.0,12.41,192.156,15.484,13.725,88.836,195.726,277.433,233.0,ACT,
33,15,Justin Herbert,QB,LAC,14.0,12.36,190.825,15.439,13.63,87.505,194.396,276.102,107.0,ACT,
34,16,Baker Mayfield,QB,TB,14.0,12.73,187.935,14.763,13.424,84.615,191.506,273.212,133.0,ACT,
35,17,C.J. Stroud,QB,HOU,14.0,12.328,185.897,15.079,13.278,82.578,189.468,271.175,197.0,ACT,
36,9,Puka Nacua,WR,LA,14.0,9.798,182.923,18.669,13.066,79.451,186.328,268.076,3.0,ACT,
37,10,George Pickens,WR,DAL,14.0,12.808,182.111,14.218,13.008,78.791,185.681,267.388,20.0,ACT,
38,11,Garrett Wilson,WR,NYJ,14.0,11.866,181.762,15.318,12.983,78.443,185.333,267.04,27.0,ACT,
39,10,Jeremiyah Love,RB,ARI,14.0,12.095,181.742,15.026,12.982,78.422,185.312,267.019,28.0,ACT,
40,12,Davante Adams,WR,LA,14.0,12.12,181.582,14.982,12.97,78.262,185.153,266.859,42.0,ACT,
41,13,Tetairoa McMillan,WR,CAR,14.0,12.696,178.056,14.024,12.718,74.737,181.627,263.334,31.0,ACT,
42,18,Cam Ward,QB,TEN,14.0,12.478,177.901,14.257,12.707,74.581,181.472,263.178,240.0,ACT,
43,11,Kyren Williams,RB,LA,14.0,11.97,175.977,14.701,12.57,72.657,179.547,261.254,32.0,ACT,
44,19,Aaron Rodgers,QB,PIT,14.0,12.603,175.971,13.962,12.569,72.652,179.542,261.249,252.0,ACT,
45,14,Tee Higgins,WR,CIN,14.0,12.384,173.055,13.974,12.361,69.736,176.626,258.333,37.0,ACT,
46,20,Jacoby Brissett,QB,ARI,14.0,12.501,172.23,13.777,12.302,68.91,175.801,257.507,237.0,ACT,
47,15,Zay Flowers,WR,BAL,14.0,11.266,169.734,15.066,12.124,66.414,173.304,255.011,25.0,ACT,
48,16,Rashee Rice,WR,KC,14.0,11.38,169.691,14.912,12.121,66.372,173.262,254.969,15.0,ACT,
49,12,Jaylen Warren,RB,PIT,14.0,13.057,168.581,12.911,12.042,65.262,172.152,253.859,63.0,ACT,
50,13,D'Andre Swift,RB,CHI,14.0,12.458,168.157,13.498,12.011,64.838,171.728,253.435,45.0,ACT,
51,21,Jordan Love,QB,GB,14.0,11.16,167.298,14.991,11.95,63.979,170.869,252.576,155.0,ACT,
52,14,Javonte Williams,RB,DAL,14.0,12.062,163.908,13.589,11.708,60.588,167.479,249.185,38.0,ACT,
53,15,Saquon Barkley,RB,PHI,14.0,11.692,163.464,13.981,11.676,60.145,167.035,248.742,18.0,ACT,
54,17,Emeka Egbuka,WR,TB,14.0,12.566,162.627,12.942,11.616,59.308,166.198,247.905,36.0,ACT,
55,2,Tyler Warren,TE,IND,14.0,12.641,162.627,12.865,11.616,59.307,166.197,247.904,68.0,ACT,
56,18,Michael Wilson,WR,ARI,14.0,12.645,162.263,12.832,11.59,58.944,165.834,247.541,75.0,ACT,
57,19,Terry McLaurin,WR,WAS,14.0,12.769,160.829,12.595,11.488,57.51,164.4,246.107,49.0,ACT,
58,16,Breece Hall,RB,NYJ,14.0,11.618,160.775,13.839,11.484,57.456,164.346,246.053,33.0,ACT,
59,22,Sam Darnold,QB,SEA,14.0,11.33,159.532,14.081,11.395,56.213,163.103,244.81,158.0,ACT,
60,17,Bucky Irving,RB,TB,14.0,11.791,159.266,13.507,11.376,55.947,162.837,244.544,47.0,ACT,
61,20,Parker Washington,WR,JAX,14.0,12.131,159.233,13.126,11.374,55.914,162.804,244.511,64.0,ACT,
62,23,Daniel Jones,QB,IND,14.0,11.591,159.155,13.731,11.368,55.835,162.726,244.432,191.0,ACT,
63,21,Christian Watson,WR,GB,14.0,11.644,157.524,13.529,11.252,54.205,161.095,242.802,60.0,ACT,
64,24,Deshaun Watson,QB,CLE,14.0,10.591,157.124,14.836,11.223,53.804,160.695,242.401,260.0,ACT,
65,22,DJ Moore,WR,BUF,14.0,13.345,156.035,11.693,11.145,52.715,159.606,241.312,48.0,ACT,
66,23,Ladd McConkey,WR,LAC,14.0,12.382,155.698,12.574,11.121,52.379,159.269,240.976,40.0,ACT,
67,18,Chuba Hubbard,RB,CAR,14.0,12.584,155.46,12.354,11.104,52.14,159.03,240.737,85.0,ACT,
68,24,Jaylen Waddle,WR,DEN,14.0,12.188,155.128,12.728,11.081,51.808,158.698,240.405,44.0,ACT,
69,25,Geno Smith,QB,NYJ,14.0,11.144,154.667,13.878,11.048,51.348,158.238,239.945,244.0,ACT,
70,3,Brock Bowers,TE,LV,14.0,9.756,154.24,15.81,11.017,50.921,157.811,239.518,35.0,ACT,
71,25,Carnell Tate,WR,TEN,14.0,12.549,149.934,11.948,10.71,75.028,144.978,218.721,82.0,ACT,
72,26,Luther Burden III,WR,CHI,14.0,12.031,149.374,12.415,10.67,74.468,144.417,218.16,53.0,ACT,
73,27,Mike Evans,WR,SF,14.0,12.87,148.933,11.572,10.638,74.028,143.977,217.72,55.0,ACT,
74,19,Tony Pollard,RB,TEN,14.0,13.095,148.584,11.347,10.613,73.679,143.628,217.371,70.0,ACT,
75,4,Harold Fannin Jr.,TE,CLE,14.0,12.019,148.263,12.336,10.59,73.357,143.307,217.05,77.0,ACT,
76,20,Aaron Jones,RB,MIN,14.0,12.591,147.696,11.731,10.55,72.791,142.74,216.483,110.0,ACT,
77,28,DK Metcalf,WR,PIT,14.0,12.561,147.248,11.723,10.518,72.343,142.292,216.035,69.0,ACT,
78,5,George Kittle,TE,SF,14.0,12.329,146.73,11.901,10.481,71.824,141.774,215.517,97.0,ACT,
79,21,Travis Etienne,RB,NO,14.0,12.395,146.374,11.809,10.455,71.468,141.418,215.161,39.0,ACT,
80,6,Travis Kelce,TE,KC,14.0,13.058,146.237,11.199,10.445,71.331,141.281,215.024,111.0,ACT,
81,29,Denzel Boston,WR,CLE,14.0,12.309,145.28,11.803,10.377,70.375,140.324,214.067,145.0,ACT,
82,26,Kirk Cousins,QB,LV,14.0,11.497,145.037,12.615,10.36,65.884,138.701,213.494,,ACT,
83,30,Malik Nabers,WR,NYG,14.0,11.088,144.553,13.037,10.325,69.647,139.597,213.34,26.0,ACT,
84,31,Josh Downs,WR,IND,14.0,12.444,144.398,11.604,10.314,69.492,139.442,213.185,92.0,ACT,
85,32,Jordan Addison,WR,MIN,14.0,12.473,144.268,11.566,10.305,69.362,139.312,213.055,101.0,ACT,
86,33,Stefon Diggs,WR,WAS,14.0,12.51,143.751,11.491,10.268,68.845,138.794,212.537,96.0,ACT,
87,22,Omarion Hampton,RB,LAC,14.0,10.793,143.293,13.276,10.235,68.387,138.337,212.08,24.0,ACT,
88,34,Jameson Williams,WR,DET,14.0,12.251,143.131,11.683,10.224,68.226,138.175,211.918,46.0,ACT,
89,27,Malik Willis,QB,MIA,14.0,10.62,141.617,13.335,10.115,66.711,136.66,210.403,204.0,ACT,
90,23,David Montgomery,RB,HOU,14.0,12.457,141.573,11.365,10.112,66.667,136.617,210.36,58.0,ACT,
91,35,Jakobi Meyers,WR,JAX,14.0,12.983,141.546,10.902,10.11,66.64,136.59,210.333,88.0,ACT,
92,24,Bhayshul Tuten,RB,JAX,14.0,11.804,140.809,11.929,10.058,65.903,135.852,209.595,52.0,ACT,
93,25,Cam Skattebo,RB,NYG,14.0,10.433,140.71,13.487,10.051,65.805,135.754,209.497,41.0,ACT,
94,26,Quinshon Judkins,RB,CLE,14.0,11.313,140.44,12.414,10.031,65.535,135.484,209.227,50.0,ACT,
95,27,Rhamondre Stevenson,RB,NE,14.0,12.062,139.081,11.531,9.934,64.175,134.125,207.867,62.0,ACT,
96,36,Courtland Sutton,WR,DEN,14.0,12.776,138.098,10.809,9.864,63.192,133.142,206.885,61.0,ACT,
97,37,Matthew Golden,WR,GB,14.0,12.207,136.01,11.142,9.715,61.105,131.054,204.797,112.0,ACT,
98,7,Colston Loveland,TE,CHI,14.0,12.535,135.897,10.842,9.707,60.992,130.941,204.684,56.0,ACT,
99,38,Deebo Samuel Sr.,WR,SF,14.0,12.217,130.402,10.674,9.314,55.496,125.445,199.188,114.0,ACT,
100,39,KC Concepcion,WR,CLE,14.0,12.464,130.279,10.453,9.306,55.373,125.322,199.065,123.0,ACT,
101,28,Kyler Murray,QB,MIN,14.0,9.759,130.003,13.322,9.286,55.097,125.047,198.79,142.0,ACT,
102,40,Rome Odunze,WR,CHI,14.0,11.658,129.427,11.102,9.245,54.521,124.471,198.214,54.0,ACT,
103,41,Jalen Coker,WR,CAR,14.0,11.988,127.921,10.671,9.137,53.015,122.965,196.708,125.0,ACT,
104,42,Wan'Dale Robinson,WR,TEN,14.0,11.662,127.686,10.949,9.12,52.78,122.73,196.473,86.0,ACT,
105,43,Tre Tucker,WR,LV,14.0,12.366,127.661,10.324,9.119,52.756,122.705,196.448,137.0,ACT,
106,44,Keenan Allen,WR,IND,14.0,12.388,126.263,10.192,9.019,51.357,121.307,195.05,140.0,ACT,
107,45,Malik Washington,WR,MIA,14.0,12.528,125.512,10.018,8.965,50.606,120.556,194.299,165.0,ACT,
108,8,Sam LaPorta,TE,DET,14.0,11.567,125.197,10.824,8.943,50.291,120.241,193.984,117.0,ACT,
109,46,Brian Thomas Jr.,WR,JAX,14.0,11.844,124.168,10.484,8.869,49.263,119.212,192.955,72.0,ACT,
110,47,Chris Godwin Jr.,WR,TB,14.0,12.412,122.726,9.887,8.766,47.82,117.77,191.513,81.0,ACT,
111,48,Xavier Worthy,WR,KC,14.0,11.963,121.73,10.176,8.695,46.824,116.774,190.517,108.0,ACT,
112,49,Quentin Johnston,WR,LAC,14.0,12.036,121.571,10.101,8.684,46.665,116.615,190.358,99.0,ACT,
113,28,TreVeyon Henderson,RB,NE,14.0,11.173,121.548,10.879,8.682,46.642,116.592,190.335,66.0,ACT,
114,29,Jacory Croskey-Merritt,RB,WAS,14.0,12.176,121.355,9.966,8.668,46.45,116.399,190.142,121.0,ACT,
115,30,Rachaad White,RB,WAS,14.0,12.187,121.143,9.94,8.653,46.238,116.187,189.93,122.0,ACT,
116,9,Isaiah Likely,TE,NYG,14.0,12.225,119.227,9.753,8.516,44.321,114.271,188.014,148.0,ACT,
117,10,Mark Andrews,TE,BAL,14.0,12.575,119.145,9.475,8.51,44.239,114.189,187.932,138.0,ACT,
118,31,Jadarian Price,RB,SEA,14.0,12.473,117.768,9.442,8.412,42.863,112.812,186.555,74.0,ACT,
119,50,Romeo Doubs,WR,NE,14.0,11.968,117.451,9.814,8.389,42.545,112.495,186.238,113.0,ACT,
120,32,RJ Harvey,RB,DEN,14.0,10.848,117.114,10.796,8.365,42.208,112.157,185.9,100.0,ACT,
121,51,Michael Pittman,WR,PIT,14.0,11.695,117.084,10.011,8.363,42.178,112.127,185.87,79.0,ACT,
122,33,Kyle Monangai,RB,CHI,14.0,12.362,116.447,9.42,8.318,41.541,111.491,185.234,115.0,ACT,
123,34,Kenny Gainwell,RB,TB,14.0,12.559,116.161,9.25,8.297,41.256,111.205,184.948,93.0,ACT,
124,11,Dalton Kincaid,TE,BUF,14.0,11.745,115.762,9.856,8.269,40.857,110.806,184.549,159.0,ACT,
125,12,Kenyon Sadiq,TE,NYJ,14.0,11.782,115.336,9.789,8.238,40.43,110.379,184.122,203.0,ACT,
126,13,Juwan Johnson,TE,NO,14.0,12.377,114.902,9.283,8.207,39.996,109.946,183.689,173.0,ACT,
127,52,Marvin Harrison Jr.,WR,ARI,14.0,11.761,114.647,9.748,8.189,39.741,109.691,183.434,65.0,ACT,
128,53,Khalil Shakir,WR,BUF,14.0,11.872,113.9,9.594,8.136,38.994,108.943,182.686,105.0,ACT,
129,14,Jake Ferguson,TE,DAL,14.0,12.291,111.702,9.088,7.979,53.536,112.966,175.26,139.0,ACT,
130,54,Rashod Bateman,WR,BAL,14.0,11.796,111.393,9.443,7.957,53.227,112.657,174.951,186.0,ACT,
131,15,Dalton Schultz,TE,HOU,14.0,12.371,110.517,8.933,7.894,52.351,111.78,174.075,211.0,ACT,
132,16,Kyle Pitts,TE,ATL,14.0,12.506,110.501,8.836,7.893,52.335,111.765,174.059,83.0,ACT,
133,35,Woody Marks,RB,HOU,14.0,11.785,106.962,9.076,7.64,48.796,108.225,170.52,153.0,ACT,
134,55,Dontayvion Wicks,WR,PHI,14.0,11.962,106.788,8.927,7.628,48.622,108.051,170.346,228.0,ACT,
135,56,Makai Lemon,WR,PHI,14.0,12.417,106.151,8.549,7.582,47.985,107.414,169.709,128.0,ACT,
136,57,Malachi Fields,WR,NYG,14.0,12.429,105.555,8.493,7.54,47.389,106.819,169.113,175.0,ACT,
137,36,Tyjae Spears,RB,TEN,14.0,12.212,105.237,8.618,7.517,47.071,106.501,168.795,134.0,ACT,
138,17,Tucker Kraft,TE,GB,14.0,11.44,105.216,9.197,7.515,47.051,106.48,168.775,103.0,ACT,
139,58,Devaughn Vele,WR,NO,14.0,11.151,104.055,9.332,7.432,45.889,105.318,167.613,219.0,ACT,
140,18,AJ Barner,TE,SEA,14.0,12.522,103.734,8.284,7.41,45.568,104.998,167.292,246.0,ACT,
141,29,Caleb Williams,QB,CHI,14.0,6.149,102.474,16.664,7.32,34.203,101.832,166.174,90.0,ACT,
142,59,Cooper Kupp,WR,SEA,14.0,11.878,102.377,8.619,7.313,44.211,103.64,165.935,190.0,ACT,
143,37,Blake Corum,RB,LA,14.0,12.038,100.183,8.322,7.156,42.017,101.447,163.741,126.0,ACT,
144,60,Tre Harris,WR,LAC,14.0,12.233,99.485,8.132,7.106,41.319,100.749,163.043,253.0,ACT,
145,38,J.K. Dobbins,RB,DEN,14.0,10.635,98.692,9.28,7.049,40.526,99.956,162.25,91.0,ACT,
146,19,T.J. Hockenson,TE,MIN,14.0,11.885,98.49,8.287,7.035,40.324,99.754,162.048,236.0,ACT,
147,61,Rashid Shaheed,WR,SEA,14.0,11.857,98.44,8.302,7.031,40.274,99.704,161.998,129.0,ACT,
148,62,Jerry Jeudy,WR,CLE,14.0,11.304,98.335,8.699,7.024,30.065,97.694,162.036,132.0,ACT,
149,63,Chris Bell,WR,MIA,14.0,12.594,97.916,7.775,6.994,39.75,99.18,161.474,223.0,ACT,
150,20,Hunter Henry,TE,NE,14.0,12.46,97.376,7.815,6.955,39.21,98.64,160.934,199.0,ACT,
151,30,Marcus Mariota,QB,WAS,14.0,8.939,97.208,10.874,6.943,29.257,95.402,158.462,,ACT,
152,64,Xavier Hutchinson,WR,HOU,14.0,12.129,95.112,7.841,6.794,36.946,96.376,158.67,263.0,ACT,
153,21,Pat Freiermuth,TE,PIT,14.0,12.257,94.77,7.732,6.769,36.604,96.034,158.328,250.0,ACT,
154,39,Tyler Allgeier,RB,ARI,14.0,12.347,94.106,7.622,6.722,35.941,95.37,157.665,179.0,ACT,
155,22,Brenton Strange,TE,JAX,14.0,11.759,92.548,7.871,6.611,34.382,93.812,156.106,229.0,ACT,
156,65,Adonai Mitchell,WR,NYJ,14.0,10.768,92.319,8.574,6.594,24.048,91.677,156.019,213.0,ACT,
157,66,Ryan Flournoy,WR,DAL,14.0,11.576,91.99,7.947,6.571,33.824,93.254,155.548,241.0,ACT,
158,40,Brian Robinson,RB,ATL,14.0,12.135,90.554,7.462,6.468,32.388,91.818,154.112,188.0,ACT,
159,67,Nico Collins,WR,HOU,14.0,6.871,89.991,13.097,6.428,21.72,89.349,153.691,22.0,ACT,
160,68,Keon Coleman,WR,BUF,14.0,11.639,89.81,7.716,6.415,31.644,91.074,153.368,248.0,ACT,
161,41,Alvin Kamara,RB,NO,14.0,10.294,88.325,8.58,6.309,30.159,89.589,151.883,177.0,ACT,
162,69,Jauan Jennings,WR,MIN,14.0,10.917,88.181,8.077,6.299,30.015,89.444,151.739,157.0,ACT,
163,42,Emmett Johnson,RB,KC,14.0,11.809,88.153,7.465,6.297,29.987,89.416,151.711,182.0,ACT,
164,43,Mike Washington Jr.,RB,LV,14.0,11.722,86.712,7.397,6.194,44.275,85.652,142.003,161.0,ACT,
165,31,Jameis Winston,QB,NYG,14.0,9.037,86.24,9.543,6.16,18.623,77.202,143.764,,ACT,
166,44,Samaje Perine,RB,CIN,14.0,12.119,85.155,7.026,6.082,42.718,84.095,140.445,150.0,ACT,
167,70,Kayshon Boutte,WR,HOU,14.0,11.308,84.068,7.434,6.005,41.631,83.008,139.359,202.0,ACT,
168,71,Jalen Nailor,WR,LV,14.0,11.622,83.049,7.146,5.932,40.612,81.989,138.34,181.0,ACT,
169,45,Rico Dowdle,RB,PIT,14.0,9.37,82.47,8.802,5.891,31.449,81.425,142.979,76.0,ACT,
170,46,Kaelon Black,RB,SF,14.0,11.831,82.338,6.96,5.881,39.901,81.278,137.629,201.0,ACT,
171,23,Terrance Ferguson,TE,LA,14.0,11.351,81.396,7.171,5.814,38.959,80.336,136.687,226.0,ACT,
172,72,Chimere Dike,WR,TEN,14.0,11.693,80.551,6.889,5.754,38.114,79.491,135.842,144.0,ACT,
173,47,Tyrone Tracy Jr.,RB,NYG,14.0,11.453,79.362,6.929,5.669,36.925,78.302,134.652,184.0,ACT,
174,24,Greg Dulcich,TE,MIA,14.0,11.013,79.312,7.202,5.665,36.875,78.253,134.603,230.0,ACT,
175,73,Jaylin Noel,WR,HOU,14.0,11.938,78.743,6.596,5.624,36.305,77.683,134.033,255.0,ACT,
176,48,Tank Bigsby,RB,PHI,14.0,12.152,78.565,6.465,5.612,36.128,77.505,133.856,195.0,ACT,
177,49,Braelon Allen,RB,NYJ,14.0,10.619,78.559,7.398,5.611,36.122,77.499,133.85,178.0,ACT,
178,25,Cade Otton,TE,TB,14.0,11.358,78.485,6.91,5.606,10.867,69.447,136.008,,ACT,
179,32,Case Keenum,QB,CHI,14.0,7.049,78.244,11.1,5.589,10.626,69.206,135.767,,ACT,
180,33,Tua Tagovailoa,QB,ATL,14.0,7.85,77.168,9.83,5.512,26.147,76.123,137.676,,ACT,
181,50,Chris Rodriguez Jr.,RB,JAX,14.0,10.916,75.529,6.919,5.395,33.092,74.469,130.819,187.0,ACT,
182,51,Keaton Mitchell,RB,LAC,14.0,10.791,74.246,6.88,5.303,31.809,73.186,129.536,192.0,ACT,
183,34,Michael Penix Jr.,QB,ATL,14.0,7.294,74.192,10.171,5.299,6.574,65.154,131.716,,ACT,
184,74,Ted Hurst III,WR,TB,14.0,10.916,73.603,6.743,5.257,5.986,64.565,131.127,,ACT,
185,75,Kalif Raymond,WR,CHI,14.0,11.325,73.22,6.466,5.23,5.603,64.182,130.744,,ACT,
186,52,Ty Johnson,RB,BUF,14.0,10.384,72.225,6.955,5.159,29.788,71.165,127.516,238.0,ACT,
187,76,Troy Franklin,WR,DEN,14.0,11.694,71.38,6.104,5.099,28.943,70.32,126.671,262.0,ACT,
188,77,Elic Ayomanor,WR,TEN,14.0,10.85,70.739,6.52,5.053,3.121,61.701,128.263,,ACT,
189,78,Calvin Ridley,WR,TEN,14.0,10.082,69.978,6.941,4.998,27.541,68.918,125.269,171.0,ACT,
190,53,Najee Harris,RB,NYG,14.0,9.994,69.729,6.977,4.981,27.292,68.669,125.02,180.0,ACT,
191,79,Xavier Legette,WR,CAR,14.0,10.103,68.966,6.826,4.926,17.945,67.921,129.474,249.0,ACT,
192,54,Ray Davis,RB,BUF,14.0,11.087,68.561,6.184,4.897,17.539,67.515,129.069,216.0,ACT,
193,35,Carson Wentz,QB,MIN,14.0,6.346,67.403,10.621,4.814,16.382,66.357,127.911,,ACT,
194,55,Justice Hill,RB,BAL,14.0,11.08,66.199,5.974,4.728,27.856,64.325,110.113,239.0,ACT,
195,56,MarShawn Lloyd,RB,GB,14.0,9.05,65.481,7.236,4.677,27.138,63.607,109.395,136.0,ACT,
196,36,Max Brosmer,QB,MIN,14.0,8.969,65.42,7.294,4.673,17.735,61.209,113.097,,ACT,
197,26,Michael Mayer,TE,LV,14.0,10.754,65.377,6.079,4.67,17.692,61.166,113.054,,ACT,
198,80,Antonio Williams,WR,WAS,14.0,10.481,63.079,6.019,4.506,15.394,58.868,110.756,,ACT,
199,81,Mack Hollins,WR,NE,14.0,10.539,62.82,5.961,4.487,15.136,58.609,110.498,,ACT,
200,57,Kimani Vidal,RB,LAC,14.0,10.177,60.894,5.984,4.35,22.551,59.02,104.809,196.0,ACT,
201,82,Isaiah Williams,WR,NYJ,14.0,10.827,60.525,5.59,4.323,12.841,56.314,108.202,,ACT,
202,58,Ollie Gordon II,RB,MIA,14.0,10.172,59.72,5.871,4.266,12.036,55.509,107.397,,ACT,
203,27,Gunnar Helm,TE,TEN,14.0,10.778,59.231,5.496,4.231,11.546,55.02,106.908,,ACT,
204,83,Darnell Mooney,WR,NYG,14.0,10.91,58.884,5.397,4.206,11.199,54.673,106.561,,ACT,
205,28,Darren Waller,TE,CAR,14.0,9.71,58.375,6.012,4.17,10.69,54.163,106.052,,ACT,
206,84,Pat Bryant,WR,DEN,14.0,10.255,58.337,5.689,4.167,10.652,54.126,106.014,,ACT,
207,85,DeMario Douglas,WR,NE,14.0,10.741,57.757,5.377,4.126,10.073,53.546,105.434,,ACT,
208,86,Isaac TeSlaa,WR,DET,14.0,10.536,56.04,5.319,4.003,8.356,51.829,103.717,,ACT,
209,87,Jalen McMillan,WR,TB,14.0,8.534,55.927,6.554,3.995,17.584,54.053,99.841,149.0,ACT,
210,37,Drew Lock,QB,SEA,14.0,5.674,55.505,9.782,3.965,1.517,52.796,125.885,,ACT,
211,88,Jahan Dotson,WR,ATL,14.0,10.94,55.248,5.05,3.946,7.563,51.036,102.925,,ACT,
212,38,Shedeur Sanders,QB,CLE,14.0,6.751,55.177,8.174,3.941,7.493,50.966,102.854,,ACT,
213,29,Oronde Gadsden II,TE,LAC,14.0,10.458,53.155,5.083,3.797,5.47,48.943,100.832,,ACT,
214,89,Bryce Lance,WR,NO,14.0,11.1,53.067,4.781,3.791,5.382,48.856,100.744,,ACT,
215,30,Tyler Higbee,TE,LA,14.0,9.19,52.633,5.727,3.759,4.948,48.422,100.31,,ACT,
216,31,Chig Okonkwo,TE,WAS,14.0,7.367,52.269,7.095,3.733,0.0,49.559,122.649,245.0,ACT,
217,90,Kendrick Bourne,WR,ARI,14.0,11.091,52.246,4.71,3.732,4.561,48.034,99.923,,ACT,
218,91,Josh Cameron,WR,JAX,14.0,10.402,51.41,4.942,3.672,3.725,47.199,99.087,,ACT,
219,92,Konata Mumpfield,WR,LA,14.0,10.118,51.28,5.068,3.663,3.595,47.069,98.957,,ACT,
220,39,Andy Dalton,QB,PHI,14.0,6.706,50.79,7.574,3.628,3.105,46.579,98.467,,ACT,
221,59,Emanuel Wilson,RB,SEA,14.0,10.277,50.717,4.935,3.623,3.033,46.506,98.394,,ACT,
222,32,Dawson Knox,TE,BUF,14.0,11.108,50.325,4.53,3.595,12.202,53.436,93.813,,ACT,
223,33,Noah Fant,TE,NO,14.0,10.915,50.022,4.583,3.573,11.899,53.134,93.51,,ACT,
224,34,Mike Gesicki,TE,CIN,14.0,9.74,49.645,5.097,3.546,11.522,52.756,93.133,,ACT,
225,40,Jayden Daniels,QB,WAS,14.0,3.158,49.361,15.63,3.526,7.073,38.249,110.79,73.0,ACT,
226,35,Evan Engram,TE,DEN,14.0,11.038,49.285,4.465,3.52,11.162,52.397,92.773,,ACT,
227,93,Brycen Tremayne,WR,CAR,14.0,10.683,48.976,4.585,3.498,10.853,52.088,92.464,,ACT,
228,60,Josh Jacobs,RB,GB,14.0,4.413,48.037,10.884,3.431,5.749,36.925,109.466,43.0,EXE,
229,94,Dohnte Meyers,WR,CIN,14.0,10.635,47.747,4.49,3.411,9.624,50.859,91.235,,ACT,
230,36,Tommy Tremble,TE,CAR,14.0,10.913,47.745,4.375,3.41,9.622,50.857,91.233,,ACT,
231,37,Cole Kmet,TE,CHI,14.0,11.364,47.56,4.185,3.397,9.437,50.671,91.048,,ACT,
232,95,Darius Slayton,WR,IND,14.0,5.952,47.311,7.949,3.379,5.023,36.199,108.74,254.0,ACT,
233,96,Germie Bernard,WR,PIT,14.0,8.98,45.881,5.109,3.277,7.758,48.993,89.369,,ACT,
234,41,Kenny Pickett,QB,CAR,14.0,6.478,45.842,7.077,3.274,3.555,34.73,107.271,,ACT,
235,97,Roman Wilson,WR,PIT,14.0,8.444,45.568,5.397,3.255,7.445,48.68,89.056,,ACT,
236,98,Caleb Douglas,WR,MIA,14.0,4.977,45.454,9.133,3.247,3.167,34.343,106.884,209.0,ACT,
237,99,Josh Palmer,WR,BUF,14.0,9.631,45.303,4.704,3.236,3.015,34.191,106.732,,ACT,
238,38,Darnell Washington,TE,PIT,14.0,10.132,45.006,4.442,3.215,6.883,48.117,88.494,,ACT,
239,100,Laquon Treadwell,WR,IND,14.0,10.587,44.346,4.189,3.168,6.223,47.458,87.834,,ACT,
240,39,Colby Parkinson,TE,LA,14.0,10.991,43.973,4.001,3.141,5.85,47.085,87.461,,ACT,
241,42,Mac Jones,QB,SF,14.0,5.808,43.691,7.522,3.121,1.403,32.579,105.12,,ACT,
242,101,Tyquan Thornton,WR,KC,14.0,9.45,43.512,4.605,3.108,5.389,46.624,87.0,,ACT,
243,40,Noah Gray,TE,KC,14.0,10.858,43.022,3.962,3.073,4.899,46.133,86.51,,ACT,
244,102,Jared Wayne,WR,HOU,14.0,9.39,42.981,4.577,3.07,4.858,46.093,86.469,,ACT,
245,103,Kyle Williams,WR,NE,14.0,10.254,42.519,4.147,3.037,4.396,45.631,86.007,,ACT,
246,104,Tez Johnson,WR,TB,14.0,10.171,42.368,4.165,3.026,4.245,45.48,85.857,,ACT,
247,105,Marquez Valdes-Scantling,WR,LAC,14.0,10.845,42.34,3.904,3.024,4.217,45.451,85.828,,ACT,
248,43,Tommy DeVito,QB,NE,14.0,5.554,42.107,7.581,3.008,3.984,45.218,85.595,,ACT,
249,106,Chris Moore,WR,BAL,14.0,10.62,41.97,3.952,2.998,3.847,45.082,85.459,,ACT,
250,41,Foster Moreau,TE,HOU,14.0,9.946,41.945,4.217,2.996,3.822,45.057,85.433,,ACT,
251,61,George Holani,RB,SEA,14.0,9.574,41.74,4.36,2.981,3.617,44.852,85.229,,ACT,
252,107,Cody White,WR,LV,14.0,9.054,41.03,4.532,2.931,2.907,44.142,84.518,,ACT,
253,108,John Metchie III,WR,CAR,14.0,9.039,40.333,4.462,2.881,2.21,43.445,83.822,,ACT,
254,44,Fernando Mendoza,QB,LV,14.0,4.007,40.078,10.001,2.863,0.0,28.966,101.507,170.0,ACT,
255,42,Mitchell Evans,TE,CAR,14.0,10.375,39.914,3.847,2.851,1.791,43.026,83.402,,ACT,
256,43,Matthew Hibner,TE,BAL,14.0,8.17,39.684,4.857,2.835,1.561,42.796,83.172,,ACT,
257,44,Mason Taylor,TE,NYJ,14.0,8.061,39.421,4.89,2.816,0.0,28.309,100.85,,ACT,
258,62,Raheim Sanders,RB,CLE,14.0,8.909,39.371,4.419,2.812,1.248,42.482,82.859,,ACT,
259,45,Dallas Goedert,TE,PHI,14.0,4.427,39.34,8.886,2.81,0.0,28.228,100.769,116.0,ACT,
260,45,Justin Fields,QB,KC,14.0,3.744,39.272,10.488,2.805,0.0,28.16,100.701,,ACT,
261,63,Will Shipley,RB,PHI,14.0,10.772,39.262,3.645,2.804,1.139,42.373,82.75,,ACT,
262,46,Jeremy Ruckert,TE,NYJ,14.0,9.639,38.591,4.004,2.756,0.468,41.702,82.079,,ACT,
263,64,Nicholas Singleton,RB,TEN,14.0,8.266,38.537,4.662,2.753,0.0,27.425,99.966,194.0,ACT,
264,109,Zachariah Branch,WR,ATL,14.0,10.47,38.48,3.675,2.749,0.357,41.592,81.968,,ACT,
265,47,Austin Hooper,TE,ATL,14.0,10.313,38.366,3.72,2.74,0.243,41.478,81.854,,ACT,
266,110,Skyy Moore,WR,GB,14.0,10.3,37.971,3.687,2.712,0.0,41.083,81.459,,ACT,
267,65,Chris Brooks,RB,GB,14.0,10.141,37.808,3.728,2.701,0.0,40.92,81.296,,ACT,
268,46,Davis Mills,QB,HOU,14.0,4.391,37.22,8.476,2.659,5.612,17.676,74.87,,ACT,
269,66,Michael Carter,RB,TEN,14.0,6.017,36.747,6.107,2.625,5.139,17.203,74.396,,ACT,
270,111,Olamide Zaccheaus,WR,ATL,14.0,9.974,36.436,3.653,2.603,10.652,36.655,78.363,,ACT,
271,47,Spencer Rattler,QB,NO,14.0,4.743,36.35,7.665,2.596,4.742,16.806,74.0,,ACT,
272,48,Daniel Bellinger,TE,TEN,14.0,10.137,36.347,3.586,2.596,10.562,36.565,78.273,,ACT,
273,112,KaVontae Turpin,WR,DAL,14.0,10.624,36.302,3.417,2.593,10.518,36.521,78.228,,ACT,
274,48,Jalon Daniels,QB,TB,14.0,6.404,36.239,5.659,2.588,10.455,36.458,78.165,,ACT,
275,113,Xavier Smith,WR,LA,14.0,10.722,36.074,3.364,2.577,10.289,36.293,78.0,,ACT,
276,67,Austin Ekeler,RB,WAS,14.0,6.321,36.042,5.702,2.574,10.257,36.26,77.968,,ACT,
277,114,Treylon Burks,WR,WAS,14.0,8.818,35.947,4.077,2.568,10.163,36.166,77.873,,ACT,
278,115,Malik McClain,WR,NYJ,14.0,10.857,35.82,3.299,2.559,10.036,36.039,77.746,,ACT,
279,49,Brady Cook,QB,MIA,14.0,3.823,35.54,9.295,2.539,3.933,15.997,73.19,,ACT,
280,49,Elijah Higgins,TE,ARI,14.0,9.849,35.213,3.575,2.515,9.429,35.432,77.139,,ACT,
281,116,Dyami Brown,WR,WAS,14.0,10.032,35.207,3.51,2.515,9.423,35.426,77.133,,ACT,
282,50,Tyson Bagent,QB,CHI,14.0,5.561,35.132,6.318,2.509,3.524,15.588,72.781,,ACT,
283,68,Kaleb Johnson,RB,GB,14.0,9.281,34.9,3.76,2.493,9.116,35.119,76.826,,ACT,
284,51,Gardner Minshew,QB,ARI,14.0,4.661,34.723,7.449,2.48,3.115,15.179,72.372,,ACT,
285,117,A.J. Brown,WR,NE,14.0,2.61,34.694,13.294,2.478,0.0,25.17,87.348,17.0,RES,5.0
286,50,Jonnu Smith,TE,GB,14.0,9.688,34.657,3.577,2.476,8.873,34.876,76.583,,ACT,
287,69,Seth McGowan,RB,IND,14.0,10.484,34.572,3.298,2.469,8.788,34.791,76.498,,ACT,
288,70,Corey Kiner,RB,NE,14.0,9.839,34.356,3.492,2.454,8.571,34.574,76.282,,ACT,
289,52,Quinn Ewers,QB,JAX,14.0,3.632,34.226,9.423,2.445,2.618,14.682,71.876,,ACT,
290,51,Will Kacmarek,TE,MIA,14.0,10.848,34.026,3.137,2.43,8.242,34.245,75.952,,ACT,
291,52,Nate Adkins,TE,DEN,14.0,9.018,33.999,3.77,2.429,8.215,34.218,75.925,,ACT,
292,118,Ryan Miller,WR,MIA,14.0,8.513,33.914,3.984,2.422,8.13,34.133,75.841,,ACT,
293,119,Jack Bech,WR,LV,14.0,6.909,33.876,4.903,2.42,3.671,25.939,77.754,,RES,7.0
294,71,DJ Herman,RB,MIA,14.0,9.283,33.728,3.633,2.409,7.944,33.947,75.654,,ACT,
295,72,Brashard Smith,RB,KC,14.0,9.563,33.57,3.51,2.398,7.785,33.788,75.496,,ACT,
296,53,Eli Raridon,TE,NE,14.0,8.336,33.35,4.001,2.382,1.742,13.806,71.0,,ACT,
297,73,Jaleel McLaughlin,RB,CLE,14.0,8.938,33.269,3.722,2.376,1.661,13.725,70.918,,ACT,
298,74,LeQuint Allen Jr.,RB,JAX,14.0,9.674,33.041,3.415,2.36,7.257,33.26,74.967,,ACT,
299,120,Isaiah Bond,WR,CLE,14.0,9.42,33.037,3.507,2.36,1.429,13.493,70.686,,ACT,
300,53,Joe Flacco,QB,CIN,14.0,4.5,32.795,7.288,2.342,1.187,13.251,70.444,,ACT,
301,121,Travis Hunter,WR,JAX,14.0,5.928,32.579,5.496,2.327,1.225,22.781,100.114,224.0,ACT,
302,122,LaJohntay Wester,WR,BAL,14.0,10.287,32.548,3.164,2.325,6.764,32.767,74.475,,ACT,
303,75,Jordan James,RB,SF,14.0,6.751,32.395,4.798,2.314,1.041,22.597,99.93,169.0,ACT,
304,123,Jayden Reed,WR,GB,14.0,3.854,32.36,8.397,2.311,1.006,22.561,99.894,95.0,ACT,
305,54,Tyler Huntley,QB,BAL,14.0,3.693,32.0,8.665,2.286,0.392,12.456,69.65,,ACT,
306,76,Devin Singletary,RB,NYG,14.0,6.324,31.975,5.056,2.284,0.367,12.431,69.624,,ACT,
307,54,Theo Johnson,TE,NYG,14.0,7.676,31.94,4.161,2.281,0.332,12.396,69.589,,ACT,
308,124,Cyrus Allen,WR,KC,14.0,7.08,31.927,4.509,2.28,0.573,22.129,99.462,164.0,ACT,
309,77,CJ Donaldson,RB,NO,14.0,10.551,31.926,3.026,2.28,6.141,32.144,73.852,,ACT,
310,55,Brock Wright,TE,DET,14.0,9.54,31.858,3.339,2.276,6.073,32.076,73.784,,ACT,
311,125,Bo Melton,WR,GB,14.0,9.992,31.696,3.172,2.264,5.912,31.915,73.622,,ACT,
312,78,Sione Vaki,RB,DET,14.0,9.511,31.63,3.326,2.259,5.846,31.849,73.557,,ACT,
313,126,Marvin Mims Jr.,WR,DEN,14.0,8.094,31.585,3.902,2.256,0.0,12.041,69.234,,ACT,
314,56,Brevyn Spann-Ford,TE,DAL,14.0,10.448,31.534,3.018,2.252,5.749,31.753,73.46,,ACT,
315,55,Tyrod Taylor,QB,GB,14.0,3.681,31.493,8.555,2.249,0.0,11.949,69.142,,ACT,
316,57,John Bates,TE,WAS,14.0,8.879,31.429,3.539,2.245,5.644,31.647,73.355,,ACT,
317,58,Davis Allen,TE,LA,14.0,9.723,31.339,3.223,2.239,5.555,31.558,73.266,,ACT,
318,79,AJ Dillon,RB,CAR,14.0,9.35,31.1,3.326,2.221,5.316,31.319,73.027,,ACT,
319,127,Jaylin Lane,WR,WAS,14.0,10.062,31.083,3.089,2.22,5.298,31.302,73.009,,ACT,
320,128,Kevin Coleman Jr.,WR,MIA,14.0,8.49,30.973,3.648,2.212,5.189,31.192,72.899,,ACT,
321,80,DeeJay Dallas,RB,MIN,14.0,10.934,30.853,2.822,2.204,5.068,31.071,72.779,,ACT,
322,81,Ameer Abdullah,RB,JAX,14.0,10.569,30.82,2.916,2.201,5.036,31.039,72.746,,ACT,
323,129,Jordan Whittington,WR,LA,14.0,9.76,30.686,3.144,2.192,0.0,11.142,68.335,,ACT,
324,130,Malik Benson,WR,LV,14.0,10.43,30.53,2.927,2.181,4.746,30.749,72.456,,ACT,
325,131,Darius Cooper,WR,PHI,14.0,9.042,30.343,3.356,2.167,4.558,30.561,72.269,,ACT,
326,59,Drew Sample,TE,CIN,14.0,8.936,30.111,3.37,2.151,4.326,30.33,72.037,,ACT,
327,132,Devontez Walker,WR,BAL,14.0,8.045,29.751,3.698,2.125,3.967,29.97,71.677,,ACT,
328,82,Tyler Badie,RB,DEN,14.0,8.795,29.743,3.382,2.124,3.958,29.961,71.669,,ACT,
329,56,Anthony Richardson,QB,IND,14.0,3.816,29.313,7.682,2.094,0.0,9.769,66.962,,ACT,
330,60,Ben Sinnott,TE,WAS,14.0,9.053,28.979,3.201,2.07,3.194,29.197,70.905,,ACT,
331,61,Nate Boerkircher,TE,JAX,14.0,8.48,28.877,3.405,2.063,3.093,29.096,70.804,,ACT,
332,57,Jack Strand,QB,ATL,14.0,4.23,28.735,6.794,2.053,0.0,9.192,66.385,,ACT,
333,133,J. Michael Sturdivant,WR,GB,14.0,8.789,28.557,3.249,2.04,2.773,28.776,70.483,,ACT,
334,58,Sam Howell,QB,DAL,14.0,3.351,28.154,8.402,2.011,0.0,8.611,65.804,,ACT,
335,59,Joshua Dobbs,QB,DET,14.0,3.931,27.974,7.115,1.998,0.0,8.43,65.623,,ACT,
336,83,Zach Charbonnet,RB,SEA,14.0,2.897,27.857,9.614,1.99,0.0,18.759,90.568,143.0,RES,4.0
337,62,Sam Roush,TE,CHI,14.0,8.887,27.577,3.103,1.97,1.792,27.796,69.503,,ACT,
338,134,Efton Chism III,WR,NE,14.0,8.449,27.274,3.228,1.948,1.49,27.493,69.201,,ACT,
339,135,Tory Horton,WR,SEA,14.0,6.07,27.25,4.489,1.946,1.465,27.468,69.176,,ACT,
340,136,Ben Skowronek,WR,PIT,14.0,9.263,27.045,2.92,1.932,1.261,27.264,68.972,,ACT,
341,137,Myles Price,WR,MIN,14.0,10.101,26.542,2.628,1.896,9.046,29.304,53.959,,ACT,
342,84,Dare Ogunbowale,RB,HOU,14.0,8.934,26.522,2.969,1.894,9.027,29.284,53.939,,ACT,
343,63,Mo Alie-Cox,TE,IND,14.0,8.511,26.472,3.11,1.891,8.977,29.234,53.889,,ACT,
344,138,KhaDarel Hodge,WR,SF,14.0,9.754,26.457,2.712,1.89,8.961,29.219,53.874,,ACT,
345,139,Elijah Moore,WR,PHI,14.0,6.556,26.436,4.032,1.888,2.988,15.285,51.449,,ACT,
346,64,Johnny Mundt,TE,PHI,14.0,9.154,26.139,2.855,1.867,8.643,28.901,53.556,,ACT,
347,60,Mitchell Trubisky,QB,TEN,14.0,2.839,26.098,9.194,1.864,2.65,14.948,51.112,,ACT,
348,140,Odell Beckham Jr.,WR,NYG,14.0,7.577,26.069,3.44,1.862,8.574,28.831,53.487,,ACT,
349,61,Mason Rudolph,QB,PIT,14.0,3.745,25.935,6.924,1.853,2.487,14.785,50.949,,ACT,
350,65,Adam Trautman,TE,DEN,14.0,7.344,25.931,3.531,1.852,2.483,14.781,50.945,,ACT,
351,141,Jalen Tolbert,WR,MIA,14.0,6.178,25.62,4.147,1.83,2.172,14.47,50.634,,ACT,
352,85,Kendre Miller,RB,NO,14.0,6.689,25.375,3.794,1.812,7.879,28.136,52.792,,ACT,
353,66,Durham Smythe,TE,BAL,14.0,8.973,25.256,2.815,1.804,1.808,14.106,50.27,,ACT,
354,67,Luke Farrell,TE,SF,14.0,9.489,25.177,2.653,1.798,7.682,27.939,52.595,,ACT,
355,62,Cooper Rush,QB,ATL,14.0,3.204,25.144,7.847,1.796,1.696,13.994,50.158,,ACT,
356,86,Tahj Brooks,RB,CIN,14.0,8.403,25.136,2.991,1.795,7.64,27.898,52.553,,ACT,
357,68,Eric Saubert,TE,SEA,14.0,9.885,25.013,2.53,1.787,7.518,27.775,52.43,,ACT,
358,142,Jamaal Pritchett,WR,NYJ,14.0,10.248,24.998,2.439,1.786,7.503,27.76,52.415,,ACT,
359,87,Kaytron Allen,RB,WAS,14.0,8.257,24.893,3.015,1.778,1.445,13.743,49.907,,ACT,
360,69,Jackson Hawes,TE,BUF,14.0,7.642,24.878,3.255,1.777,7.382,27.64,52.295,,ACT,
361,143,Alec Pierce,WR,IND,14.0,2.471,24.876,10.067,1.777,0.241,17.178,77.939,71.0,RES,6.0
362,63,Kyle Allen,QB,BUF,14.0,3.833,24.772,6.463,1.769,1.323,13.621,49.785,,ACT,
363,144,Greg Dortch,WR,BUF,14.0,9.582,24.691,2.577,1.764,7.195,27.452,52.108,,ACT,
364,88,Isaiah Davis,RB,NYJ,14.0,8.903,24.541,2.756,1.753,7.045,27.303,51.958,,ACT,
365,145,Kaden Wetjen,WR,PIT,14.0,10.222,24.422,2.389,1.744,6.927,27.184,51.839,,ACT,
366,89,Jordan Mason,RB,MIN,14.0,3.051,24.282,7.96,1.734,0.0,15.884,82.17,120.0,RES,5.0
367,70,Josh Oliver,TE,MIN,14.0,7.232,24.262,3.355,1.733,5.844,24.418,54.209,,RES,8.0
368,146,Jalen Royals,WR,KC,14.0,8.231,24.198,2.94,1.728,6.702,26.96,51.615,,ACT,
369,64,Trey Lance,QB,LAC,14.0,2.758,24.066,8.725,1.719,0.618,12.915,49.079,,ACT,
370,147,Colbie Young,WR,CIN,14.0,8.719,24.061,2.759,1.719,6.565,26.822,51.478,,ACT,
371,90,Demond Claiborne,RB,MIN,14.0,8.727,24.05,2.756,1.718,6.555,26.812,51.467,,ACT,
372,148,Tai Felton,WR,MIN,14.0,7.702,24.036,3.121,1.717,6.541,26.798,51.453,,ACT,
373,91,Tyler Goodson,RB,DAL,14.0,8.048,23.743,2.95,1.696,6.248,26.505,51.161,,ACT,
374,71,Luke Schoonmaker,TE,DAL,14.0,8.579,23.708,2.764,1.693,6.212,26.47,51.125,,ACT,
375,65,Stetson Bennett,QB,LA,14.0,4.019,23.597,5.871,1.685,0.149,12.447,48.611,,ACT,
376,149,Tay Martin,WR,DET,14.0,9.293,23.501,2.529,1.679,0.053,12.35,48.514,,ACT,
377,72,Tanner Hudson,TE,CIN,14.0,8.655,23.37,2.7,1.669,5.875,26.132,50.787,,ACT,
378,92,Hunter Luepke,RB,DAL,14.0,8.187,23.34,2.851,1.667,0.0,12.189,48.353,,ACT,
379,66,Zach Wilson,QB,NO,14.0,3.458,23.219,6.715,1.658,0.0,12.068,48.232,,ACT,
380,73,Blake Whiteheart,TE,CLE,14.0,7.657,23.201,3.03,1.657,0.0,12.05,48.214,,ACT,
381,74,Elijah Arroyo,TE,SEA,14.0,7.875,23.095,2.933,1.65,0.0,11.945,48.109,,ACT,
382,75,Keleki Latu,TE,BUF,14.0,9.394,23.08,2.457,1.649,0.0,11.93,48.094,,ACT,
383,150,Derius Davis,WR,LAC,14.0,9.877,23.052,2.334,1.647,5.557,25.814,50.469,,ACT,
384,76,Josh Whyle,TE,GB,14.0,6.125,22.942,3.745,1.639,0.0,11.792,47.956,,ACT,
385,67,Joe Fagnano,QB,BAL,14.0,3.013,22.835,7.578,1.631,0.0,11.684,47.849,,ACT,
386,151,Jacob Cowing,WR,SF,14.0,8.822,22.609,2.563,1.615,5.114,25.371,50.026,,ACT,
387,68,Kurtis Rourke,QB,SF,14.0,3.013,22.568,7.49,1.612,0.0,11.418,47.582,,ACT,
388,69,Haynes King,QB,CAR,14.0,3.013,22.556,7.486,1.611,0.0,11.406,47.57,,ACT,
389,70,Behren Morton,QB,NE,14.0,3.013,22.441,7.447,1.603,0.0,11.291,47.455,,ACT,
390,93,Rasheen Ali,RB,BAL,14.0,9.51,22.421,2.358,1.602,4.926,25.183,49.838,,ACT,
391,71,Jarrett Stidham,QB,DEN,14.0,3.767,22.312,5.924,1.594,0.0,11.161,47.325,,ACT,
392,72,Carson Beck,QB,ARI,14.0,3.013,22.299,7.4,1.593,0.0,11.149,47.313,,ACT,
393,73,Ty Simpson,QB,LA,14.0,3.013,22.223,7.375,1.587,0.0,11.073,47.237,,ACT,
394,74,Taylen Green,QB,CLE,14.0,3.013,22.213,7.372,1.587,0.0,11.062,47.226,,ACT,
395,77,Ian Thomas,TE,LV,14.0,7.825,22.168,2.833,1.583,0.0,11.017,47.181,,ACT,
396,75,Garrett Nussmeier,QB,KC,14.0,3.013,22.162,7.355,1.583,0.0,11.011,47.175,,ACT,
397,76,Will Howard,QB,PIT,14.0,3.013,22.15,7.351,1.582,0.0,10.999,47.163,,ACT,
398,78,Colson Yankoff,TE,WAS,14.0,8.844,22.089,2.498,1.578,4.593,24.851,49.506,,ACT,
399,94,Kene Nwangwu,RB,NYJ,14.0,7.635,21.838,2.86,1.56,0.0,10.688,46.852,,ACT,
400,152,Jahdae Walker,WR,CHI,14.0,5.554,21.801,3.925,1.557,0.0,10.65,46.814,,ACT,
401,153,Malachi Corley,WR,CLE,14.0,9.351,21.797,2.331,1.557,4.301,24.559,49.214,,ACT,
402,77,DJ Uiagalelei,QB,LAC,14.0,3.013,21.678,7.194,1.548,0.0,10.528,46.692,,ACT,
403,78,Riley Leonard,QB,IND,14.0,2.663,21.664,8.135,1.547,0.0,10.514,46.678,,ACT,
404,95,Sean Tucker,RB,TB,14.0,7.149,21.603,3.022,1.543,0.0,10.452,46.616,,ACT,
405,79,Cade Stover,TE,HOU,14.0,7.131,21.453,3.008,1.532,0.0,10.303,46.467,,ACT,
406,79,Cole Payton,QB,PHI,14.0,2.852,21.104,7.399,1.507,0.0,9.953,46.117,,ACT,
407,80,Athan Kaliakmanis,QB,WAS,14.0,2.823,21.019,7.447,1.501,0.0,9.868,46.032,,ACT,
408,81,Drew Allar,QB,PIT,14.0,2.852,20.965,7.351,1.498,0.0,9.815,45.979,,ACT,
409,96,Isiah Pacheco,RB,DET,14.0,2.524,20.868,8.267,1.491,0.0,12.939,61.865,185.0,RES,4.0
410,154,Devin Duvernay,WR,ARI,14.0,10.36,20.783,2.006,1.484,3.287,23.545,48.2,,ACT,
411,80,Quintin Morris,TE,JAX,14.0,8.372,20.544,2.454,1.467,0.0,9.393,45.557,,ACT,
412,155,Britain Covey,WR,PHI,14.0,9.899,20.512,2.072,1.465,3.016,23.274,47.929,,ACT,
413,82,J.J. McCarthy,QB,NYG,14.0,2.171,20.349,9.371,1.454,0.0,9.199,45.363,,ACT,
414,156,Jonathan Mingo,WR,DAL,14.0,7.535,20.335,2.699,1.453,0.0,9.185,45.349,,ACT,
415,157,Chris Blair,WR,ATL,14.0,8.912,20.141,2.26,1.439,2.646,22.903,47.558,,ACT,
416,97,Emari Demercado,RB,DAL,14.0,5.954,20.037,3.365,1.431,0.0,8.886,45.05,,ACT,
417,98,Dylan Laube,RB,LV,14.0,9.851,20.005,2.031,1.429,2.51,22.767,47.422,,ACT,
418,158,Zavion Thomas,WR,CHI,14.0,8.738,19.846,2.271,1.418,2.35,22.607,47.263,,ACT,
419,99,Jacob Saylors,RB,DET,14.0,9.098,19.75,2.171,1.411,2.254,22.512,47.167,,ACT,
420,100,Bam Knight,RB,ARI,14.0,5.894,19.285,3.272,1.378,0.0,8.135,44.299,,ACT,
421,159,Jordan Watkins,WR,SF,14.0,5.517,19.176,3.476,1.37,1.681,21.938,46.593,,ACT,
422,101,Jonathon Brooks,RB,CAR,14.0,2.772,19.083,6.885,1.363,0.996,12.374,53.773,98.0,RES,7.0
423,160,Tom Kennedy,WR,DET,14.0,9.257,18.826,2.034,1.345,1.331,21.588,46.243,,ACT,
424,161,Braxton Berrios,WR,NYG,14.0,9.362,18.409,1.966,1.315,0.914,21.171,45.826,,ACT,
425,81,Charlie Woerner,TE,ATL,14.0,7.181,18.398,2.562,1.314,0.0,7.247,43.411,,ACT,
426,162,Dareke Young,WR,LV,14.0,9.075,18.373,2.025,1.312,0.878,21.135,45.79,,ACT,
427,163,Jalen Brooks,WR,ARI,14.0,8.299,18.342,2.21,1.31,0.846,21.104,45.759,,ACT,
428,102,Brady Russell,RB,SEA,14.0,7.716,18.176,2.356,1.298,0.681,20.938,45.593,,ACT,
429,164,Mitchell Tinsley,WR,CIN,14.0,5.475,18.072,3.301,1.291,0.577,20.834,45.489,,ACT,
430,82,Josh Cuevas,TE,BAL,14.0,6.403,17.91,2.797,1.279,0.414,20.672,45.327,,ACT,
431,83,Andrew Ogletree,TE,IND,14.0,7.851,17.873,2.276,1.277,0.0,6.722,42.886,,ACT,
432,103,Patrick Ricard,RB,NYG,14.0,6.525,17.862,2.738,1.276,0.0,6.712,42.876,,ACT,
433,84,Ja'Tavion Sanders,TE,CAR,14.0,4.742,17.855,3.765,1.275,0.0,6.705,42.869,,ACT,
434,165,Kameron Johnson,WR,TB,14.0,9.523,17.783,1.867,1.27,0.288,20.545,45.201,,ACT,
435,85,Erick All,TE,CIN,14.0,5.711,17.684,3.096,1.263,0.0,6.534,42.698,,ACT,
436,104,Max Bredeson,RB,MIN,14.0,6.89,17.671,2.564,1.262,0.175,20.432,45.088,,ACT,
437,105,Ben VanSumeren,RB,KC,14.0,7.308,17.609,2.409,1.258,0.113,20.371,45.026,,ACT,
438,166,Deion Burks,WR,IND,14.0,8.266,17.56,2.124,1.254,0.0,6.41,42.574,,ACT,
439,106,Travis Homer,RB,PIT,14.0,9.269,17.543,1.893,1.253,0.048,20.305,44.961,,ACT,
440,86,Payne Durham,TE,TB,14.0,7.171,17.465,2.435,1.248,0.0,20.227,44.882,,ACT,
441,87,Hunter Long,TE,ARI,14.0,8.368,17.199,2.055,1.229,0.0,19.961,44.616,,ACT,
442,107,Jonah Coleman,RB,DEN,14.0,2.337,17.112,7.324,1.222,0.0,10.402,51.802,168.0,RES,6.0
443,108,Dylan Sampson,RB,CLE,14.0,2.595,16.703,6.436,1.193,0.0,9.384,54.547,205.0,RES,5.0
444,109,Roschon Johnson,RB,CHI,14.0,6.952,16.394,2.358,1.171,0.0,5.243,41.407,,ACT,
445,88,Kylen Granson,TE,TEN,14.0,5.323,16.393,3.08,1.171,0.0,5.243,41.407,,ACT,
446,167,Luke McCaffrey,WR,WAS,14.0,6.366,16.353,2.569,1.168,7.002,17.783,36.516,,ACT,
447,89,Jelani Woods,TE,NYJ,14.0,6.077,16.237,2.672,1.16,6.887,17.668,36.401,,ACT,
448,110,Malik Davis,RB,DAL,14.0,2.624,16.221,6.181,1.159,0.0,8.291,57.218,258.0,RES,4.0
449,83,Cade Klubnik,QB,NYJ,14.0,2.162,15.966,7.386,1.14,2.591,7.693,34.945,,ACT,
450,84,Kyle McCord,QB,MIA,14.0,2.162,15.934,7.371,1.138,2.559,7.661,34.912,,ACT,
451,168,Lil'Jordan Humphrey,WR,DEN,14.0,4.848,15.537,3.205,1.11,2.163,7.265,34.516,,ACT,
452,111,Julius Chestnut,RB,TEN,14.0,8.763,15.167,1.731,1.083,5.817,16.598,35.331,,ACT,
453,169,Tutu Atwell,WR,LA,14.0,4.829,15.105,3.128,1.079,1.731,6.833,34.084,,ACT,
454,90,David Martin-Robinson,TE,TEN,14.0,6.368,14.941,2.346,1.067,1.566,6.668,33.919,,ACT,
455,170,Ja'Kobi Lane,WR,BAL,14.0,2.456,14.928,6.078,1.066,0.0,7.608,52.771,200.0,RES,5.0
456,91,Robert Tonyan,TE,PIT,14.0,6.687,14.899,2.228,1.064,5.549,16.33,35.063,,ACT,
457,171,Anthony Gould,WR,IND,14.0,7.92,14.847,1.875,1.061,5.497,16.278,35.01,,ACT,
458,112,Reggie Gilliam,RB,NE,14.0,5.804,14.369,2.476,1.026,0.995,6.097,33.348,,ACT,
459,172,Nikko Remigio,WR,KC,14.0,8.602,14.265,1.658,1.019,4.915,15.696,34.429,,ACT,
460,92,Bauer Sharp,TE,TB,14.0,7.936,14.113,1.778,1.008,4.763,15.544,34.277,,ACT,
461,85,Tanner McKee,QB,PHI,14.0,1.717,13.988,8.148,0.999,0.614,5.716,32.967,,ACT,
462,86,Jalen Milroe,QB,SEA,14.0,2.617,13.81,5.276,0.986,0.435,5.537,32.788,,ACT,
463,93,Tyler Conklin,TE,DET,14.0,4.823,13.653,2.831,0.975,0.279,5.381,32.632,,ACT,
464,94,Carsen Ryan,TE,CLE,14.0,7.881,13.443,1.706,0.96,4.092,14.873,33.606,,ACT,
465,113,Eli Heidenreich,RB,PIT,14.0,6.406,13.43,2.097,0.959,0.056,5.158,32.409,,ACT,
466,95,E.J. Jenkins,TE,PHI,14.0,6.34,12.947,2.042,0.925,3.596,14.377,33.11,,ACT,
467,114,British Brooks,RB,HOU,14.0,6.529,12.621,1.933,0.901,0.0,4.349,31.6,,ACT,
468,96,Oscar Delp,TE,NO,14.0,6.327,12.597,1.991,0.9,0.0,4.325,31.576,,ACT,
469,97,Cameron Latu,TE,NE,14.0,7.962,12.509,1.571,0.894,3.159,13.94,32.673,,ACT,
470,98,Max Klare,TE,LA,14.0,4.144,12.422,2.997,0.887,0.0,4.149,31.401,,ACT,
471,99,Brayden Willis,TE,SF,14.0,8.969,12.072,1.346,0.862,2.722,13.503,32.236,,ACT,
472,100,Marlin Klein,TE,HOU,14.0,5.76,12.014,2.086,0.858,0.0,3.741,30.992,,ACT,
473,101,Jackson Meeks,TE,DET,14.0,5.703,11.912,2.089,0.851,2.562,13.343,32.076,,ACT,
474,173,Tylan Wallace,WR,CLE,14.0,6.611,11.758,1.778,0.84,2.407,13.188,31.921,,ACT,
475,115,Andrew Beck,RB,NYJ,14.0,3.483,11.652,3.345,0.832,0.0,3.38,30.631,,ACT,
476,116,James Conner,RB,ARI,14.0,1.509,11.497,7.619,0.821,0.0,2.355,26.267,206.0,RES,4.0
477,174,Charlie Jones,WR,NYG,14.0,6.001,11.205,1.867,0.8,1.855,12.636,31.369,,ACT,
478,175,Marquise Brown,WR,PHI,14.0,2.483,11.088,4.465,0.792,0.0,2.816,30.067,,ACT,
479,102,Tanner Koziol,TE,JAX,14.0,3.483,10.74,3.083,0.767,0.0,2.468,29.719,,ACT,
480,103,Tanner Arkin,TE,NE,14.0,3.483,10.692,3.069,0.764,0.0,2.42,29.671,,ACT,
481,104,Seydou Traore,TE,MIA,14.0,3.52,10.537,2.993,0.753,0.0,2.265,29.516,,ACT,
482,105,Justin Joly,TE,MIA,14.0,3.483,10.426,2.993,0.745,0.0,2.154,29.405,,ACT,
483,87,Sam Ehlinger,QB,DEN,14.0,1.323,10.413,7.872,0.744,0.0,2.141,29.392,,ACT,
484,106,Jake Briningstool,TE,KC,14.0,6.107,10.233,1.676,0.731,0.883,11.664,30.397,,ACT,
485,176,Demarcus Robinson,WR,SF,14.0,2.313,10.178,4.401,0.727,0.0,3.679,25.09,,RES,6.0
486,107,Hayden Rucci,TE,LAC,14.0,6.468,10.103,1.562,0.722,0.753,11.534,30.267,,ACT,
487,108,Feleipe Franks,TE,CAR,14.0,8.603,10.051,1.168,0.718,0.701,11.482,30.215,,ACT,
488,177,Omar Cooper Jr.,WR,NYJ,14.0,2.031,9.97,4.908,0.712,0.0,1.531,23.603,207.0,RES,5.0
489,178,Simi Fehoko,WR,ARI,14.0,6.355,9.93,1.563,0.709,0.58,11.36,30.093,,ACT,
490,117,DJ Giddens,RB,IND,14.0,3.326,9.532,2.866,0.681,0.0,1.26,28.511,,ACT,
491,109,Ko Kieft,TE,TB,14.0,6.191,9.517,1.537,0.68,0.166,10.947,29.68,,ACT,
492,179,Elijah Sarratt,WR,BAL,14.0,2.691,9.345,3.473,0.667,0.0,1.072,28.324,,ACT,
493,180,Barion Brown,WR,NO,14.0,4.43,9.317,2.103,0.665,0.0,1.045,28.296,,ACT,
494,181,Skyler Bell,WR,BUF,14.0,2.691,8.922,3.316,0.637,0.0,0.65,27.901,,ACT,
495,110,Chris Manhertz,TE,NYG,14.0,4.597,8.74,1.901,0.624,0.0,0.467,27.719,,ACT,
496,182,Jordyn Tyson,WR,NO,14.0,1.533,8.63,5.63,0.616,0.0,0.0,23.399,189.0,RES,4.0
497,111,Jack Endries,TE,CIN,14.0,2.852,8.598,3.014,0.614,0.0,0.325,27.577,,ACT,
498,112,Mark Redman,TE,GB,14.0,2.823,8.591,3.044,0.614,0.0,0.319,27.57,,ACT,
499,113,Dallen Bentley,TE,DEN,14.0,2.852,8.51,2.984,0.608,0.0,0.238,27.489,,ACT,
500,183,C.J. Williams,WR,JAX,14.0,2.53,8.489,3.356,0.606,0.0,0.217,27.468,,ACT,
501,184,Andrei Iosivas,WR,CIN,14.0,1.852,8.376,4.524,0.598,0.0,1.876,23.288,,RES,7.0
502,114,Charlie Kolar,TE,LAC,14.0,2.765,8.241,2.98,0.589,0.0,0.0,27.22,,ACT,
503,115,David Njoku,TE,LAC,14.0,2.064,8.146,3.946,0.582,0.0,1.647,23.058,,RES,6.0
504,185,Camden Brown,WR,DAL,14.0,2.53,8.114,3.207,0.58,0.0,0.0,27.093,,ACT,
505,116,Nick Kallerup,TE,SEA,14.0,5.336,8.112,1.52,0.579,0.0,0.0,27.091,,ACT,
506,186,Jayden Higgins,WR,HOU,14.0,1.342,7.921,5.9,0.566,0.0,0.239,25.544,,RES,4.0
507,187,Brenen Thompson,WR,LAC,14.0,2.693,7.884,2.928,0.563,1.611,5.731,19.31,,ACT,
508,188,Reggie Virgil,WR,ARI,14.0,2.369,7.804,3.295,0.557,1.531,5.651,19.23,,ACT,
509,189,CJ Daniels,WR,LA,14.0,2.369,7.745,3.27,0.553,1.471,5.591,19.17,,ACT,
510,117,Nick Muse,TE,ATL,14.0,6.5,7.603,1.17,0.543,2.73,8.553,20.232,,ACT,
511,190,De'Zhaun Stribling,WR,SF,14.0,1.167,7.578,6.491,0.541,0.0,0.0,21.212,127.0,RES,5.0
512,191,Christian Kirk,WR,SF,14.0,1.511,7.454,4.932,0.532,0.0,0.0,25.077,,RES,4.0
513,192,Gunner Olszewski,WR,NYG,14.0,2.066,7.164,3.467,0.512,1.338,5.164,17.773,,RES,4.0
514,193,Malick Meiga,WR,SEA,14.0,2.162,7.11,3.289,0.508,0.837,4.957,18.536,,EXE,
515,118,Julian Hill,TE,NE,14.0,1.981,6.823,3.444,0.487,0.998,4.824,17.433,,RES,4.0
516,119,Gavin Bartholomew,TE,MIN,14.0,2.162,6.715,3.106,0.48,0.442,4.562,18.141,,ACT,
517,194,David Sills,WR,TB,14.0,1.569,6.68,4.257,0.477,0.855,4.681,17.29,,RES,4.0
518,88,Aidan O'Connell,QB,LV,14.0,0.7,6.44,9.2,0.46,0.167,4.287,17.866,,ACT,
519,195,Montorie Foster Jr,WR,SEA,14.0,4.061,6.406,1.577,0.458,0.133,4.253,17.832,,ACT,
520,118,Jeremy McNichols,RB,WAS,14.0,1.734,6.214,3.584,0.444,0.389,4.215,16.823,,RES,4.0
521,120,Luke Musgrave,TE,GB,14.0,1.424,6.189,4.346,0.442,0.363,4.189,16.798,,RES,4.0
522,196,Calvin Austin III,WR,NYG,14.0,1.52,6.052,3.98,0.432,0.227,4.053,16.661,,RES,4.0
523,197,Tank Dell,WR,HOU,14.0,0.858,5.937,6.917,0.424,0.0,2.289,5.784,215.0,RES,4.0
524,119,Ty Chandler,RB,NO,14.0,1.456,5.615,3.856,0.401,0.0,3.615,16.224,,RES,4.0
525,121,Brevin Jordan,TE,HOU,14.0,2.322,5.571,2.399,0.398,0.0,3.417,16.996,,ACT,
526,120,Kyle Juszczyk,RB,SF,14.0,1.501,5.175,3.449,0.37,0.0,3.022,16.601,,ACT,
527,122,Grant Calcaterra,TE,PHI,14.0,1.716,5.097,2.97,0.364,0.0,3.098,15.707,,RES,4.0
528,198,Ricky Pearsall,WR,SF,14.0,0.804,5.051,6.286,0.361,0.0,3.051,15.66,,RES,4.0
529,121,Connor Heyward,RB,LV,14.0,1.501,5.027,3.35,0.359,0.0,2.874,16.453,,ACT,
530,122,Michael Burton,RB,CLE,14.0,1.501,4.998,3.331,0.357,0.0,2.845,16.424,,ACT,
531,199,Tyrell Shavers,WR,BUF,14.0,1.196,4.99,4.171,0.356,0.0,2.991,15.6,,RES,4.0
532,123,Riley Nowakowski,RB,PIT,14.0,1.501,4.967,3.31,0.355,0.0,2.814,16.393,,ACT,
533,89,Matthew Caldwell,QB,LA,14.0,0.65,4.794,7.375,0.342,0.0,2.794,15.403,,RES,4.0
534,90,Graham Mertz,QB,HOU,14.0,0.65,4.792,7.373,0.342,0.0,2.793,15.402,,RES,4.0
535,124,Alec Ingold,RB,LAC,14.0,1.501,4.732,3.153,0.338,0.0,2.579,16.158,,ACT,
536,200,Tim Patrick,WR,NYJ,14.0,1.45,4.636,3.197,0.331,0.0,2.637,15.246,,RES,4.0
537,123,Jake Tonges,TE,SF,14.0,1.096,4.631,4.225,0.331,0.0,2.786,14.424,,RES,5.0
538,91,Dillon Gabriel,QB,CLE,14.0,0.65,4.571,7.033,0.327,0.0,2.572,15.181,,RES,4.0
539,92,Skylar Thompson,QB,BAL,14.0,0.65,4.46,6.862,0.319,0.0,2.461,15.07,,RES,4.0
540,201,Dont'e Thornton Jr.,WR,LV,14.0,1.306,4.385,3.357,0.313,0.0,2.385,14.994,,RES,4.0
541,202,Mason Tipton,WR,NO,14.0,1.274,4.307,3.379,0.308,0.0,2.308,14.916,,RES,4.0
542,203,Arian Smith,WR,NYJ,14.0,1.555,4.0,2.572,0.286,0.0,2.308,12.977,,RES,6.0
543,124,Ben Yurosek,TE,MIN,14.0,1.763,3.917,2.222,0.28,0.0,1.918,14.527,,RES,4.0
544,125,Treyton Welch,TE,NO,14.0,3.271,3.901,1.193,0.279,0.0,1.748,15.327,,ACT,
545,125,Trevor Etienne,RB,CAR,14.0,1.51,3.777,2.501,0.27,0.0,1.778,14.387,,RES,4.0
546,126,Ronnie Rivers,RB,LA,14.0,1.467,3.49,2.379,0.249,0.0,1.798,12.467,,RES,6.0
547,126,Moliki Matavao,TE,NO,14.0,1.2,3.355,2.797,0.24,0.0,1.356,13.964,,RES,4.0
548,127,Jared Wiley,TE,KC,14.0,2.459,3.241,1.318,0.232,0.0,1.088,14.667,,ACT,
549,127,Trey Benson,RB,ARI,14.0,0.65,3.199,4.922,0.229,0.0,1.2,13.809,,RES,4.0
550,128,Chris Collier,RB,LV,14.0,1.206,3.082,2.556,0.22,0.0,1.083,13.692,,RES,4.0
551,129,Jaylen Wright,RB,MIA,14.0,0.934,2.857,3.058,0.204,0.0,0.704,14.283,,ACT,
552,204,KeAndre Lambert-Smith,WR,LAC,14.0,0.998,2.807,2.812,0.201,0.0,0.962,12.6,,RES,5.0
553,205,D.J. Montgomery,WR,IND,14.0,0.65,2.698,4.151,0.193,0.0,0.699,13.308,,RES,4.0
554,128,Will Mallory,TE,IND,14.0,1.111,2.481,2.234,0.177,0.0,0.481,13.09,,RES,4.0
555,130,Trey Sermon,RB,ATL,14.0,1.308,2.477,1.894,0.177,0.0,0.478,13.087,,RES,4.0
556,131,Adam Randall,RB,BAL,14.0,0.65,2.299,3.537,0.164,0.0,0.3,12.909,,RES,4.0
557,206,Kendrick Law,WR,DET,14.0,0.65,2.216,3.41,0.158,0.0,0.217,12.826,,RES,4.0
558,132,Myles Montgomery,RB,NE,14.0,0.65,2.214,3.406,0.158,0.0,0.215,12.824,,RES,4.0
559,207,Chris Brazzell II,WR,CAR,14.0,0.65,2.197,3.38,0.157,0.0,0.198,12.807,,RES,4.0
560,208,Johnny Wilson,WR,PHI,14.0,0.65,2.196,3.379,0.157,0.0,0.197,12.806,,RES,4.0
561,133,Chip Trayanum,RB,NYJ,14.0,0.65,2.174,3.345,0.155,0.0,0.175,12.784,,RES,4.0
562,209,Jeremiah Webb,WR,NE,14.0,0.65,2.172,3.342,0.155,0.0,0.173,12.782,,RES,4.0
563,210,Corey Rucker,WR,LV,14.0,0.65,2.135,3.285,0.153,0.0,0.136,12.745,,RES,4.0
564,211,Brock Rechsteiner,WR,NO,14.0,0.661,2.114,3.2,0.151,0.0,0.115,12.724,,RES,4.0
565,212,Jimmy Holiday,WR,KC,14.0,0.65,2.112,3.249,0.151,0.0,0.113,12.721,,RES,4.0
566,213,Jeff Caldwell,WR,KC,14.0,0.65,2.112,3.249,0.151,0.0,0.113,12.721,,RES,4.0
567,214,Cole Burgess,WR,PIT,14.0,0.65,2.109,3.245,0.151,0.0,0.11,12.719,,RES,4.0
568,215,Jake Bobo,WR,SEA,14.0,0.893,2.087,2.337,0.149,0.0,0.087,12.696,,RES,4.0
569,134,Scott Matlock,RB,LAC,14.0,0.661,2.084,3.153,0.149,0.0,0.084,12.693,,RES,4.0
570,129,Carson Towt,TE,IND,14.0,0.65,2.012,3.096,0.144,0.0,0.013,12.622,,RES,4.0
571,130,Thomas Yassmin,TE,GB,14.0,0.65,1.978,3.044,0.141,0.0,0.0,12.588,,RES,4.0
572,131,Jameson Geers,TE,ARI,14.0,0.65,1.965,3.022,0.14,0.0,0.0,12.574,,RES,4.0
573,132,Eli Stowers,TE,PHI,14.0,0.65,1.964,3.021,0.14,0.0,0.0,12.573,,RES,4.0
574,133,Joe Royer,TE,CLE,14.0,0.65,1.946,2.994,0.139,0.0,0.0,12.555,,RES,4.0
575,134,Caleb Lohner,TE,DEN,14.0,0.65,1.939,2.984,0.139,0.0,0.0,12.549,,RES,4.0
576,135,Jaren Kanak,TE,TEN,14.0,0.65,1.939,2.982,0.138,0.0,0.0,12.548,,RES,4.0
577,136,John Michael Gyllenborg,TE,KC,14.0,0.65,1.935,2.977,0.138,0.0,0.0,12.544,,RES,4.0
578,137,Hayden Large,TE,CHI,14.0,0.65,1.919,2.953,0.137,0.0,0.0,12.529,,RES,4.0
579,138,DJ Rogers,TE,DAL,14.0,0.65,1.908,2.935,0.136,0.0,0.0,12.517,,RES,4.0
580,135,Brittain Brown,RB,CHI,14.0,0.912,1.807,1.981,0.129,0.0,0.0,12.416,,RES,4.0
581,216,Ashton Dulin,WR,IND,14.0,0.7,1.672,2.388,0.119,0.0,0.0,13.097,,ACT,
582,217,Savion Williams,WR,GB,14.0,0.65,1.578,2.427,0.113,0.0,0.0,12.187,,RES,4.0
583,136,Isaac Guerendo,RB,SF,14.0,0.65,1.553,2.389,0.111,0.0,0.0,12.162,,RES,4.0
584,139,Tip Reiman,TE,ARI,14.0,0.65,1.54,2.37,0.11,0.0,0.0,12.15,,RES,4.0
585,140,Thomas Fidone II,TE,NYG,14.0,1.898,1.533,0.807,0.109,0.0,0.0,12.958,,ACT,
586,137,Robbie Ouzts,RB,SEA,14.0,0.65,1.447,2.227,0.103,0.0,0.0,12.057,,RES,4.0
587,218,Jeshaun Jones,WR,MIN,14.0,0.898,1.384,1.542,0.099,0.0,0.0,12.81,,ACT,
588,219,Beaux Collins,WR,ATL,14.0,0.65,1.365,2.099,0.097,0.0,0.0,11.974,,RES,4.0
589,141,Cole Turner,TE,MIA,14.0,0.65,1.303,2.005,0.093,0.0,0.0,11.913,,RES,4.0
590,142,Nikola Kalinic,TE,CHI,14.0,1.135,1.197,1.054,0.085,0.0,0.0,11.806,,RES,4.0
591,143,Princeton Fant,TE,DAL,14.0,1.079,0.995,0.922,0.071,0.0,0.0,11.605,,RES,4.0
592,144,Carter Runyon,TE,LV,14.0,0.822,0.966,1.175,0.069,0.0,0.0,11.575,,RES,4.0
593,220,Irvin Charles,WR,SEA,14.0,0.65,0.682,1.05,0.049,0.0,0.0,11.292,,RES,4.0
594,138,De'Von Achane,RB,MIA,14.0,0.0,0.0,,0.0,0.0,0.0,0.0,9.0,RES,18.0
595,93,Jaxson Dart,QB,NYG,14.0,0.0,0.0,,0.0,0.0,0.0,0.0,124.0,RES,18.0
