overall_rank,pos_rank,player,position,team,games_left,rest_of_season_points,points_per_game,p10,p50,p90,adp_rank
1,1,Jahmyr Gibbs,RB,DET,15.0,303.779,20.252,194.257,309.101,398.843,1.0
2,1,Jaxon Smith-Njigba,WR,SEA,15.0,278.063,18.538,182.619,280.843,367.67,5.0
3,1,Josh Allen,QB,BUF,15.0,273.011,18.201,179.977,278.12,349.504,34.0
4,2,Bijan Robinson,RB,ATL,15.0,271.565,18.104,162.654,276.998,367.62,2.0
5,2,Amon-Ra St. Brown,WR,DET,15.0,265.208,17.681,167.238,270.059,355.395,7.0
6,3,Ja'Marr Chase,WR,CIN,15.0,254.235,16.949,160.165,256.46,350.123,4.0
7,4,Puka Nacua,WR,LA,15.0,243.242,16.216,130.964,242.128,354.697,3.0
8,3,Jonathan Taylor,RB,IND,15.0,233.021,15.535,133.862,239.117,325.447,8.0
9,5,CeeDee Lamb,WR,DAL,15.0,230.273,15.352,130.638,238.304,322.406,10.0
10,4,Christian McCaffrey,RB,SF,15.0,229.197,15.28,123.176,236.846,329.749,6.0
11,2,Dak Prescott,QB,DAL,15.0,228.711,15.247,133.013,230.586,320.961,67.0
12,3,Lamar Jackson,QB,BAL,15.0,228.163,15.211,134.639,231.013,319.671,59.0
13,4,Joe Burrow,QB,CIN,15.0,227.712,15.181,131.318,231.849,317.601,57.0
14,5,Brock Purdy,QB,SF,15.0,226.782,15.119,126.339,239.561,310.451,87.0
15,6,Drake Maye,QB,NE,15.0,222.339,14.823,115.096,228.724,321.432,51.0
16,6,Justin Jefferson,WR,MIN,15.0,221.85,14.79,124.817,229.812,306.965,11.0
17,7,Jared Goff,QB,DET,15.0,221.37,14.758,116.934,233.415,314.576,104.0
18,8,Matthew Stafford,QB,LA,15.0,221.17,14.745,102.546,228.627,316.875,78.0
19,9,Caleb Williams,QB,CHI,15.0,215.812,14.387,95.397,228.466,299.097,90.0
20,5,Derrick Henry,RB,BAL,15.0,213.673,14.245,109.161,222.816,307.846,16.0
21,10,Patrick Mahomes,QB,KC,15.0,213.527,14.235,96.208,228.901,301.056,106.0
22,11,Jalen Hurts,QB,PHI,15.0,212.297,14.153,83.799,221.174,315.122,80.0
23,7,Chris Olave,WR,NO,15.0,211.045,14.07,116.104,217.405,295.948,19.0
24,12,Tyler Shough,QB,NO,15.0,208.47,13.898,112.711,213.439,290.969,147.0
25,6,De'Von Achane,RB,MIA,15.0,206.357,13.757,101.154,210.253,302.358,9.0
26,7,Kenneth Walker III,RB,KC,15.0,206.041,13.736,103.552,211.178,302.464,23.0
27,8,Chase Brown,RB,CIN,15.0,205.455,13.697,110.538,211.57,297.222,14.0
28,9,James Cook,RB,BUF,15.0,204.317,13.621,104.999,208.869,300.667,12.0
29,13,Trevor Lawrence,QB,JAX,15.0,203.248,13.55,79.623,210.28,294.252,94.0
30,14,Jayden Daniels,QB,WAS,15.0,200.197,13.346,81.198,206.171,305.816,73.0
31,10,Ashton Jeanty,RB,LV,15.0,199.598,13.307,99.038,206.788,290.132,21.0
32,8,DeVonta Smith,WR,PHI,15.0,194.421,12.961,108.809,198.964,271.574,30.0
33,15,Baker Mayfield,QB,TB,15.0,193.452,12.897,96.799,197.492,277.898,133.0
34,16,Bo Nix,QB,DEN,15.0,193.164,12.878,83.507,202.944,284.138,118.0
35,9,Drake London,WR,ATL,15.0,191.525,12.768,93.393,191.36,287.668,13.0
36,10,Davante Adams,WR,LA,15.0,188.468,12.565,99.683,195.764,264.617,42.0
37,17,Jaxson Dart,QB,NYG,15.0,187.634,12.509,82.027,193.854,270.834,124.0
38,1,Trey McBride,TE,ARI,15.0,187.069,12.471,96.458,187.621,275.0,29.0
39,11,Rashee Rice,WR,KC,15.0,187.059,12.471,91.941,188.714,276.028,15.0
40,12,Tetairoa McMillan,WR,CAR,15.0,184.052,12.27,100.874,188.589,263.735,31.0
41,18,Justin Herbert,QB,LAC,15.0,183.406,12.227,57.327,189.156,285.109,107.0
42,13,George Pickens,WR,DAL,15.0,183.086,12.206,92.432,183.87,271.186,20.0
43,19,Jordan Love,QB,GB,15.0,181.871,12.125,86.671,181.181,269.964,155.0
44,14,Garrett Wilson,WR,NYJ,15.0,181.554,12.104,89.046,188.765,264.541,27.0
45,20,Bryce Young,QB,CAR,15.0,177.484,11.832,72.301,186.547,275.11,233.0
46,15,Zay Flowers,WR,BAL,15.0,177.117,11.808,79.342,183.325,264.428,25.0
47,16,Tee Higgins,WR,CIN,15.0,176.687,11.779,83.283,185.168,253.148,37.0
48,11,Omarion Hampton,RB,LAC,15.0,176.444,11.763,75.861,182.262,270.034,24.0
49,12,Kyren Williams,RB,LA,15.0,173.555,11.57,79.246,176.067,259.985,32.0
50,21,C.J. Stroud,QB,HOU,15.0,173.19,11.546,76.484,169.366,258.906,197.0
51,17,Parker Washington,WR,JAX,15.0,173.064,11.538,79.447,181.631,251.627,64.0
52,13,Breece Hall,RB,NYJ,15.0,172.465,11.498,78.407,173.951,258.988,33.0
53,18,Christian Watson,WR,GB,15.0,171.61,11.441,87.395,177.011,249.036,60.0
54,19,A.J. Brown,WR,NE,15.0,170.652,11.377,66.862,171.663,270.253,17.0
55,14,D'Andre Swift,RB,CHI,15.0,170.545,11.37,73.564,171.331,255.801,45.0
56,15,Jeremiyah Love,RB,ARI,15.0,170.145,11.343,80.366,174.291,254.929,28.0
57,20,Emeka Egbuka,WR,TB,15.0,170.145,11.343,81.9,175.676,249.365,36.0
58,21,Nico Collins,WR,HOU,15.0,168.807,11.254,71.503,165.622,259.838,22.0
59,22,Ladd McConkey,WR,LAC,15.0,166.728,11.115,67.901,175.483,248.588,40.0
60,23,Jaylen Waddle,WR,DEN,15.0,165.558,11.037,74.044,171.783,244.848,44.0
61,24,Malik Nabers,WR,NYG,15.0,165.181,11.012,68.795,163.261,260.989,26.0
62,16,Saquon Barkley,RB,PHI,15.0,164.19,10.946,59.416,166.659,265.893,18.0
63,17,Bucky Irving,RB,TB,15.0,162.069,10.805,76.572,161.432,246.359,47.0
64,18,Javonte Williams,RB,DAL,15.0,161.164,10.744,72.053,163.5,243.469,38.0
65,25,Jameson Williams,WR,DET,15.0,159.024,10.602,63.316,167.081,235.614,46.0
66,26,Mike Evans,WR,SF,15.0,156.72,10.448,65.282,164.258,241.529,55.0
67,19,Travis Etienne,RB,NO,15.0,154.392,10.293,63.332,160.246,234.194,39.0
68,22,Cam Ward,QB,TEN,15.0,154.03,10.269,68.448,157.038,243.641,240.0
69,27,Luther Burden III,WR,CHI,15.0,152.363,10.158,63.459,159.252,227.614,53.0
70,28,Terry McLaurin,WR,WAS,15.0,151.961,10.131,56.336,157.436,231.961,49.0
71,23,Kyler Murray,QB,MIN,15.0,151.741,10.116,44.192,152.182,267.52,142.0
72,24,Malik Willis,QB,MIA,15.0,151.564,10.104,54.778,151.335,237.996,204.0
73,29,Stefon Diggs,WR,WAS,15.0,151.516,10.101,64.159,154.995,232.16,96.0
74,30,DJ Moore,WR,BUF,15.0,151.083,10.072,53.49,157.296,228.228,48.0
75,20,Cam Skattebo,RB,NYG,15.0,150.147,10.01,53.694,155.911,232.046,41.0
76,25,Daniel Jones,QB,IND,15.0,149.911,9.994,54.245,149.823,251.775,191.0
77,21,Rhamondre Stevenson,RB,NE,15.0,149.1,9.94,54.31,152.94,229.908,62.0
78,22,Bhayshul Tuten,RB,JAX,15.0,148.021,9.868,59.518,152.479,224.962,52.0
79,31,Michael Wilson,WR,ARI,15.0,147.906,9.86,60.729,150.141,228.552,75.0
80,32,Jalen Coker,WR,CAR,15.0,147.643,9.843,53.66,146.675,243.555,125.0
81,33,Alec Pierce,WR,IND,15.0,147.098,9.807,60.446,150.256,226.04,71.0
82,34,Rome Odunze,WR,CHI,15.0,147.076,9.805,53.55,151.934,228.284,54.0
83,26,Sam Darnold,QB,SEA,15.0,145.478,9.699,46.801,141.836,261.76,158.0
84,23,Jaylen Warren,RB,PIT,15.0,145.37,9.691,56.04,147.236,225.611,63.0
85,24,Quinshon Judkins,RB,CLE,15.0,145.344,9.69,54.71,149.979,226.031,50.0
86,35,Denzel Boston,WR,CLE,15.0,144.871,9.658,55.542,136.966,237.341,145.0
87,25,David Montgomery,RB,HOU,15.0,144.154,9.61,59.015,147.463,219.177,58.0
88,27,Jacoby Brissett,QB,ARI,15.0,143.491,9.566,51.73,144.124,227.115,237.0
89,36,Brian Thomas Jr.,WR,JAX,15.0,141.342,9.423,56.382,142.92,220.713,72.0
90,2,Tyler Warren,TE,IND,15.0,141.266,9.418,63.788,140.051,219.2,68.0
91,26,Chuba Hubbard,RB,CAR,15.0,140.531,9.369,42.549,140.462,229.198,85.0
92,37,Josh Downs,WR,IND,15.0,139.96,9.331,57.323,142.271,220.798,92.0
93,27,TreVeyon Henderson,RB,NE,15.0,139.922,9.328,52.418,143.988,216.521,66.0
94,38,Courtland Sutton,WR,DEN,15.0,139.826,9.322,41.723,145.166,223.914,61.0
95,3,Travis Kelce,TE,KC,15.0,139.248,9.283,60.614,138.45,219.545,111.0
96,39,DK Metcalf,WR,PIT,15.0,138.476,9.232,53.545,140.9,221.032,69.0
97,40,Carnell Tate,WR,TEN,15.0,137.531,9.169,50.437,139.838,218.566,82.0
98,28,Deshaun Watson,QB,CLE,15.0,136.483,9.099,34.804,145.364,223.048,260.0
99,4,Brock Bowers,TE,LV,15.0,136.028,9.069,56.258,129.957,234.354,35.0
100,41,Chris Godwin Jr.,WR,TB,15.0,135.609,9.041,47.555,139.92,218.134,81.0
101,5,Colston Loveland,TE,CHI,15.0,135.142,9.009,49.364,134.418,213.242,56.0
102,6,Sam LaPorta,TE,DET,15.0,134.139,8.943,62.443,133.896,201.185,117.0
103,42,Jakobi Meyers,WR,JAX,15.0,133.837,8.922,49.148,138.041,211.874,88.0
104,29,Kirk Cousins,QB,LV,15.0,133.324,8.888,42.387,136.516,212.658,
105,43,Matthew Golden,WR,GB,15.0,133.123,8.875,52.723,138.788,212.435,112.0
106,30,Geno Smith,QB,NYJ,15.0,133.087,8.872,39.201,131.549,222.184,244.0
107,44,Tre Tucker,WR,LV,15.0,132.236,8.816,49.961,132.743,215.903,137.0
108,45,Wan'Dale Robinson,WR,TEN,15.0,132.042,8.803,46.256,134.59,216.416,86.0
109,46,Marvin Harrison Jr.,WR,ARI,15.0,131.309,8.754,49.322,129.023,218.53,65.0
110,31,Fernando Mendoza,QB,LV,15.0,130.033,8.669,24.125,117.339,255.06,170.0
111,47,Deebo Samuel Sr.,WR,SF,15.0,129.413,8.628,47.639,132.448,210.506,114.0
112,32,Aaron Rodgers,QB,PIT,15.0,129.103,8.607,34.144,134.963,210.013,252.0
113,7,Harold Fannin Jr.,TE,CLE,15.0,128.965,8.598,58.011,129.621,197.712,77.0
114,8,Dalton Kincaid,TE,BUF,15.0,128.918,8.595,49.83,117.007,215.001,159.0
115,28,Tony Pollard,RB,TEN,15.0,128.445,8.563,37.199,133.524,204.654,70.0
116,9,George Kittle,TE,SF,15.0,128.329,8.555,57.784,127.272,200.603,97.0
117,48,Xavier Worthy,WR,KC,15.0,127.989,8.533,45.64,130.567,209.695,108.0
118,49,Romeo Doubs,WR,NE,15.0,126.395,8.426,46.371,128.554,209.589,113.0
119,10,Isaiah Likely,TE,NYG,15.0,126.319,8.421,35.181,126.894,207.054,148.0
120,50,Michael Pittman,WR,PIT,15.0,125.527,8.368,49.324,125.183,199.168,79.0
121,29,Jadarian Price,RB,SEA,15.0,125.035,8.336,35.784,127.783,202.151,74.0
122,51,Khalil Shakir,WR,BUF,15.0,124.846,8.323,46.726,125.704,203.15,105.0
123,11,Dallas Goedert,TE,PHI,15.0,124.659,8.311,49.541,130.388,186.501,116.0
124,12,Jake Ferguson,TE,DAL,15.0,124.415,8.294,54.436,124.96,189.664,139.0
125,52,KC Concepcion,WR,CLE,15.0,123.886,8.259,45.773,127.497,206.062,123.0
126,53,Jordan Addison,WR,MIN,15.0,123.598,8.24,52.927,120.403,201.508,101.0
127,30,Josh Jacobs,RB,GB,15.0,123.382,8.225,37.794,117.027,214.217,43.0
128,13,Mark Andrews,TE,BAL,15.0,122.705,8.18,54.772,122.945,190.0,138.0
129,31,Rico Dowdle,RB,PIT,15.0,120.706,8.047,38.399,120.065,193.419,76.0
130,32,Kyle Monangai,RB,CHI,15.0,119.724,7.982,30.411,118.332,203.351,115.0
131,54,Quentin Johnston,WR,LAC,15.0,119.632,7.975,49.416,117.258,196.337,99.0
132,33,Kenny Gainwell,RB,TB,15.0,119.111,7.941,26.429,120.963,193.96,93.0
133,14,Dalton Schultz,TE,HOU,15.0,118.535,7.902,40.483,111.736,204.876,211.0
134,34,Rachaad White,RB,WAS,15.0,118.051,7.87,36.129,119.267,195.284,122.0
135,15,Kyle Pitts,TE,ATL,15.0,118.026,7.868,57.974,119.766,173.535,83.0
136,35,Aaron Jones,RB,MIN,15.0,116.765,7.784,28.352,111.474,201.414,110.0
137,55,Malik Washington,WR,MIA,15.0,114.443,7.63,39.189,113.677,189.339,165.0
138,56,Jayden Reed,WR,GB,15.0,113.879,7.592,40.298,104.668,203.187,95.0
139,16,Tucker Kraft,TE,GB,15.0,113.304,7.554,50.703,114.879,172.295,103.0
140,36,Jacory Croskey-Merritt,RB,WAS,15.0,112.58,7.505,24.465,111.142,190.401,121.0
141,57,Keenan Allen,WR,IND,15.0,112.528,7.502,50.5,110.44,189.143,140.0
142,37,Blake Corum,RB,LA,15.0,112.45,7.497,29.366,112.243,188.322,126.0
143,58,Rashid Shaheed,WR,SEA,15.0,111.936,7.462,43.994,110.802,189.202,129.0
144,38,RJ Harvey,RB,DEN,15.0,111.311,7.421,32.646,110.899,184.502,100.0
145,59,Rashod Bateman,WR,BAL,15.0,111.04,7.403,27.997,108.922,189.727,186.0
146,17,Juwan Johnson,TE,NO,15.0,109.711,7.314,24.688,107.422,189.895,173.0
147,60,Makai Lemon,WR,PHI,15.0,108.312,7.221,42.265,106.781,185.83,128.0
148,33,Drew Lock,QB,SEA,15.0,107.954,7.197,41.825,107.222,169.511,
149,61,Jerry Jeudy,WR,CLE,15.0,107.595,7.173,39.843,102.809,187.023,132.0
150,39,Tyjae Spears,RB,TEN,15.0,107.255,7.15,26.593,102.584,185.376,134.0
151,40,J.K. Dobbins,RB,DEN,15.0,106.077,7.072,25.33,105.394,184.332,91.0
152,62,Malachi Fields,WR,NYG,15.0,104.614,6.974,37.99,103.84,173.089,175.0
153,63,Devaughn Vele,WR,NO,15.0,103.869,6.925,16.8,96.513,191.896,219.0
154,41,Woody Marks,RB,HOU,15.0,103.266,6.884,25.63,100.771,180.044,153.0
155,64,Adonai Mitchell,WR,NYJ,15.0,102.731,6.849,13.503,100.245,189.997,213.0
156,65,Chimere Dike,WR,TEN,15.0,102.566,6.838,36.881,96.901,174.298,144.0
157,66,Dontayvion Wicks,WR,PHI,15.0,102.506,6.834,16.232,94.931,186.901,228.0
158,42,Jonathon Brooks,RB,CAR,15.0,102.494,6.833,24.135,99.863,183.338,98.0
159,43,Jonah Coleman,RB,DEN,15.0,102.42,6.828,22.188,98.967,186.828,168.0
160,67,Caleb Douglas,WR,MIA,15.0,102.01,6.801,16.487,97.963,190.864,209.0
161,68,Jalen McMillan,WR,TB,15.0,100.939,6.729,34.959,95.341,173.429,149.0
162,69,Jauan Jennings,WR,MIN,15.0,100.548,6.703,36.354,96.9,169.426,157.0
163,44,Jordan Mason,RB,MIN,15.0,100.114,6.674,24.835,97.301,174.216,120.0
164,18,Kenyon Sadiq,TE,NYJ,15.0,99.597,6.64,36.195,97.406,161.891,203.0
165,19,Hunter Henry,TE,NE,15.0,98.503,6.567,31.598,95.103,171.938,199.0
166,70,Jalen Nailor,WR,LV,15.0,96.397,6.426,28.703,90.947,167.038,181.0
167,71,Keon Coleman,WR,BUF,15.0,95.687,6.379,22.789,88.801,172.955,248.0
168,72,Cooper Kupp,WR,SEA,15.0,95.17,6.345,23.706,92.107,162.632,190.0
169,73,Tre Harris,WR,LAC,15.0,93.984,6.266,21.615,86.596,171.355,253.0
170,45,MarShawn Lloyd,RB,GB,15.0,93.579,6.239,24.649,88.96,164.637,136.0
171,20,Terrance Ferguson,TE,LA,15.0,93.474,6.232,25.999,88.743,176.066,226.0
172,46,Zach Charbonnet,RB,SEA,15.0,93.282,6.219,23.665,87.26,166.64,143.0
173,74,Darius Slayton,WR,IND,15.0,93.129,6.209,20.345,87.961,170.412,254.0
174,75,Ryan Flournoy,WR,DAL,15.0,93.027,6.202,19.683,87.199,173.198,241.0
175,47,Emmett Johnson,RB,KC,15.0,92.739,6.183,17.928,90.385,171.245,182.0
176,48,Samaje Perine,RB,CIN,15.0,92.341,6.156,27.293,88.017,159.907,150.0
177,49,Tank Bigsby,RB,PHI,15.0,91.971,6.131,7.188,87.576,180.417,195.0
178,76,Calvin Ridley,WR,TEN,15.0,91.93,6.129,24.707,88.665,159.989,171.0
179,77,Jaylin Noel,WR,HOU,15.0,91.666,6.111,14.526,85.713,169.432,255.0
180,21,Brenton Strange,TE,JAX,15.0,91.506,6.1,19.576,85.878,173.628,229.0
181,78,Kayshon Boutte,WR,HOU,15.0,89.791,5.986,18.044,85.235,159.832,202.0
182,79,Xavier Hutchinson,WR,HOU,15.0,89.628,5.975,17.898,84.725,164.145,263.0
183,50,Mike Washington Jr.,RB,LV,15.0,89.449,5.963,17.79,87.222,155.44,161.0
184,80,De'Zhaun Stribling,WR,SF,15.0,89.246,5.95,18.696,78.962,174.442,127.0
185,22,Pat Freiermuth,TE,PIT,15.0,88.842,5.923,22.175,76.008,170.902,250.0
186,81,Xavier Legette,WR,CAR,15.0,88.265,5.884,15.644,83.452,165.208,249.0
187,82,Antonio Williams,WR,WAS,15.0,87.814,5.854,22.469,85.473,150.234,
188,51,Tyrone Tracy Jr.,RB,NYG,15.0,87.793,5.853,16.846,85.747,159.015,184.0
189,23,T.J. Hockenson,TE,MIN,15.0,87.639,5.843,27.681,83.091,159.927,236.0
190,52,Tyler Allgeier,RB,ARI,15.0,87.609,5.841,19.331,82.448,160.483,179.0
191,53,Brian Robinson,RB,ATL,15.0,87.196,5.813,12.061,87.414,164.824,188.0
192,24,AJ Barner,TE,SEA,15.0,87.106,5.807,28.506,78.39,158.0,246.0
193,25,Cade Otton,TE,TB,15.0,86.149,5.743,18.509,84.999,149.429,
194,83,Kalif Raymond,WR,CHI,15.0,85.691,5.713,16.839,83.608,152.146,
195,54,Braelon Allen,RB,NYJ,15.0,84.556,5.637,18.853,80.388,151.263,178.0
196,34,Carson Wentz,QB,MIN,15.0,84.435,5.629,21.215,82.42,145.18,
197,84,Elic Ayomanor,WR,TEN,15.0,84.314,5.621,14.682,83.394,148.302,
198,26,Greg Dulcich,TE,MIA,15.0,84.077,5.605,25.184,81.532,150.84,230.0
199,55,Chris Rodriguez Jr.,RB,JAX,15.0,82.87,5.525,9.075,80.951,153.919,187.0
200,56,Kaelon Black,RB,SF,15.0,82.8,5.52,10.459,83.511,160.382,201.0
201,85,Cyrus Allen,WR,KC,15.0,82.681,5.512,15.772,75.479,161.509,164.0
202,86,Chris Bell,WR,MIA,15.0,81.998,5.467,14.264,80.733,156.268,223.0
203,87,Troy Franklin,WR,DEN,15.0,81.685,5.446,18.072,77.015,155.271,262.0
204,27,Darren Waller,TE,CAR,15.0,81.608,5.441,13.632,79.979,144.82,
205,57,Alvin Kamara,RB,NO,15.0,79.17,5.278,14.777,74.0,144.084,177.0
206,88,Ja'Kobi Lane,WR,BAL,15.0,76.54,5.103,13.013,72.128,154.459,200.0
207,58,Keaton Mitchell,RB,LAC,15.0,76.463,5.098,6.833,75.076,140.501,192.0
208,89,Omar Cooper Jr.,WR,NYJ,15.0,75.785,5.052,9.974,70.555,155.948,207.0
209,59,Ray Davis,RB,BUF,15.0,74.435,4.962,6.071,71.015,148.143,216.0
210,28,Chig Okonkwo,TE,WAS,15.0,73.46,4.897,17.315,68.58,127.611,245.0
211,60,Najee Harris,RB,NYG,15.0,72.16,4.811,11.399,67.215,136.776,180.0
212,61,Jordan James,RB,SF,15.0,71.657,4.777,13.283,60.765,143.849,169.0
213,90,Jordyn Tyson,WR,NO,15.0,70.749,4.717,9.577,60.884,154.167,189.0
214,62,Isiah Pacheco,RB,DET,15.0,70.702,4.713,9.816,64.578,134.54,185.0
215,29,Oronde Gadsden II,TE,LAC,15.0,70.489,4.699,16.256,64.542,128.357,
216,91,Josh Palmer,WR,BUF,15.0,69.475,4.632,17.331,63.786,127.001,
217,30,Michael Mayer,TE,LV,15.0,68.829,4.589,14.71,63.475,123.709,
218,63,Kimani Vidal,RB,LAC,15.0,68.761,4.584,6.254,63.513,137.172,196.0
219,64,Dylan Sampson,RB,CLE,15.0,67.97,4.531,8.161,61.727,135.831,205.0
220,65,Justice Hill,RB,BAL,15.0,67.713,4.514,5.359,59.706,136.617,239.0
221,92,Isaiah Williams,WR,NYJ,15.0,67.612,4.507,16.301,63.039,121.691,
222,66,Nicholas Singleton,RB,TEN,15.0,67.568,4.505,6.243,58.94,137.634,194.0
223,93,Travis Hunter,WR,JAX,15.0,66.025,4.402,8.881,56.005,139.967,224.0
224,94,Tank Dell,WR,HOU,15.0,65.704,4.38,5.209,52.023,145.701,215.0
225,95,Ted Hurst III,WR,TB,15.0,65.054,4.337,12.673,58.111,122.185,
226,96,Demarcus Robinson,WR,SF,15.0,61.799,4.12,9.616,57.927,116.775,
227,31,Dawson Knox,TE,BUF,15.0,61.692,4.113,7.827,56.654,117.964,
228,67,Ty Johnson,RB,BUF,15.0,60.945,4.063,5.548,52.793,129.837,238.0
229,97,Darnell Mooney,WR,NYG,15.0,60.055,4.004,7.927,55.684,114.963,
230,32,Evan Engram,TE,DEN,15.0,59.61,3.974,8.405,53.796,114.335,
231,98,Jack Bech,WR,LV,15.0,59.351,3.957,7.656,52.987,112.978,
232,68,James Conner,RB,ARI,15.0,58.117,3.874,5.487,46.666,120.244,206.0
233,69,Devin Singletary,RB,NYG,15.0,57.292,3.819,4.435,52.452,112.062,
234,33,Colby Parkinson,TE,LA,15.0,56.781,3.785,3.096,51.537,109.51,
235,70,Emanuel Wilson,RB,SEA,15.0,55.78,3.719,4.685,49.969,110.444,
236,34,Eli Raridon,TE,NE,15.0,55.728,3.715,3.917,50.95,109.827,
237,99,Kendrick Bourne,WR,ARI,15.0,55.202,3.68,1.547,48.88,112.091,
238,100,Pat Bryant,WR,DEN,15.0,54.464,3.631,0.161,48.235,110.542,
239,35,Marcus Mariota,QB,WAS,15.0,54.2,3.613,1.504,48.093,108.013,
240,101,Bryce Lance,WR,NO,15.0,54.191,3.613,2.5,47.653,108.958,
241,71,Malik Davis,RB,DAL,15.0,53.905,3.594,3.686,47.912,120.009,258.0
242,35,Gunnar Helm,TE,TEN,15.0,53.652,3.577,1.333,47.943,108.712,
243,102,Germie Bernard,WR,PIT,15.0,49.649,3.31,10.517,44.585,96.312,
244,103,Tyquan Thornton,WR,KC,15.0,48.703,3.247,11.389,43.77,90.848,
245,104,Isaac TeSlaa,WR,DET,15.0,48.529,3.235,11.5,43.143,92.897,
246,105,Mack Hollins,WR,NE,15.0,47.164,3.144,9.272,42.863,90.704,
247,106,Darius Cooper,WR,PHI,15.0,46.915,3.128,10.692,42.186,91.731,
248,107,Ryan Miller,WR,MIA,15.0,46.887,3.126,9.966,41.78,91.071,
249,36,Cole Kmet,TE,CHI,15.0,46.263,3.084,8.074,41.544,91.179,
250,108,Roman Wilson,WR,PIT,15.0,45.608,3.041,6.275,40.758,90.723,
251,109,Josh Cameron,WR,JAX,15.0,45.491,3.033,6.759,40.318,91.019,
252,110,DeMario Douglas,WR,NE,15.0,45.344,3.023,7.113,40.164,90.193,
253,36,Shedeur Sanders,QB,CLE,15.0,44.889,2.993,6.389,39.533,90.459,
254,111,Jahan Dotson,WR,ATL,15.0,44.157,2.944,5.115,39.519,89.317,
255,37,Tommy Tremble,TE,CAR,15.0,43.331,2.889,5.376,38.133,86.048,
256,37,Brady Cook,QB,MIA,15.0,43.021,2.868,5.256,37.083,88.253,
257,38,Nate Adkins,TE,DEN,15.0,42.94,2.863,5.814,38.528,85.603,
258,72,Will Shipley,RB,PHI,15.0,41.446,2.763,3.205,36.931,84.26,
259,39,Blake Whiteheart,TE,CLE,15.0,40.276,2.685,2.222,35.196,82.963,
260,112,Laquon Treadwell,WR,IND,15.0,40.069,2.671,2.675,34.314,84.021,
261,113,Tez Johnson,WR,TB,15.0,39.795,2.653,2.084,35.138,83.046,
262,38,Quinn Ewers,QB,JAX,15.0,39.694,2.646,1.556,33.909,84.18,
263,40,Josh Oliver,TE,MIN,15.0,39.331,2.622,0.0,33.478,84.018,
264,114,Devontez Walker,WR,BAL,15.0,39.273,2.618,0.781,33.393,82.866,
265,39,Jameis Winston,QB,NYG,15.0,39.195,2.613,0.823,33.497,81.863,
266,115,Andrei Iosivas,WR,CIN,15.0,39.025,2.602,0.804,33.175,82.376,
267,41,Mike Gesicki,TE,CIN,15.0,38.112,2.541,0.0,32.662,82.848,
268,116,Jared Wayne,WR,HOU,15.0,37.888,2.526,0.0,32.623,82.025,
269,73,Chris Brooks,RB,GB,15.0,37.286,2.486,0.0,31.252,81.599,
270,40,J.J. McCarthy,QB,MIN,15.0,36.913,2.461,0.0,30.129,80.074,
271,117,LaJohntay Wester,WR,BAL,15.0,36.611,2.441,0.0,30.72,78.955,
272,42,Mitchell Evans,TE,CAR,15.0,36.518,2.435,0.0,30.382,82.124,
273,118,Jayden Higgins,WR,HOU,15.0,36.425,2.428,0.0,30.925,80.821,
274,43,Noah Fant,TE,NO,15.0,35.099,2.34,0.0,28.763,77.768,
275,119,Zachariah Branch,WR,ATL,15.0,33.996,2.266,5.728,27.728,72.077,
276,41,Riley Leonard,QB,IND,15.0,33.719,2.248,5.748,27.697,69.029,
277,42,Aidan O'Connell,QB,LV,15.0,32.997,2.2,4.413,26.702,71.12,
278,120,Jahdae Walker,WR,CHI,15.0,32.587,2.172,4.066,25.393,71.777,
279,43,Tanner McKee,QB,PHI,15.0,32.567,2.171,3.273,25.634,71.433,
280,44,David Njoku,TE,LAC,15.0,32.264,2.151,4.845,26.122,67.16,
281,121,Chris Moore,WR,BAL,15.0,32.059,2.137,3.748,25.516,69.418,
282,45,Daniel Bellinger,TE,TEN,15.0,32.054,2.137,3.792,26.038,67.128,
283,44,Cooper Rush,QB,ATL,15.0,31.521,2.101,4.396,24.801,66.759,
284,122,Kyle Williams,WR,NE,15.0,31.31,2.087,3.074,23.896,68.636,
285,74,Raheim Sanders,RB,CLE,15.0,31.201,2.08,3.265,24.912,67.494,
286,75,Jaleel McLaughlin,RB,CLE,15.0,31.128,2.075,3.271,25.039,65.955,
287,45,Trey Lance,QB,LAC,15.0,30.931,2.062,3.257,23.967,67.342,
288,46,Foster Moreau,TE,HOU,15.0,30.876,2.058,2.288,23.166,68.918,
289,123,Jalen Royals,WR,KC,15.0,30.554,2.037,2.623,23.568,68.167,
290,124,Konata Mumpfield,WR,LA,15.0,30.142,2.009,2.633,23.363,66.98,
291,125,Xavier Smith,WR,LA,15.0,30.054,2.004,1.431,23.609,68.66,
292,76,Kaytron Allen,RB,WAS,15.0,29.966,1.998,1.843,22.977,68.762,
293,47,Darnell Washington,TE,PIT,15.0,29.577,1.972,2.183,23.032,64.905,
294,126,Dyami Brown,WR,WAS,15.0,29.567,1.971,0.629,22.12,68.074,
295,127,Marquise Brown,WR,PHI,15.0,29.524,1.968,1.261,22.237,66.546,
296,48,Brevyn Spann-Ford,TE,DAL,15.0,29.032,1.935,0.854,21.143,68.265,
297,49,Will Kacmarek,TE,MIA,15.0,28.866,1.924,0.58,22.609,65.231,
298,50,Charlie Kolar,TE,LAC,15.0,28.861,1.924,1.182,22.601,65.395,
299,77,Tyler Badie,RB,DEN,15.0,28.842,1.923,0.696,22.64,66.16,
300,78,DJ Herman,RB,MIA,15.0,28.166,1.878,0.0,20.201,65.664,
301,46,Tua Tagovailoa,QB,ATL,15.0,28.003,1.867,0.0,20.381,65.178,
302,47,Andy Dalton,QB,PHI,15.0,27.833,1.856,0.352,20.546,66.316,
303,128,Dohnte Meyers,WR,CIN,15.0,27.812,1.854,0.373,21.026,62.292,
304,51,Austin Hooper,TE,ATL,15.0,27.721,1.848,0.0,21.136,63.369,
305,48,Mitchell Trubisky,QB,TEN,15.0,27.506,1.834,0.0,19.993,63.772,
306,129,Isaiah Bond,WR,CLE,15.0,27.385,1.826,0.0,20.772,66.007,
307,130,KaVontae Turpin,WR,DAL,15.0,27.326,1.822,0.0,20.658,64.261,
308,79,Ameer Abdullah,RB,JAX,15.0,26.992,1.799,0.0,20.23,62.879,
309,52,Davis Allen,TE,LA,15.0,26.933,1.796,0.0,19.639,65.28,
310,49,Tyler Huntley,QB,BAL,15.0,26.774,1.785,0.0,20.497,63.051,
311,80,Kaleb Johnson,RB,GB,15.0,26.509,1.767,0.0,18.703,65.336,
312,50,Jack Strand,QB,ATL,15.0,25.859,1.724,0.0,18.328,62.592,
313,51,Davis Mills,QB,HOU,15.0,25.729,1.715,0.0,18.457,63.407,
314,53,Noah Gray,TE,KC,15.0,25.689,1.713,0.0,17.882,64.142,
315,81,Emari Demercado,RB,DAL,15.0,25.544,1.703,0.0,17.87,61.288,
316,131,Skyy Moore,WR,GB,15.0,25.486,1.699,0.0,17.909,62.346,
317,82,Brashard Smith,RB,KC,15.0,25.268,1.685,0.0,17.41,62.525,
318,54,Ben Sinnott,TE,WAS,15.0,25.093,1.673,0.0,17.983,61.1,
319,55,Mason Taylor,TE,NYJ,15.0,25.06,1.671,0.0,17.815,60.886,
320,56,John Bates,TE,WAS,15.0,24.389,1.626,2.93,15.693,57.458,
321,132,Olamide Zaccheaus,WR,ATL,15.0,23.894,1.593,2.663,15.101,57.293,
322,57,Tyler Higbee,TE,LA,15.0,23.496,1.566,2.949,15.894,55.055,
323,83,DeeJay Dallas,RB,MIN,15.0,23.289,1.553,2.751,14.876,55.308,
324,58,Jonnu Smith,TE,GB,15.0,23.281,1.552,3.039,14.326,54.52,
325,59,Theo Johnson,TE,NYG,15.0,22.977,1.532,2.89,14.089,53.38,
326,60,Elijah Higgins,TE,ARI,15.0,22.958,1.531,2.705,13.904,55.411,
327,84,George Holani,RB,SEA,15.0,22.876,1.525,2.256,14.276,54.351,
328,133,Brycen Tremayne,WR,CAR,15.0,22.804,1.52,2.02,14.197,54.303,
329,134,Efton Chism III,WR,NE,15.0,22.769,1.518,2.342,14.579,52.994,
330,135,Myles Price,WR,MIN,15.0,22.674,1.512,2.206,14.49,53.407,
331,136,Bo Melton,WR,GB,15.0,22.671,1.511,2.247,14.8,52.802,
332,85,Sione Vaki,RB,DET,15.0,22.641,1.509,1.017,13.174,57.076,
333,52,Sam Howell,QB,DAL,15.0,22.592,1.506,1.801,13.959,53.68,
334,86,Jaylen Wright,RB,MIA,15.0,22.546,1.503,2.404,13.746,54.762,
335,61,Jeremy Ruckert,TE,NYJ,15.0,22.516,1.501,2.602,14.553,51.323,
336,53,Kenny Pickett,QB,CAR,15.0,22.47,1.498,1.617,13.51,53.502,
337,62,Drew Sample,TE,CIN,15.0,22.406,1.494,1.813,13.55,53.889,
338,63,Elijah Arroyo,TE,SEA,15.0,22.398,1.493,0.699,13.863,55.835,
339,87,CJ Donaldson,RB,NO,15.0,22.195,1.48,1.451,14.079,52.647,
340,137,Marvin Mims Jr.,WR,DEN,15.0,22.091,1.473,0.646,14.137,54.227,
341,88,Ollie Gordon II,RB,MIA,15.0,21.877,1.458,1.011,13.231,53.859,
342,138,John Metchie III,WR,CAR,15.0,21.746,1.45,0.97,14.117,51.71,
343,54,Michael Penix Jr.,QB,ATL,15.0,21.695,1.446,0.215,12.554,54.173,
344,64,Quintin Morris,TE,JAX,15.0,21.612,1.441,0.0,12.907,55.143,
345,55,Justin Fields,QB,KC,15.0,21.498,1.433,1.352,14.179,51.921,
346,139,Brenen Thompson,WR,LAC,15.0,21.494,1.433,0.552,12.755,53.929,
347,140,Tutu Atwell,WR,LA,15.0,21.325,1.422,0.771,13.375,52.125,
348,141,Malik Benson,WR,LV,15.0,21.297,1.42,0.967,12.759,53.792,
349,65,Johnny Mundt,TE,PHI,15.0,21.081,1.405,0.27,12.364,51.181,
350,89,Corey Kiner,RB,NE,15.0,21.01,1.401,0.0,11.844,51.679,
351,142,David Sills,WR,TB,15.0,20.666,1.378,0.075,11.924,51.574,
352,90,Seth McGowan,RB,IND,15.0,20.564,1.371,0.189,12.662,51.25,
353,143,Jordan Whittington,WR,LA,15.0,20.436,1.362,0.0,12.167,50.383,
354,91,Hunter Luepke,RB,DAL,15.0,20.405,1.36,0.0,12.074,52.007,
355,144,Christian Kirk,WR,SF,15.0,20.167,1.344,0.0,10.924,50.161,
356,66,Josh Whyle,TE,GB,15.0,19.989,1.333,0.0,10.801,51.777,
357,145,Gunner Olszewski,WR,NYG,15.0,19.898,1.327,0.0,10.424,52.789,
358,146,Jaylin Lane,WR,WAS,15.0,19.752,1.317,0.0,10.987,50.479,
359,56,Mac Jones,QB,SF,15.0,19.699,1.313,0.0,11.265,52.685,
360,57,Tyson Bagent,QB,CHI,15.0,19.632,1.309,0.0,11.413,50.851,
361,147,Treylon Burks,WR,WAS,15.0,19.571,1.305,0.0,10.686,52.897,
362,67,Nate Boerkircher,TE,JAX,15.0,19.41,1.294,0.0,10.966,52.076,
363,58,Tommy DeVito,QB,NE,15.0,19.303,1.287,0.0,10.071,50.207,
364,148,Dareke Young,WR,LV,15.0,18.988,1.266,1.61,10.818,48.213,
365,149,Barion Brown,WR,NO,15.0,18.946,1.263,0.0,9.232,51.029,
366,68,Luke Farrell,TE,SF,15.0,18.751,1.25,0.0,10.359,48.881,
367,150,Chris Blair,WR,ATL,15.0,18.728,1.249,0.0,9.808,49.505,
368,69,Keleki Latu,TE,BUF,15.0,18.702,1.247,0.0,9.933,50.337,
369,70,Sam Roush,TE,CHI,15.0,18.522,1.235,0.0,9.851,49.516,
370,151,Ricky Pearsall,WR,SF,15.0,18.496,1.233,0.0,9.733,47.969,
371,152,Lil'Jordan Humphrey,WR,DEN,15.0,18.483,1.232,0.0,8.84,49.771,
372,71,Durham Smythe,TE,BAL,15.0,18.459,1.231,0.0,9.948,49.494,
373,153,Kaden Wetjen,WR,PIT,15.0,18.384,1.226,0.0,9.791,49.217,
374,154,Colbie Young,WR,CIN,15.0,18.3,1.22,1.349,10.216,44.905,
375,59,Spencer Rattler,QB,NO,15.0,18.292,1.219,0.0,8.962,48.936,
376,92,Bam Knight,RB,ARI,15.0,18.248,1.217,1.172,9.589,46.328,
377,60,Case Keenum,QB,CHI,15.0,18.17,1.211,1.474,10.447,44.578,
378,72,Kylen Granson,TE,TEN,15.0,18.028,1.202,1.362,10.054,45.201,
379,93,Isaiah Davis,RB,NYJ,15.0,18.019,1.201,0.0,9.528,48.625,
380,155,KhaDarel Hodge,WR,SF,15.0,18.004,1.2,0.0,9.132,48.504,
381,73,Matthew Hibner,TE,BAL,15.0,17.992,1.199,0.796,9.632,44.257,
382,156,Derius Davis,WR,LAC,15.0,17.809,1.187,0.982,10.094,44.776,
383,94,Eli Heidenreich,RB,PIT,15.0,17.757,1.184,1.352,10.013,44.025,
384,157,Elijah Moore,WR,PHI,15.0,17.739,1.183,1.548,9.867,43.63,
385,95,AJ Dillon,RB,CAR,15.0,17.494,1.166,0.0,8.883,45.274,
386,158,Malachi Corley,WR,CLE,15.0,17.462,1.164,0.0,9.009,47.664,
387,159,Tyrell Shavers,WR,BUF,15.0,17.393,1.16,0.0,8.902,44.066,
388,61,Gardner Minshew,QB,ARI,15.0,17.363,1.158,0.0,8.717,45.235,
389,74,Ian Thomas,TE,LV,15.0,17.34,1.156,0.499,9.617,42.218,
390,62,Dillon Gabriel,QB,CLE,15.0,17.339,1.156,1.02,9.516,42.468,
391,75,Erick All,TE,CIN,15.0,17.312,1.154,0.0,8.565,45.671,
392,76,Luke Schoonmaker,TE,DAL,15.0,17.294,1.153,0.346,9.209,45.332,
393,77,Julian Hill,TE,NE,15.0,17.261,1.151,0.958,9.202,43.615,
394,160,Jalen Tolbert,WR,MIA,15.0,17.184,1.146,0.93,9.626,43.844,
395,96,LeQuint Allen Jr.,RB,JAX,15.0,17.004,1.134,0.842,9.299,44.037,
396,161,Calvin Austin III,WR,NYG,15.0,16.923,1.128,0.0,8.286,44.543,
397,78,Oscar Delp,TE,NO,15.0,16.864,1.124,0.0,7.948,45.051,
398,79,Adam Trautman,TE,DEN,15.0,16.858,1.124,1.028,9.804,42.071,
399,63,Mason Rudolph,QB,PIT,15.0,16.768,1.118,0.114,9.11,43.242,
400,80,Luke Musgrave,TE,GB,15.0,16.402,1.093,0.0,7.568,42.333,
401,81,Colson Yankoff,TE,WAS,15.0,16.39,1.093,0.0,9.409,41.386,
402,162,Deion Burks,WR,IND,15.0,16.353,1.09,0.0,7.84,41.906,
403,163,Arian Smith,WR,NYJ,15.0,16.339,1.089,0.072,8.596,43.285,
404,64,Tyrod Taylor,QB,GB,15.0,16.179,1.079,0.0,8.399,41.897,
405,164,Britain Covey,WR,PHI,15.0,16.078,1.072,0.0,7.833,42.759,
406,97,Rasheen Ali,RB,BAL,15.0,16.058,1.071,0.0,8.387,42.0,
407,82,Mo Alie-Cox,TE,IND,15.0,15.859,1.057,0.0,7.297,42.1,
408,65,Joe Flacco,QB,CIN,15.0,15.82,1.055,0.0,7.73,41.147,
409,98,Demond Claiborne,RB,MIN,15.0,15.796,1.053,0.0,6.674,42.195,
410,165,Jacob Cowing,WR,SF,15.0,15.75,1.05,0.0,7.098,42.289,
411,83,Jackson Hawes,TE,BUF,15.0,15.743,1.05,0.0,8.601,42.906,
412,99,Reggie Gilliam,RB,NE,15.0,15.635,1.042,0.0,7.467,40.819,
413,100,Tahj Brooks,RB,CIN,15.0,15.522,1.035,0.0,6.537,40.764,
414,84,Brock Wright,TE,DET,15.0,15.475,1.032,0.0,7.103,41.635,
415,166,Ben Skowronek,WR,PIT,15.0,15.451,1.03,0.0,8.34,40.955,
416,66,Skylar Thompson,QB,BAL,15.0,15.258,1.017,0.0,6.974,41.013,
417,167,Tay Martin,WR,DET,15.0,15.232,1.015,0.0,7.42,40.074,
418,168,KeAndre Lambert-Smith,WR,LAC,15.0,15.072,1.005,0.0,5.822,40.679,
419,67,Joshua Dobbs,QB,DET,15.0,14.994,1.0,0.0,6.457,40.94,
420,101,Kendre Miller,RB,NO,15.0,14.959,0.997,0.0,6.559,40.718,
421,169,Kevin Coleman Jr.,WR,MIA,15.0,14.956,0.997,0.0,6.304,40.755,
422,85,Cade Stover,TE,HOU,15.0,14.671,0.978,0.0,6.581,39.274,
423,68,Zach Wilson,QB,NO,15.0,14.525,0.968,0.0,5.365,40.04,
424,86,Ja'Tavion Sanders,TE,CAR,15.0,14.484,0.966,0.0,5.266,39.119,
425,170,Jonathan Mingo,WR,DAL,15.0,14.386,0.959,0.0,5.064,39.123,
426,87,Eric Saubert,TE,SEA,15.0,14.108,0.941,0.0,5.946,40.213,
427,102,Dylan Laube,RB,LV,15.0,14.028,0.935,0.0,5.282,39.908,
428,69,Sam Ehlinger,QB,DEN,15.0,14.0,0.933,1.202,5.624,37.002,
429,171,Tim Patrick,WR,NYJ,15.0,13.978,0.932,0.0,5.157,39.849,
430,70,Anthony Richardson,QB,IND,15.0,13.93,0.929,0.0,4.908,38.787,
431,88,Grant Calcaterra,TE,PHI,15.0,13.857,0.924,1.214,6.108,33.547,
432,103,Kene Nwangwu,RB,NYJ,15.0,13.739,0.916,0.604,5.743,36.559,
433,71,Joe Fagnano,QB,BAL,15.0,13.729,0.915,1.046,6.053,35.612,
434,172,Odell Beckham Jr.,WR,NYG,15.0,13.716,0.914,0.716,6.042,35.774,
435,173,Dont'e Thornton Jr.,WR,LV,15.0,13.67,0.911,1.105,5.883,34.871,
436,174,Kameron Johnson,WR,TB,15.0,13.511,0.901,0.07,5.787,35.622,
437,104,Ronnie Rivers,RB,LA,15.0,13.465,0.898,0.748,5.477,34.565,
438,105,Trevor Etienne,RB,CAR,15.0,13.263,0.884,1.233,6.308,34.101,
439,106,Patrick Ricard,RB,NYG,15.0,13.23,0.882,0.0,5.35,34.657,
440,175,Ke'Shawn Williams,WR,CIN,15.0,13.179,0.879,0.47,5.568,34.466,
441,72,Behren Morton,QB,NE,15.0,13.177,0.878,0.0,5.363,34.198,
442,107,Jeremy McNichols,RB,WAS,15.0,13.054,0.87,0.453,4.857,35.443,
443,176,J. Michael Sturdivant,WR,GB,15.0,13.009,0.867,0.69,5.453,34.522,
444,73,Kurtis Rourke,QB,SF,15.0,12.857,0.857,0.0,4.626,34.509,
445,89,Charlie Woerner,TE,ATL,15.0,12.832,0.855,0.62,5.226,33.545,
446,90,Marlin Klein,TE,HOU,15.0,12.823,0.855,0.0,4.225,34.11,
447,74,Garrett Nussmeier,QB,KC,15.0,12.77,0.851,0.0,4.508,34.208,
448,75,Kyle Allen,QB,BUF,15.0,12.591,0.839,0.0,4.524,33.775,
449,91,David Martin-Robinson,TE,TEN,15.0,12.572,0.838,0.0,4.359,33.345,
450,76,Ty Simpson,QB,LA,15.0,12.523,0.835,0.0,5.059,32.859,
451,177,Tai Felton,WR,MIN,15.0,12.501,0.833,0.0,5.22,32.897,
452,77,Stetson Bennett,QB,LA,15.0,12.488,0.833,0.0,4.7,34.267,
453,78,Taylen Green,QB,CLE,15.0,12.45,0.83,0.0,5.024,34.557,
454,108,Sean Tucker,RB,TB,15.0,12.442,0.829,0.051,5.279,33.123,
455,178,Tom Kennedy,WR,DET,15.0,12.408,0.827,0.0,4.795,33.653,
456,79,Cole Payton,QB,PHI,15.0,12.385,0.826,0.0,4.626,34.154,
457,80,Haynes King,QB,CAR,15.0,12.361,0.824,0.0,4.62,33.791,
458,179,Devin Duvernay,WR,ARI,15.0,12.338,0.823,0.284,4.849,32.466,
459,81,Kyle McCord,QB,MIA,15.0,12.254,0.817,0.0,5.25,32.186,
460,82,Matthew Caldwell,QB,LA,15.0,12.248,0.817,0.0,4.43,33.248,
461,83,Cade Klubnik,QB,NYJ,15.0,12.128,0.809,0.0,4.35,33.335,
462,180,Jalen Brooks,WR,ARI,15.0,12.12,0.808,0.0,4.192,33.626,
463,109,Brady Russell,RB,SEA,15.0,12.077,0.805,0.0,4.371,33.538,
464,110,Ty Chandler,RB,NO,15.0,12.041,0.803,0.0,4.941,32.527,
465,84,Jalon Daniels,QB,TB,15.0,12.014,0.801,0.0,4.159,33.945,
466,92,Brayden Willis,TE,SF,15.0,12.012,0.801,0.0,4.053,33.383,
467,111,Jacob Saylors,RB,DET,15.0,11.956,0.797,0.0,4.147,34.516,
468,93,Andrew Ogletree,TE,IND,15.0,11.95,0.797,0.154,4.771,32.277,
469,85,Drew Allar,QB,PIT,15.0,11.882,0.792,0.0,3.946,34.022,
470,86,Carson Beck,QB,ARI,15.0,11.862,0.791,0.0,3.954,33.034,
471,181,Jake Bobo,WR,SEA,15.0,11.613,0.774,0.0,3.391,32.863,
472,94,Cameron Latu,TE,NE,15.0,11.549,0.77,0.826,4.058,29.257,
473,87,Will Howard,QB,PIT,15.0,11.523,0.768,0.0,4.407,31.737,
474,182,Savion Williams,WR,GB,15.0,11.5,0.767,0.0,2.663,33.514,
475,112,Chris Collier,RB,LV,15.0,11.495,0.766,0.0,3.026,34.152,
476,88,Athan Kaliakmanis,QB,WAS,15.0,11.487,0.766,0.0,3.941,31.876,
477,113,Tyler Goodson,RB,DAL,15.0,11.351,0.757,0.0,1.962,32.265,
478,183,Nikko Remigio,WR,KC,15.0,11.293,0.753,0.0,2.799,32.468,
479,89,Graham Mertz,QB,HOU,15.0,10.974,0.732,0.0,2.933,31.438,
480,90,Jalen Milroe,QB,SEA,15.0,10.911,0.727,0.791,3.965,28.366,
481,184,Ashton Dulin,WR,IND,15.0,10.852,0.723,0.0,2.515,32.282,
482,95,Tyler Conklin,TE,DET,15.0,10.743,0.716,0.767,4.048,28.662,
483,185,Johnny Wilson,WR,PHI,15.0,10.502,0.7,0.134,3.433,27.412,
484,186,Zavion Thomas,WR,CHI,15.0,10.494,0.7,0.0,2.813,30.192,
485,114,Roschon Johnson,RB,CHI,15.0,10.443,0.696,0.0,2.125,30.72,
486,115,British Brooks,RB,HOU,15.0,10.332,0.689,0.663,3.87,28.234,
487,187,D.J. Montgomery,WR,IND,15.0,10.253,0.684,0.0,2.191,31.267,
488,96,Payne Durham,TE,TB,15.0,10.153,0.677,0.483,3.667,26.622,
489,116,Isaac Guerendo,RB,SF,15.0,10.071,0.671,0.0,3.255,27.718,
490,188,Montorie Foster Jr,WR,SEA,15.0,10.057,0.67,0.0,2.324,29.09,
491,117,Julius Chestnut,RB,TEN,15.0,9.991,0.666,0.0,1.85,29.158,
492,97,Ben Yurosek,TE,MIN,15.0,9.962,0.664,0.0,3.087,27.466,
493,98,Jake Tonges,TE,SF,15.0,9.861,0.657,0.025,3.331,26.053,
494,99,Hunter Long,TE,ARI,15.0,9.835,0.656,0.0,2.001,29.199,
495,118,Ben VanSumeren,RB,KC,15.0,9.747,0.65,0.0,2.186,30.116,
496,100,Jelani Woods,TE,NYJ,15.0,9.65,0.643,0.0,2.539,26.621,
497,91,Jarrett Stidham,QB,DEN,15.0,9.487,0.632,0.0,2.925,27.401,
498,119,Robbie Ouzts,RB,SEA,15.0,9.44,0.629,0.0,2.904,25.574,
499,101,Carsen Ryan,TE,CLE,15.0,9.384,0.626,0.0,2.617,25.185,
500,189,Kendrick Law,WR,DET,15.0,9.373,0.625,0.721,3.919,25.03,
501,190,Mason Tipton,WR,NO,15.0,9.364,0.624,0.0,2.48,26.074,
502,120,Kyle Juszczyk,RB,SF,15.0,9.342,0.623,0.786,3.948,24.625,
503,102,Bauer Sharp,TE,TB,15.0,9.168,0.611,0.0,2.085,26.295,
504,191,Reggie Virgil,WR,ARI,15.0,9.096,0.606,0.793,4.029,22.424,
505,192,Elijah Sarratt,WR,BAL,15.0,9.054,0.604,0.0,1.959,25.195,
506,193,Jeff Caldwell,WR,KC,15.0,9.008,0.601,0.718,3.941,23.61,
507,121,Chip Trayanum,RB,NYJ,15.0,8.991,0.599,0.611,3.73,24.602,
508,103,Nick Kallerup,TE,SEA,15.0,8.925,0.595,0.396,3.623,24.311,
509,122,Andrew Beck,RB,NYJ,15.0,8.845,0.59,0.486,3.65,24.078,
510,194,Tylan Wallace,WR,CLE,15.0,8.801,0.587,0.0,2.475,25.11,
511,195,Cole Burgess,WR,PIT,15.0,8.801,0.587,0.798,3.913,22.992,
512,104,Tanner Arkin,TE,NE,15.0,8.712,0.581,0.472,3.721,23.96,
513,123,DJ Giddens,RB,IND,15.0,8.681,0.579,0.0,1.416,26.378,
514,196,Jimmy Holiday,WR,KC,15.0,8.605,0.574,0.646,3.97,22.752,
515,197,Jeremiah Webb,WR,NE,15.0,8.59,0.573,0.0,0.984,26.015,
516,124,Scott Matlock,RB,LAC,15.0,8.522,0.568,0.492,3.635,23.305,
517,105,Seydou Traore,TE,MIA,15.0,8.508,0.567,0.367,3.482,23.037,
518,106,Jake Briningstool,TE,KC,15.0,8.485,0.566,0.665,3.71,22.491,
519,198,Luke McCaffrey,WR,WAS,15.0,8.452,0.563,0.0,1.946,24.592,
520,107,Gavin Bartholomew,TE,MIN,15.0,8.368,0.558,0.136,3.276,24.104,
521,125,Alec Ingold,RB,LAC,15.0,8.364,0.558,0.45,3.698,22.169,
522,126,Adam Randall,RB,BAL,15.0,8.363,0.558,0.0,1.23,25.606,
523,108,Thomas Yassmin,TE,GB,15.0,8.334,0.556,0.278,3.449,21.627,
524,109,Eli Stowers,TE,PHI,15.0,8.251,0.55,0.413,3.619,20.846,
525,110,Josh Cuevas,TE,BAL,15.0,8.203,0.547,0.0,0.555,24.959,
526,111,Mark Redman,TE,GB,15.0,8.193,0.546,0.389,3.547,21.483,
527,127,Trey Benson,RB,ARI,15.0,8.179,0.545,0.0,0.894,24.608,
528,112,Tanner Koziol,TE,JAX,15.0,8.177,0.545,0.0,2.771,23.779,
529,113,Feleipe Franks,TE,CAR,15.0,8.115,0.541,0.0,1.575,24.164,
530,128,Michael Burton,RB,CLE,15.0,8.074,0.538,0.701,3.808,19.916,
531,129,Connor Heyward,RB,LV,15.0,8.049,0.537,0.567,3.61,21.257,
532,114,Justin Joly,TE,MIA,15.0,8.047,0.536,0.352,3.445,20.922,
533,115,Jaren Kanak,TE,TEN,15.0,8.015,0.534,0.0,3.229,22.163,
534,116,Tip Reiman,TE,ARI,15.0,8.006,0.534,0.0,0.91,24.863,
535,117,E.J. Jenkins,TE,PHI,15.0,7.928,0.529,0.0,0.558,23.357,
536,118,Moliki Matavao,TE,NO,15.0,7.899,0.527,0.0,1.128,25.171,
537,199,Corey Rucker,WR,LV,15.0,7.89,0.526,0.0,0.305,24.619,
538,119,Carson Towt,TE,IND,15.0,7.879,0.525,0.0,2.939,21.072,
539,200,Chris Brazzell II,WR,CAR,15.0,7.868,0.525,0.0,0.646,24.859,
540,201,CJ Daniels,WR,LA,15.0,7.846,0.523,0.0,0.198,24.8,
541,130,Max Bredeson,RB,MIN,15.0,7.84,0.523,0.0,0.0,24.559,
542,202,Skyler Bell,WR,BUF,15.0,7.819,0.521,0.0,0.336,25.124,
543,131,Myles Montgomery,RB,NE,15.0,7.814,0.521,0.0,0.128,25.053,
544,120,Cole Turner,TE,MIA,15.0,7.787,0.519,0.0,0.073,24.558,
545,132,Riley Nowakowski,RB,PIT,15.0,7.786,0.519,0.144,3.26,20.619,
546,121,Thomas Odukoya,TE,KC,15.0,7.771,0.518,0.0,2.457,21.417,
547,203,Camden Brown,WR,DAL,15.0,7.758,0.517,0.221,3.25,20.556,
548,122,Chris Manhertz,TE,NYG,15.0,7.751,0.517,0.0,0.314,25.327,
549,204,Tory Horton,WR,SEA,15.0,7.699,0.513,0.0,0.0,23.956,
550,123,Caleb Lohner,TE,DEN,15.0,7.679,0.512,0.0,2.328,21.568,
551,205,C.J. Williams,WR,JAX,15.0,7.651,0.51,0.0,0.337,23.565,
552,206,Jeshaun Jones,WR,MIN,15.0,7.634,0.509,0.0,0.657,23.457,
553,124,John Michael Gyllenborg,TE,KC,15.0,7.618,0.508,0.0,2.456,22.216,
554,125,Robert Tonyan,TE,PIT,15.0,7.613,0.508,0.0,2.804,21.604,
555,126,Will Mallory,TE,IND,15.0,7.56,0.504,0.0,0.14,24.058,
556,127,Joe Royer,TE,CLE,15.0,7.543,0.503,0.039,3.053,21.004,
557,128,Max Klare,TE,LA,15.0,7.511,0.501,0.0,2.846,20.478,
558,207,Beaux Collins,WR,ATL,15.0,7.455,0.497,0.0,2.407,21.273,
559,129,Jameson Geers,TE,ARI,15.0,7.418,0.495,0.0,2.481,20.76,
560,130,Jackson Meeks,TE,DET,15.0,7.403,0.494,0.0,2.409,21.063,
561,208,Brock Rechsteiner,WR,NO,15.0,7.394,0.493,0.0,3.029,19.143,
562,131,Hayden Rucci,TE,LAC,15.0,7.378,0.492,0.0,2.105,21.805,
563,132,Treyton Welch,TE,NO,15.0,7.33,0.489,0.0,1.885,22.396,
564,133,Hayden Large,TE,CHI,15.0,7.326,0.488,0.0,2.367,20.614,
565,209,Simi Fehoko,WR,ARI,15.0,7.318,0.488,0.0,0.0,23.917,
566,133,Trey Sermon,RB,ATL,15.0,7.29,0.486,0.0,0.26,22.951,
567,134,Brittain Brown,RB,CHI,15.0,7.217,0.481,0.0,2.139,21.216,
568,134,Jack Endries,TE,CIN,15.0,7.124,0.475,0.0,2.484,19.805,
569,135,Dallen Bentley,TE,DEN,15.0,7.121,0.475,0.0,2.185,21.409,
570,136,Ko Kieft,TE,TB,15.0,6.934,0.462,0.0,1.934,21.055,
571,137,Brevin Jordan,TE,HOU,15.0,6.89,0.459,0.0,1.456,20.868,
572,138,Carter Runyon,TE,LV,15.0,6.867,0.458,0.0,0.712,21.392,
573,139,DJ Rogers,TE,DAL,15.0,6.696,0.446,0.0,1.957,19.915,
574,140,Jared Wiley,TE,KC,15.0,6.611,0.441,0.0,0.99,21.673,
575,141,Princeton Fant,TE,DAL,15.0,6.381,0.425,0.429,3.83,16.08,
576,210,Justin Shorter,WR,LV,15.0,6.364,0.424,0.0,0.738,19.806,
577,142,Nikola Kalinic,TE,CHI,15.0,6.314,0.421,0.0,1.075,19.696,
578,143,Nick Muse,TE,ATL,15.0,5.938,0.396,0.0,0.0,18.982,
579,211,Irvin Charles,WR,SEA,15.0,5.937,0.396,0.0,0.0,19.939,
580,212,Jordan Watkins,WR,SF,15.0,5.86,0.391,0.0,0.471,18.305,
581,144,Thomas Fidone II,TE,NYG,15.0,5.022,0.335,0.0,2.138,14.097,
