overall,player_name,team,position,adp_rank,adp_drafted,projection,p10,p50,p90,model_only,projected_games,position_rank
1,Josh Allen,BUF,QB,23.0,1.0,316.0308609638747,201.068,320.6744775058605,423.96451653962424,288.27795499999996,14.847,1
2,Jahmyr Gibbs,DET,RB,1.0,1.0,310.5416811577735,131.85999999999999,322.20000000000005,447.9708952206188,268.965525,14.4905,1
3,Bijan Robinson,ATL,RB,2.0,1.0,297.3725259468721,145.89000000000001,303.50441628983003,423.9,296.188975,14.514,2
4,Ja'Marr Chase,CIN,WR,3.0,1.0,296.37834085594875,161.9446267381586,298.2977019415422,410.57204038192833,283.98107500000003,14.2685,1
5,Puka Nacua,LAR,WR,4.0,1.0,284.19230175039286,153.39,289.46531299274204,401.2189260623717,264.022625,14.294,2
6,Drake Maye,NE,QB,52.0,1.0,267.8943671105284,148.512,272.45,371.3002845182473,262.55483,15.01075,2
7,Jaxon Smith-Njigba,SEA,WR,6.0,1.0,264.0387414502194,131.88000000000002,274.0865275266568,376.645095435242,243.902425,14.2775,3
8,Amon-Ra St. Brown,DET,WR,8.0,1.0,264.0110813862637,144.16,270.29072470253175,371.5999106375132,269.336,14.4095,4
9,Christian McCaffrey,SF,RB,5.0,1.0,257.8907025535308,116.0354476103094,261.3543004317517,381.44865893021824,254.43725,14.379,3
10,Lamar Jackson,BAL,QB,42.0,1.0,254.1389882031356,106.40803500024339,267.32000000000005,370.48414979304,194.308315,14.4765,3
11,Trevor Lawrence,JAX,QB,84.0,1.0,253.19218385904068,113.24600000000002,269.3324693115307,355.626,268.34803500000004,14.827,4
12,Jalen Hurts,PHI,QB,63.0,1.0,249.3385030946278,122.92970277090566,257.16,352.9680350002434,219.87292499999998,14.77725,5
13,Dak Prescott,DAL,QB,75.0,1.0,248.70181439762004,110.6450864784617,257.97739829239197,348.36098683755034,235.76761499999998,14.87375,6
14,Jaxson Dart,NYG,QB,87.0,1.0,247.84956851000968,98.39400000000005,266.86,358.4076881860697,255.69460999999998,14.818,7
15,Caleb Williams,CHI,QB,72.0,1.0,244.88507807010197,113.52132850154996,251.77,349.7011710039495,215.31739000000002,15.0965,8
16,Bo Nix,DEN,QB,111.0,1.0,244.83954420667123,143.49302562001623,255.27890751936872,341.7588588480058,249.196735,15.22725,9
17,Justin Herbert,LAC,QB,85.0,1.0,243.8669323195656,101.82632356065548,259.49,342.43454033241073,233.32371000000003,14.98225,10
18,Jayden Daniels,WAS,QB,60.0,1.0,241.43588279495305,97.45551488223981,255.93,362.5472097516507,194.432475,14.171,11
19,Jonathan Taylor,IND,RB,7.0,1.0,238.86786509019228,100.55745218455331,242.86066726461422,356.6616367582267,217.611,14.489,4
20,CeeDee Lamb,DAL,WR,12.0,1.0,234.20493052824105,110.78269449466865,241.75,342.4730550533136,215.1958,13.96725,5
21,Ashton Jeanty,LV,RB,10.0,1.0,232.07410562413395,101.60587939861486,239.45430043175173,344.45333093813923,242.58545,14.705,5
22,Baker Mayfield,TB,QB,133.0,1.0,231.77782669833832,128.9788981348171,242.5387412864684,314.38599999999997,219.06058000000002,15.05175,12
23,Patrick Mahomes,KC,QB,102.0,1.0,228.13464432819012,66.0221419001899,252.95861704229208,332.168,205.33900500000001,14.66425,13
24,Matthew Stafford,LAR,QB,91.0,1.0,227.61546820165827,68.10864439970146,244.35280858064306,333.2323053422011,194.81221,14.67775,14
25,Jared Goff,DET,QB,124.0,1.0,227.2369734467607,126.11487888000366,241.29999999999998,312.68549151264733,222.26588,14.7915,15
26,Joe Burrow,CIN,QB,57.0,1.0,225.3454934723481,53.916000000000004,245.02954527330525,350.97169486941095,123.262905,14.2185,16
27,Drake London,ATL,WR,17.0,1.0,225.21636671327713,103.87967940464173,233.39643275586434,331.91,231.22425,13.71075,6
28,Justin Jefferson,MIN,WR,13.0,1.0,225.13000619723974,106.29000000000002,233.55,334.63622024415463,202.02935,14.181,7
29,James Cook,BUF,RB,9.0,1.0,222.72117492543853,90.60000000000001,228.61563774138142,343.0124664487617,200.440775,14.64175,6
30,Brock Purdy,SF,QB,104.0,1.0,222.1254539348109,64.65397958459263,241.56,328.22033926911234,188.67983999999998,14.32075,17
31,De'Von Achane,MIA,RB,11.0,1.0,220.9809184800882,80.77657703862111,223.85,345.17898170611977,217.3749,14.46875,7
32,Rashee Rice,KC,WR,26.0,1.0,216.45361691392114,89.9,222.7091859349814,323.1,233.02045,13.701,8
33,Trey McBride,ARI,TE,21.0,1.0,214.97961686114147,131.17,208.3013452235396,311.1480300231455,232.70145000000002,14.7485,1
34,Zay Flowers,BAL,WR,35.0,1.0,212.4998914252128,106.98,214.08116920154765,315.2979039817218,233.39540000000002,14.537,9
35,Jordan Love,GB,QB,144.0,1.0,211.2385985374792,95.16600000000003,222.39375693908292,304.14947613453865,185.51772,15.03925,18
36,Josh Jacobs,GB,RB,33.0,1.0,210.49230641304945,88.83193031593194,203.64957351208827,342.11,273.756425,14.33725,8
37,George Pickens,DAL,WR,24.0,1.0,209.54824258280613,97.68269751329842,218.4,309.16806562111833,205.62342500000003,14.38625,10
38,Nico Collins,HOU,WR,25.0,1.0,208.14253786388127,84.82006754232792,217.2187841552554,306.79381033607746,206.270175,14.2455,11
39,Tyler Shough,NO,QB,147.0,1.0,207.61156864643112,96.8399274355112,219.18443212604475,293.4990551609654,177.94917999999998,15.34475,19
40,Chris Olave,NO,WR,28.0,1.0,204.2613033390184,79.2657495479823,213.58184951144443,303.02,197.28935000000004,14.44075,12
41,Chase Brown,CIN,RB,15.0,1.0,204.09020466563115,76.47000000000001,206.4,321.21000000000004,194.53195000000002,14.82025,9
42,Brock Bowers,LV,TE,22.0,1.0,203.99895417874635,127.77000000000002,201.13461782149028,293.00406532883903,204.66915000000003,14.371,2
43,Emeka Egbuka,TB,WR,37.0,1.0,203.85097833163863,100.72000000000004,211.3612341953895,292.08386544605696,212.53777499999998,14.62475,13
44,Derrick Henry,BAL,RB,18.0,1.0,201.2748012948423,79.56000000000002,206.4517233981088,316.51,193.58315000000002,14.59025,10
45,C.J. Stroud,HOU,QB,173.0,1.0,201.15104440172138,73.93000000000002,207.75,292.61999999999995,195.63515,14.87325,20
46,A.J. Brown,NE,WR,20.0,1.0,199.9007760767919,82.59,203.31605447027744,304.14779632479645,164.256125,13.91475,14
47,Saquon Barkley,PHI,RB,14.0,1.0,199.31429920893441,85.06000000000002,200.8,309.27188871616556,169.673875,14.5235,11
48,Daniel Jones,IND,QB,176.0,1.0,199.11587427492213,68.02339574389055,206.36917191686985,304.408,200.84188500000002,14.725,21
49,Tetairoa McMillan,CAR,WR,38.0,1.0,199.05021421988164,99.99000000000001,206.45143455995637,286.8217230126089,202.921075,14.52975,15
50,Malik Nabers,NYG,WR,29.0,1.0,195.1550163099075,70.92000000000003,207.25510576884906,296.9734979991729,158.85347499999997,12.843,16
51,Kyler Murray,MIN,QB,138.0,1.0,193.36320520165975,55.21860235968336,204.7905233940092,307.14814763298864,119.06449,13.21025,22
52,Kyren Williams,LAR,RB,30.0,1.0,191.8997289793351,85.5,192.13138545499996,300.56896867952065,200.659675,14.674,12
53,Kenneth Walker III,KC,RB,19.0,1.0,191.16137642920302,72.08008073557662,196.927532275101,296.23752851494885,171.48505000000003,14.2165,13
54,Sam Darnold,SEA,QB,182.0,1.0,190.8456214640312,65.66144903595227,198.14,283.78599999999994,201.91814,14.894,23
55,Malik Willis,MIA,QB,166.0,1.0,187.3949739463972,61.304410426121734,186.88006223251008,293.44514871097175,149.012765,14.63525,24
56,Terry McLaurin,WAS,WR,56.0,1.0,185.89569195820192,85.84728205297111,190.15,281.9707748724062,199.39155,13.885,17
57,Omarion Hampton,LAC,RB,16.0,1.0,184.34863309653517,45.09,190.14842103313686,303.12933649553787,125.15670000000001,13.93025,14
58,Tee Higgins,CIN,WR,41.0,1.0,183.7397289151192,71.31537356788533,191.75,278.86,165.8315,14.15975,18
59,DeVonta Smith,PHI,WR,34.0,1.0,182.55046320092384,69.76984909973082,191.05672650408928,278.6057080533326,137.10135,14.46875,19
60,Davante Adams,LAR,WR,50.0,1.0,182.52155165884247,75.24299941696376,188.45,277.0333000907251,171.20865000000003,14.03075,20
61,Bryce Young,CAR,QB,211.0,1.0,181.6882208816443,77.07221300781943,181.22,279.648964972253,207.04731,15.0295,25
62,Jeremiyah Love,ARI,RB,27.0,1.0,181.4796764096983,39.09000000000001,179.13016155790476,308.6112214515514,161.1952,13.0435,15
63,Ladd McConkey,LAC,WR,45.0,1.0,181.17995193635747,79.03496383100111,186.64357425522098,271.33170005830357,165.72397499999997,14.737,21
64,Garrett Wilson,NYJ,WR,39.0,1.0,179.40314508519353,62.900000000000006,187.32328743758993,278.4221248137068,137.18204999999998,13.4625,22
65,Tyler Warren,IND,TE,47.0,1.0,178.04866282315157,88.78001937603312,170.4,278.73,212.1514,14.96475,3
66,Aaron Rodgers,PIT,QB,223.0,1.0,177.3886223563691,61.00915599980324,188.785699018803,275.7516686277375,196.098815,14.58075,26
67,Cam Ward,TEN,QB,208.0,1.0,174.58538517330928,74.97200000000002,174.54,270.45792940242995,171.1921,15.15275,27
68,Carnell Tate,TEN,WR,67.0,1.0,173.85391227781835,37.79,163.70792513840323,287.31,177.413475,13.08575,23
69,Breece Hall,NYJ,RB,31.0,1.0,173.6623792111592,70.29,177.42355511969646,273.59421862415866,155.51922500000003,14.463,16
70,Javonte Williams,DAL,RB,32.0,1.0,173.61976474790637,64.9,176.20000000000002,275.56478410584725,161.94709999999998,14.408,17
71,Rome Odunze,CHI,WR,61.0,1.0,172.6130008766583,81.07000000000001,173.8,263.51003682095313,166.40075,14.08775,24
72,Christian Watson,GB,WR,68.0,1.0,172.29967493050736,69.28000000000002,170.13880984344985,271.27282035867034,175.912775,13.938,25
73,Jaylen Waddle,DEN,WR,48.0,1.0,171.53472677912168,59.690000000000005,180.3809543888437,265.4,139.29520000000002,13.947,26
74,Bucky Irving,TB,RB,44.0,1.0,169.92081910985402,62.77000000000002,174.3225473368062,273.8951068817487,170.528925,13.90475,18
75,Quinshon Judkins,CLE,RB,46.0,1.0,169.68503508794348,65.91130435492956,173.58454338797554,269.31,177.82290000000003,14.4835,19
76,D'Andre Swift,CHI,RB,49.0,1.0,168.47222576718113,63.40062566484785,170.67826273872478,268.62,182.08509999999998,14.61225,20
77,Jameson Williams,DET,WR,58.0,1.0,167.1003245535681,69.58,167.89743881759526,258.4044487581235,149.82875,14.4925,27
78,Cam Skattebo,NYG,RB,36.0,1.0,166.6193984933603,48.491056133494624,168.66513447784388,270.14666906186085,133.35805,13.87775,21
79,Colston Loveland,CHI,TE,43.0,1.0,166.3161774797046,85.93895437456072,158.52664190667193,267.73198922096276,160.90135,14.725,4
80,Mike Evans,SF,WR,64.0,1.0,166.16218941118066,60.98190327048202,168.84220432623192,261.1601662855883,148.59092500000003,12.6505,28
81,Jacoby Brissett,ARI,QB,248.0,1.0,164.99710630435507,41.444609348067075,173.52,270.34353416669904,203.558225,15.0575,28
82,Luther Burden III,CHI,WR,55.0,1.0,164.8071220969513,57.29,166.7290492410494,264.50334927275077,136.37702500000003,14.364,29
83,Alec Pierce,IND,WR,88.0,1.0,164.2705455604992,69.8276668523571,163.8,258.6530561263768,186.91947500000003,14.2855,30
84,DK Metcalf,PIT,WR,79.0,1.0,163.98524229661936,69.39000000000001,162.79980412416313,257.98075851300683,170.15935000000002,14.12975,31
85,Brian Thomas Jr.,JAX,WR,78.0,1.0,159.6579416505888,69.78221080199732,159.07968947961513,250.1270384602691,152.49059999999997,14.24375,32
86,Marvin Harrison Jr.,ARI,WR,73.0,1.0,159.39334802490933,63.20001456304382,158.25,252.61058231991913,144.489575,13.96,33
87,Travis Etienne,NO,RB,40.0,1.0,158.30199222481895,58.851723398108774,161.04988414192167,257.07799542575617,125.71277500000001,14.30325,22
88,DJ Moore,BUF,WR,53.0,1.0,155.8976338858204,52.89496880555204,158.9838828124674,251.94990355660786,101.24105,14.036,34
89,Michael Wilson,ARI,WR,86.0,1.0,154.55389431588483,62.750000000000014,152.793366173992,249.28221263857952,155.33327500000001,14.63925,35
90,Josh Downs,IND,WR,100.0,1.0,154.29660986599617,64.29610841762485,147.9692640537533,249.45314401812144,169.776175,14.54025,36
91,Tua Tagovailoa,ATL,QB,289.0,1.0,154.29176432215624,34.53519202227625,161.07284478241047,254.3804121283082,152.361435,14.457,29
92,Parker Washington,JAX,WR,74.0,1.0,153.98722319309223,57.79,152.7,248.1710157527924,129.948575,14.1975,37
93,Kyle Pitts,ATL,TE,69.0,1.0,153.91426349370724,69.75779943124613,149.41098946608116,243.85999999999996,190.76067500000002,14.772,5
94,Courtland Sutton,DEN,WR,76.0,1.0,153.27161941868405,67.41649770287418,151.3946897052222,244.41,134.124125,14.62975,38
95,Jaylen Warren,PIT,RB,71.0,1.0,152.9403446950511,47.29,150.11652097497029,256.15,179.566325,14.75275,23
96,Tucker Kraft,GB,TE,70.0,1.0,152.44683672589645,64.78,141.7027399146746,248.44999999999996,185.38977500000001,14.06625,6
97,Harold Fannin Jr.,CLE,TE,65.0,1.0,151.42132216806922,63.690423839367355,145.37422177215976,239.33263533657262,178.26619999999997,14.78725,7
98,Chuba Hubbard,CAR,RB,83.0,1.0,150.95805508193527,38.54699432798964,149.79530912644225,254.48366415606276,188.92360000000002,14.68375,24
99,Kirk Cousins,LV,QB,291.0,1.0,150.9261609463531,27.649857244893724,159.47190924859626,248.92158366649562,139.54302,14.79275,30
100,TreVeyon Henderson,NE,RB,54.0,1.0,149.99932793303114,52.690000000000005,152.7,243.27294108950815,140.20845,14.7775,25
101,Michael Pittman,PIT,WR,93.0,1.0,148.9085952863555,58.59,144.37084635734266,243.23999999999995,157.441925,14.152,39
102,Jordyn Tyson,NO,WR,103.0,1.0,148.0113361452476,27.380000000000006,129.03705521062733,251.60114571036686,157.5434,13.06575,40
103,David Montgomery,HOU,RB,51.0,1.0,146.64929008926893,43.09,151.55,243.55949489263145,118.7792,14.114,26
104,Jake Ferguson,DAL,TE,113.0,1.0,145.08997908624846,64.29000000000002,143.2,229.84999999999985,161.94279999999998,15.1395,8
105,Chris Godwin Jr.,TB,WR,99.0,1.0,141.95525081556454,52.690000000000005,137.12999989434073,238.76095631157733,132.95965,13.3515,41
106,Travis Kelce,KC,TE,96.0,1.0,141.81337959209893,63.87549022264221,137.7261751762303,220.0130613815511,169.93855,14.8785,9
107,Jordan Addison,MIN,WR,109.0,1.0,141.36778643700703,58.70163246023111,141.75,233.99106267407862,140.89567499999998,14.285,42
108,Quentin Johnston,LAC,WR,107.0,1.0,141.11785301652841,55.16000000000002,140.0,233.9902809304255,140.18765000000002,14.35125,43
109,Wan'Dale Robinson,TEN,WR,94.0,1.0,141.11707989543115,50.240000000000016,138.85000000000002,240.11559929968377,122.88267500000002,13.901,44
110,George Kittle,SF,TE,92.0,1.0,140.18994401697023,56.957562295091435,138.79919690986176,222.1215639846995,160.924525,14.332,10
111,Sam LaPorta,DET,TE,66.0,1.0,139.91081582194212,62.507370204574045,136.89854933125093,212.6445867078539,136.29755,14.1575,11
112,Makai Lemon,PHI,WR,105.0,1.0,139.01760122793272,19.89,125.4,244.05494287599856,120.74907499999999,13.21975,45
113,Tony Pollard,TEN,RB,77.0,1.0,137.6760109881513,39.67428495849978,138.56345776541465,225.10999999999999,139.24217499999997,14.76,27
114,Rhamondre Stevenson,NE,RB,80.0,1.0,137.52948734443675,37.93544320512842,135.62680901211252,223.02647345347083,141.167175,14.54975,28
115,Geno Smith,NYJ,QB,301.0,0.0,137.28682999999998,23.754000000000005,148.18,235.93200000000002,137.28682999999998,13.507,31
116,Mark Andrews,BAL,TE,125.0,1.0,137.1952422082774,60.66000000000002,132.3,213.122722239443,140.56472500000004,14.822,12
117,Dallas Goedert,PHI,TE,119.0,1.0,135.65984374368625,54.88000000000001,133.2597217128203,204.32,125.87895000000002,14.7215,13
118,Jadarian Price,SEA,RB,62.0,1.0,134.55337314938652,16.490000000000002,141.77536139753528,236.92104701115179,97.909575,13.402,29
119,Dalton Kincaid,BUF,TE,123.0,1.0,134.26846035518432,51.70844705308323,129.06816775356572,202.02999999999997,136.006325,14.51475,14
120,Bhayshul Tuten,JAX,RB,59.0,1.0,133.05622839967188,27.8,135.98620176399137,226.03953270213054,98.77442500000002,14.65575,30
121,Jakobi Meyers,JAX,WR,110.0,1.0,132.9926535889229,40.99,129.13390295344132,232.42195675428718,119.15657500000002,13.69025,46
122,Dalton Schultz,HOU,TE,179.0,1.0,132.40566104725562,46.4334249580465,119.0931811463428,232.61,186.5731,14.84425,15
123,Fernando Mendoza,LV,QB,213.0,1.0,131.34076547370222,0.0,140.08510540074244,268.784260557987,44.040519999999994,4.70225,32
124,RJ Harvey,DEN,RB,82.0,1.0,130.987528561479,32.27000000000001,129.6529015291842,218.20850689155822,116.266625,14.9815,31
125,Xavier Worthy,KC,WR,129.0,1.0,130.8572258345713,53.18000000000001,126.64303956478642,220.35364457342237,145.73760000000001,14.3195,47
126,Rico Dowdle,PIT,RB,81.0,1.0,128.673945601042,29.5,129.76376991202704,215.02999999999997,105.151725,14.34175,32
127,J.K. Dobbins,DEN,RB,89.0,1.0,128.41410222978513,28.21837321867821,129.6595017235697,218.12233928732738,116.327525,13.831,33
128,Jayden Reed,GB,WR,121.0,1.0,127.07429554657688,41.29,124.46882847320191,222.45272248213715,114.93230000000001,13.68325,48
129,K.C. Concepcion,CLE,WR,127.0,1.0,126.60635632606375,19.190000000000005,105.75945815470286,231.25945815470286,130.9661,13.178,49
130,Michael Penix Jr.,ATL,QB,287.0,1.0,124.88606687427577,3.6271381264049865,127.64364184449519,245.62174025001363,56.81939500000001,14.97225,33
131,Aaron Jones,MIN,RB,120.0,1.0,124.41563174232421,24.89,118.0404669108072,225.9,135.29242499999998,14.209,34
132,Hunter Henry,NE,TE,155.0,1.0,122.6206972445071,31.155838915401716,123.43171510691269,203.20785467151353,140.39829999999998,14.72275,16
133,Khalil Shakir,BUF,WR,136.0,1.0,121.78293451836196,48.382782464654085,112.45,214.9728203586703,116.769875,14.75475,50
134,Kyle Monangai,CHI,RB,97.0,1.0,120.212970839154,27.39,119.2,209.52983669310441,101.56415,14.85925,35
135,Ty Simpson,LAR,QB,285.0,1.0,119.93814776729205,0.0,125.77989500420927,244.51976672783258,32.836045000000006,4.67125,34
136,J.J. McCarthy,MIN,QB,256.0,1.0,119.59319035765395,11.869442500328944,114.46000000000001,229.51198377441608,73.3011,14.882,35
137,Brenton Strange,JAX,TE,157.0,1.0,119.40020364511997,30.52067209596524,116.94911992014859,202.57268785207705,126.93972500000001,14.535,17
138,Jacory Croskey-Merritt,WAS,RB,116.0,1.0,119.36506594314498,22.12832308547908,115.6872762870556,214.09466964605693,121.31017499999999,15.01975,36
139,Romeo Doubs,NE,WR,131.0,1.0,119.23667851554664,44.29,111.45,212.51482434761672,102.401275,14.101,51
140,Chig Okonkwo,WAS,TE,168.0,1.0,119.22032241501913,37.89149739685163,119.90667155136046,215.81,140.78072500000002,14.6455,18
141,Kenyon Sadiq,NYJ,TE,164.0,1.0,119.19859677971397,16.5,106.66932587927549,223.94911931528048,134.763225,13.717,19
142,Jalen Coker,CAR,WR,145.0,1.0,119.1344853369628,44.28,108.83843853388679,207.42442780312095,110.43852500000001,14.00775,52
143,Shedeur Sanders,CLE,QB,254.0,1.0,118.38461420188628,4.761443765359587,127.68150544026557,229.71671077967275,68.33883999999999,15.035,36
144,Isaiah Likely,NYG,TE,108.0,1.0,117.06447370577858,38.53560347340735,123.41980578460014,188.34222264356623,81.137825,14.191,20
145,Oronde Gadsden II,LAC,TE,188.0,1.0,116.30592415723946,37.508537518547996,110.31798639569635,209.33999999999997,148.90517499999999,14.745,21
146,Tre Tucker,LV,WR,177.0,1.0,116.15388347572055,33.22758354755224,106.565644583567,197.66376584103523,136.25825,14.64325,53
147,Kenneth Gainwell,TB,RB,301.0,0.0,115.91335000000001,19.1,98.1,240.51,115.91335000000001,13.68125,37
148,Jerry Jeudy,CLE,WR,171.0,1.0,115.63527295875606,37.31292448364789,111.06914868293873,194.05126032978427,120.671125,14.29425,54
149,T.J. Hockenson,MIN,TE,159.0,1.0,114.87443986867007,29.89354557894609,114.2,200.02033113136773,122.42915,14.592,22
150,Matthew Golden,GB,WR,126.0,1.0,114.80849702687998,35.190000000000005,106.14638693037045,211.5527260550849,85.312525,14.32725,55
151,Juwan Johnson,NO,TE,156.0,1.0,114.1990037405108,28.656885835177405,111.96568542735159,199.2,123.05425,15.09175,23
152,De'Zhaun Stribling,SF,WR,149.0,1.0,114.17240555935342,7.190000000000004,103.19435401023136,212.26428167223352,83.24282500000001,13.367,56
153,Carson Beck,ARI,QB,296.0,1.0,112.90953913527628,0.0,117.29729603642443,237.61781541070076,27.86414,4.7585,37
154,Rashid Shaheed,SEA,WR,146.0,1.0,112.37738961487287,31.1,104.18990497934647,205.48900985674578,93.533725,13.399,57
155,Blake Corum,LAR,RB,106.0,1.0,111.59990514443263,21.590000000000003,103.87931187433601,207.01000000000002,84.84472500000001,14.88525,38
156,Rachaad White,WAS,RB,114.0,1.0,108.77777538891117,20.0,101.99406082964475,200.8767783706047,91.752125,14.44525,39
157,Zach Charbonnet,SEA,RB,134.0,1.0,108.59794809992113,26.578874172585444,101.2,191.51,106.24525,14.636,40
158,Cade Otton,TB,TE,220.0,1.0,108.32055017452291,36.2157279068597,100.8311846678235,182.01,141.756675,14.8835,24
159,Woody Marks,HOU,RB,139.0,1.0,107.8296663110543,27.874580369045276,98.6,189.61,114.543375,14.88475,41
160,Greg Dulcich,MIA,TE,219.0,1.0,107.4213781484596,35.99059475345329,96.77146391287624,191.32999999999998,140.519275,14.114,25
161,Mike Gesicki,CIN,TE,301.0,0.0,107.022425,23.490000000000002,94.75,205.10000000000002,107.022425,13.829,26
162,Denzel Boston,CLE,WR,162.0,1.0,106.64232408109706,9.366047684479952,93.7,200.8,86.306625,13.24425,58
163,AJ Barner,SEA,TE,189.0,1.0,105.85203694821814,33.60730575591551,105.4,181.60695415781538,116.8516,14.935,27
164,Evan Engram,DEN,TE,301.0,0.0,105.372525,28.200000000000003,97.30000000000001,192.42,105.372525,14.1325,28
165,Tyrone Tracy Jr.,NYG,RB,140.0,1.0,105.18527196621514,24.56391805034835,95.0784324007033,188.41187592838813,108.20832500000002,14.8235,42
166,Theo Johnson,NYG,TE,301.0,0.0,105.098275,27.700000000000003,97.80000000000001,188.70999999999998,105.098275,14.232,29
167,Jordan Mason,MIN,RB,118.0,1.0,103.37283172256633,18.12666867479851,96.35,194.986847000106,77.32565,14.739,43
168,David Njoku,LAC,TE,209.0,1.0,103.09153568541538,32.93817664312982,96.73647936695323,176.6236277401685,102.096175,13.58975,30
169,Malik Washington,MIA,WR,227.0,1.0,103.08211193112383,25.38418781311708,92.34860056753044,194.6319574404634,121.794925,14.78675,59
170,Jonathon Brooks,CAR,RB,90.0,1.0,100.24751624011799,2.6,99.0,207.44731429797545,30.71715,13.102,44
171,Adonai Mitchell,NYJ,WR,221.0,1.0,98.14130214487075,18.700000000000003,90.39768916901792,192.73356572054252,102.44839999999999,13.63975,60
172,Pat Freiermuth,PIT,TE,224.0,1.0,96.77318416858945,29.660000000000018,91.0285181425149,173.18975944758114,116.430325,15.0365,31
173,Troy Franklin,DEN,WR,279.0,1.0,95.89182137929727,18.252062202087316,78.61470851774203,190.72363708682275,116.10022500000001,14.54025,61
174,Tyjae Spears,TEN,RB,150.0,1.0,95.35340702756444,20.16229683109259,82.91321131990883,184.81956136602017,96.98755,14.4705,45
175,Chris Rodriguez Jr.,JAX,RB,143.0,1.0,94.97528405077458,12.309725152130866,82.81565452813255,187.41565452813256,76.73917499999999,14.1675,46
176,Alvin Kamara,NO,RB,142.0,1.0,94.63495722342846,19.085601723254825,80.93819081885063,176.98796221167896,76.464375,14.074,47
177,Jalen McMillan,TB,WR,203.0,1.0,93.96337621207061,15.22744225327655,87.20235273984532,183.2582897052024,85.11614999999999,13.24725,62
178,Ja'Kobi Lane,BAL,WR,181.0,1.0,93.63920206836349,5.496947570525308,84.5288290281346,189.11692388034032,65.59885,13.22775,63
179,Omar Cooper,NYJ,WR,199.0,1.0,93.07642237260406,6.0,82.61566278669324,187.24999999999994,80.92657500000001,13.1345,64
180,Michael Mayer,LV,TE,301.0,0.0,92.45735,22.39,83.35000000000001,174.03999999999996,92.45735,13.78125,32
181,Jauan Jennings,MIN,WR,200.0,1.0,92.20391697914071,15.956183782600775,87.93109426916955,176.45204651840749,82.0769,13.96075,65
182,Calvin Ridley,TEN,WR,191.0,1.0,90.75791576125644,10.914466059638329,90.18477171384139,178.70572396307932,59.395224999999996,13.439,66
183,Cooper Kupp,SEA,WR,196.0,1.0,90.46495110054322,14.600482587934309,85.49076351835981,177.44089298299497,68.268,14.54875,67
184,Rashod Bateman,BAL,WR,244.0,1.0,89.7357633178996,24.430777012011973,81.7,174.398988484519,79.434175,14.11975,68
185,Germie Bernard,PIT,WR,250.0,1.0,89.67171586360314,6.990000000000004,69.7516584614315,189.9081122084437,78.818425,13.1835,69
186,Dylan Sampson,CLE,RB,195.0,1.0,88.55923456404136,15.564639674601636,81.6,185.92755832110038,97.931175,14.57925,48
187,Keon Coleman,BUF,WR,269.0,1.0,88.44430381049025,17.670288582434637,77.88316206531596,176.66999999999996,89.525775,14.23475,70
188,Tyler Allgeier,ARI,RB,152.0,1.0,87.94242044437266,13.5,73.95301421042672,173.85744777937228,72.72202499999999,14.43475,49
189,Brian Robinson,ATL,RB,161.0,1.0,87.51461346179582,13.308943866505416,75.6,164.24938565755568,66.38865,14.386,50
190,Caleb Douglas,MIA,WR,251.0,1.0,86.92338328026642,6.7900000000000045,71.65,188.46544027849052,63.042350000000006,13.39825,71
191,Jalen Nailor,LV,WR,193.0,1.0,86.82486523721109,14.080000000000007,83.49175401531201,174.47620198169724,57.237925000000004,14.31375,72
192,Darius Slayton,NYG,WR,301.0,0.0,86.663375,19.89,79.6,163.20999999999998,86.663375,13.31525,73
193,Xavier Legette,CAR,WR,301.0,0.0,86.49805,17.790000000000003,77.15,165.70999999999998,86.49805,13.8255,74
194,Dontayvion Wicks,PHI,WR,270.0,1.0,86.1405768671401,17.090000000000003,75.08866969046292,177.55280567347728,83.26427500000001,13.80625,75
195,Isiah Pacheco,DET,RB,153.0,1.0,85.88884697292495,15.653441554356334,72.70227442423479,173.34449768785092,61.133,14.05225,51
196,Jayden Higgins,HOU,WR,141.0,1.0,85.34828229770417,0.0,80.53279594991156,202.96103087772823,4.549049999999999,14.554,76
197,Terrance Ferguson,LAR,TE,207.0,1.0,85.13255329391251,19.51900269446196,83.27325619220994,147.51024055241888,46.408125,14.6865,33
198,DeMario Douglas,NE,WR,301.0,0.0,84.844875,13.9,72.35000000000001,173.12,84.844875,13.944,77
199,Nate Boerkircher,JAX,TE,301.0,0.0,84.5012,1.0,28.85,249.72999999999996,84.5012,13.1,34
200,Kayshon Boutte,NE,WR,234.0,1.0,84.45366241011929,14.9,74.75,173.85607848651654,67.30104999999999,14.08575,78
201,Antonio Williams,WAS,WR,246.0,1.0,84.27602688491815,4.5,68.78424754570274,187.02411309834383,59.588800000000006,13.259,79
202,Ryan Flournoy,DAL,WR,245.0,1.0,84.24525265306211,15.790000000000004,72.99570189930878,174.19879910432252,65.80135,14.72775,80
203,Darnell Mooney,NYG,WR,255.0,1.0,82.79106014605335,15.100000000000001,73.27347390730947,172.24068858598167,61.7727,13.86725,81
204,Christian Kirk,SF,WR,257.0,1.0,82.43968161019744,16.790000000000003,72.89107949963133,171.85829417830354,58.70105,13.7215,82
205,Tank Bigsby,PHI,RB,167.0,1.0,82.03546514540714,16.08882740035068,66.20337262668426,161.36142119728197,68.09505,13.89,52
206,Tre Harris,LAC,WR,229.0,1.0,81.33427773160841,15.180000000000007,72.81227689971027,169.45950603801066,58.155425,14.81225,83
207,Tank Dell,HOU,WR,172.0,1.0,79.71255761968463,0.0,78.02521205554326,177.45253037409185,10.122675,13.49625,84
208,Malachi Fields,NYG,WR,225.0,1.0,79.17611327292906,2.4000000000000004,65.65,178.36695322277126,40.2507,13.387,85
209,Colby Parkinson,LAR,TE,295.0,1.0,78.9129637418644,18.353101884740923,60.6,163.41,117.80320000000002,14.77,35
210,Keaton Mitchell,LAC,RB,184.0,1.0,78.35402003359455,9.046558445643669,65.1643185653563,164.8574477793723,69.052175,13.835,53
211,Jaylin Noel,HOU,WR,286.0,1.0,78.26557627322356,13.0,65.23917307379307,157.0,62.314825000000006,14.8075,86
212,Zachariah Branch,ATL,WR,232.0,1.0,77.6472014363415,3.2,62.650000000000006,174.2762204243645,50.156074999999994,13.293,87
213,Mike Washington,LV,RB,185.0,1.0,76.59534697914144,5.390478629820279,59.35,168.0084492425611,57.387425,13.5135,54
214,Phil Mafah,DAL,RB,301.0,0.0,76.2355,2.4000000000000004,46.5,192.56999999999994,76.2355,11.987,55
215,Isaac TeSlaa,DET,WR,239.0,1.0,75.79364367630853,11.280000000000008,63.9,172.82123581270088,41.908924999999996,14.772,88
216,Xavier Hutchinson,HOU,WR,301.0,0.0,75.668175,17.5,68.2,140.9,75.668175,13.9845,89
217,Marcus Mariota,WAS,QB,301.0,0.0,75.52781,1.5,49.51,188.006,75.52781,14.447,38
218,Braelon Allen,NYJ,RB,205.0,1.0,75.30389804679784,5.571510617517461,68.4,165.06183782969742,53.0246,13.1105,56
219,Ted Hurst,TB,WR,284.0,1.0,75.18845102662306,4.0,56.84348376207333,171.92565625283018,55.096175,13.319,90
220,Marvin Mims Jr.,DEN,WR,290.0,1.0,74.54887973914366,12.490000000000004,59.62018024908848,155.20729112079425,56.878099999999996,14.3035,91
221,Gunnar Helm,TEN,TE,260.0,1.0,74.54843409531065,21.880000000000006,64.1,141.2,85.6793,14.8695,36
222,Jonah Coleman,DEN,RB,192.0,1.0,73.7782380130725,4.215521223592432,59.786187888865754,163.7199999999998,47.42617499999999,13.6135,57
223,Devaughn Vele,NO,WR,273.0,1.0,73.55883347748124,8.5,61.53349586596037,170.9203805865812,42.225625,14.7085,92
224,Jack Bech,LV,WR,292.0,1.0,73.36126323782977,10.767337719322057,59.05,161.84999999999997,44.301025,14.683,93
225,Tommy Tremble,CAR,TE,301.0,0.0,73.303325,19.8,67.25,133.10999999999999,73.303325,14.1075,37
226,Mason Taylor,NYJ,TE,280.0,1.0,73.0418045750191,20.938505862433274,60.42851814251489,145.3,87.95204999999999,14.51375,38
227,Darnell Washington,PIT,TE,288.0,1.0,72.97394193321395,19.542854886069634,57.05,148.81,88.43995000000001,14.84325,39
228,James Conner,ARI,RB,212.0,1.0,72.77482511755362,5.190000000000004,63.02697382630514,161.7475643936137,54.74452500000001,12.9165,58
229,Pat Bryant,DEN,WR,266.0,1.0,71.91250779379834,7.535492767371707,62.80489813359262,159.98330741542657,39.817949999999996,14.46075,94
230,Eli Stowers,PHI,TE,268.0,1.0,70.47063890161724,7.556429414740521,53.55723250487879,137.5683461823931,88.56120000000001,13.672,40
231,Justice Hill,BAL,RB,231.0,1.0,70.2728554787668,10.571615320632793,59.07865825409179,147.24698845802004,71.61510000000001,13.99825,59
232,Cole Kmet,CHI,TE,293.0,1.0,69.81180676814276,19.89,52.37177074418811,133.14988204833548,83.2465,14.6915,41
233,Kimani Vidal,LAC,RB,242.0,1.0,69.44028230017565,9.840068338556515,60.42617788161016,145.10703005778637,72.30235,14.28925,60
234,Tyler Higbee,LAR,TE,301.0,0.0,68.869525,10.5,56.849999999999994,144.81,68.869525,13.37525,42
235,Ja'Tavion Sanders,CAR,TE,301.0,0.0,68.483,10.290000000000004,57.0,141.81,68.483,13.5285,43
236,Tory Horton,SEA,WR,297.0,1.0,68.0011649261162,7.7,57.36897434622155,147.62359521022353,47.819875,13.626,95
237,Sean Tucker,TB,RB,247.0,1.0,67.93835343712217,5.485535434058775,54.781637868077084,146.19561874592014,72.339875,14.72725,61
238,Cyrus Allen,KC,WR,217.0,1.0,67.7706933997795,0.0,52.26013609929045,163.52504055838926,10.43885,13.4005,96
239,Jaylen Wright,MIA,RB,259.0,1.0,67.2921385340987,7.390000000000004,54.453854129434724,144.0133529666388,82.43282500000001,14.29925,62
240,Kaelon Black,SF,RB,243.0,1.0,66.85887385899832,4.269055180670279,47.660080141595884,146.5369124273587,64.11985,13.79025,63
241,Jalen Tolbert,MIA,WR,299.0,1.0,66.67088249149155,9.607812609488718,56.12039074006934,147.29509575416864,49.588100000000004,14.02375,97
242,Mac Jones,SF,QB,301.0,0.0,66.390125,0.4,36.96,178.172,66.390125,14.86575,39
243,Travis Hunter,JAX,WR,216.0,1.0,66.30408827300245,0.0,52.48621610967383,160.82007801175533,7.20665,13.24075,98
244,Jaydon Blue,DAL,RB,236.0,1.0,66.06702215990488,6.209021236328411,54.400000000000006,146.26192276551265,61.173175,13.40025,64
245,Dawson Knox,BUF,TE,301.0,0.0,65.9525,14.990000000000004,58.45,124.91,65.9525,14.09975,44
246,Kyle Williams,NE,WR,274.0,1.0,64.99061481153397,2.790000000000003,53.08018372298072,157.98512783152853,17.1053,14.635,99
247,Jake Tonges,SF,TE,267.0,1.0,64.59004352578397,15.183807474208152,55.962610526303024,131.08212823813238,62.525825000000005,15.01675,45
248,MarShawn Lloyd,GB,RB,206.0,1.0,64.20540133899368,1.0,41.709690170354,163.06242634079032,23.193425,13.54325,65
249,Jalen Milroe,SEA,QB,301.0,0.0,63.927375,0.0,36.7,174.124,63.927375,13.37725,40
250,Tyquan Thornton,KC,WR,301.0,0.0,63.353199999999994,7.2,49.400000000000006,139.01,63.353199999999994,13.2665,100
251,Justin Fields,KC,QB,301.0,0.0,62.623375,2.6,43.72,153.64600000000002,62.623375,13.56725,41
252,Andrei Iosivas,CIN,WR,301.0,0.0,61.72925,12.1,54.4,119.81,61.72925,14.0675,101
253,Eli Raridon,NE,TE,301.0,0.0,61.55055,0.0,21.200000000000003,172.70999999999998,61.55055,12.8375,46
254,Noah Fant,NO,TE,301.0,0.0,61.0832,8.600000000000001,49.400000000000006,130.3,61.0832,13.53725,47
255,Noah Gray,KC,TE,301.0,0.0,60.534375,12.2,52.8,118.80000000000001,60.534375,13.9875,48
256,Elijah Arroyo,SEA,TE,301.0,0.0,60.31765,9.3,50.0,124.4,60.31765,13.79775,49
257,Emmett Johnson,KC,RB,238.0,1.0,59.86012366073164,2.7,39.95,145.1633006771201,35.098699999999994,13.45475,66
258,Will Kacmarek,MIA,TE,301.0,0.0,59.7442,0.0,19.5,170.51,59.7442,12.86625,50
259,Luke Musgrave,GB,TE,301.0,0.0,59.5039,10.5,50.5,120.91,59.5039,14.2055,51
260,Ray Davis,BUF,RB,240.0,1.0,58.69840805317825,5.435880180075557,44.2,135.5912718348103,39.604475,15.014,67
261,Elic Ayomanor,TEN,WR,301.0,0.0,58.38665,8.190000000000003,47.6,121.22999999999998,58.38665,13.74,102
262,Max Klare,LAR,TE,301.0,0.0,57.977175,0.0,16.4,167.03999999999996,57.977175,12.78,52
263,Nicholas Singleton,TEN,RB,237.0,1.0,56.700571727571294,2.1900000000000035,37.067415879539155,144.9054931140265,31.118,13.61575,68
264,Marquise Brown,PHI,WR,301.0,0.0,56.602775,4.2,41.05,131.01,56.602775,13.0195,103
265,Kaleb Johnson,PIT,RB,264.0,1.0,56.522152173927616,2.4000000000000004,41.206710661627085,141.10443623739232,44.174775000000004,14.609,69
266,Chimere Dike,TEN,WR,301.0,0.0,56.224625,7.690000000000004,46.2,121.0,56.224625,14.16875,104
267,Spencer Rattler,NO,QB,301.0,0.0,56.003215000000004,0.9,28.88,158.52399999999997,56.003215000000004,14.838,42
268,Jordan James,SF,RB,235.0,1.0,55.97134926027995,1.9000000000000001,34.099999999999994,143.50897503907441,28.628625,13.32375,70
269,Samaje Perine,CIN,RB,283.0,1.0,55.57825591672565,3.9068733733065812,43.400000000000006,127.00999999999999,62.518175,14.4885,71
270,Sione Vaki,DET,RB,301.0,0.0,55.27405,0.0,25.650000000000002,155.93999999999997,55.27405,13.4705,72
271,Devin Singletary,NYG,RB,300.0,1.0,55.249724067944086,1.3643784500303155,41.0,134.77065909928112,71.5792,14.737,73
272,Jawhar Jordan,HOU,RB,301.0,0.0,54.421850000000006,0.7000000000000001,29.6,149.10999999999999,54.421850000000006,12.7475,74
273,Deshaun Watson,CLE,QB,301.0,0.0,53.71110000000001,0.5,25.61,158.048,53.71110000000001,12.58175,43
274,Dillon Gabriel,CLE,QB,301.0,0.0,53.60975500000001,0.0,21.97,157.686,53.60975500000001,14.92425,44
275,Quinn Ewers,MIA,QB,301.0,0.0,52.789095,0.0,19.1,164.75599999999997,52.789095,13.4765,45
276,Kaytron Allen,WAS,RB,252.0,1.0,52.70735001541239,1.7901406688181112,35.31321888590101,128.07810922643256,29.24875,13.6555,75
277,John Metchie III,CAR,WR,301.0,0.0,52.630625,2.3,35.05,127.80000000000001,52.630625,12.11425,105
278,Calvin Austin III,NYG,WR,301.0,0.0,52.082025,6.390000000000004,42.400000000000006,112.3,52.082025,13.087,106
279,George Holani,SEA,RB,272.0,1.0,50.68192693375123,1.0504257745903232,36.93056772743618,122.85075245194953,27.795550000000002,14.54,76
280,Demond Claiborne,MIN,RB,265.0,1.0,49.68865651123036,0.8,31.72348986659975,125.81781106187337,25.552449999999997,13.45225,77
281,Raheim Sanders,CLE,RB,301.0,0.0,49.616600000000005,0.9900000000000034,28.5,132.0,49.616600000000005,12.798,78
282,Josh Palmer,BUF,WR,301.0,0.0,49.572525,5.5,38.900000000000006,106.9,49.572525,12.92325,107
283,Tanner Hudson,CIN,TE,301.0,0.0,49.528875,2.1,34.6,117.00999999999999,49.528875,14.21325,53
284,Olamide Zaccheaus,ATL,WR,301.0,0.0,49.388075,5.7,38.7,105.81,49.388075,13.0205,108
285,Joe Flacco,CIN,QB,301.0,0.0,49.148745,0.0,16.16,159.224,49.148745,13.836,46
286,Ty Johnson,BUF,RB,294.0,1.0,49.057288966386565,2.0216420277283476,33.93093165399826,124.26980781152612,47.317925,14.64475,79
287,Luke McCaffrey,WAS,WR,301.0,0.0,48.955875,3.4900000000000033,36.1,111.12999999999998,48.955875,13.012,109
288,Oscar Delp,NO,TE,301.0,0.0,48.902474999999995,0.0,13.600000000000001,130.82,48.902474999999995,12.78975,54
289,Emanuel Wilson,SEA,RB,262.0,1.0,47.28807429035849,1.3,31.75,123.2342965078231,21.0181,14.5845,80
290,Brashard Smith,KC,RB,301.0,0.0,47.0208,0.0,25.1,127.82,47.0208,14.034,81
291,DJ Giddens,IND,RB,301.0,0.0,46.1496,1.5,29.5,118.0,46.1496,12.961,82
292,Brock Wright,DET,TE,301.0,0.0,45.861225,7.990000000000004,38.8,91.91,45.861225,13.58575,55
293,Mitchell Evans,CAR,TE,301.0,0.0,45.364275,5.7,37.9,93.71,45.364275,14.2185,56
294,Max Bredeson,MIN,RB,301.0,0.0,45.307675,0.0,17.200000000000003,125.21999999999998,45.307675,12.5535,83
295,Marlin Klein,HOU,TE,301.0,0.0,45.26655,0.0,11.3,123.72999999999998,45.26655,12.95975,57
296,Ben Sims,MIA,TE,301.0,0.0,44.940425000000005,3.9000000000000004,33.8,100.10999999999999,44.940425000000005,11.9735,58
297,Jahan Dotson,ATL,WR,301.0,0.0,44.332100000000004,7.6000000000000005,37.6,89.50999999999999,44.332100000000004,13.40825,110
298,Tez Johnson,TB,WR,301.0,0.0,44.281400000000005,2.3,30.55,105.1,44.281400000000005,13.86575,111
299,Greg Dortch,DET,WR,301.0,0.0,44.10255,2.2,30.0,104.02999999999997,44.10255,12.46225,112
300,Kendre Miller,NO,RB,301.0,0.0,43.852125,1.2900000000000034,26.300000000000004,112.32,43.852125,12.66,84
301,Tyler Huntley,BAL,QB,301.0,0.0,43.769180000000006,0.6000000000000001,26.29,113.48,43.769180000000006,13.494,47
302,Elijah Higgins,ARI,TE,301.0,0.0,42.961525,5.800000000000001,33.9,92.00999999999999,42.961525,14.438,59
303,Albert Okwuegbunam,LV,TE,301.0,0.0,42.795425,1.6,26.5,108.41,42.795425,12.0055,60
304,Roman Wilson,PIT,WR,301.0,0.0,42.788774999999994,3.6,31.9,98.81,42.788774999999994,13.3715,113
305,Mack Hollins,NE,WR,301.0,0.0,42.70325,2.8,30.5,99.0,42.70325,13.57475,114
306,Bam Knight,ARI,RB,301.0,0.0,42.201375,0.0,21.75,113.6,42.201375,13.23725,85
307,Kendrick Bourne,ARI,WR,301.0,0.0,42.173649999999995,4.1,31.55,95.6,42.173649999999995,12.8645,115
308,Michael Carter,TEN,RB,301.0,0.0,42.101875,0.9,25.299999999999997,111.01,42.101875,12.92875,86
309,Carson Wentz,MIN,QB,301.0,0.0,41.814955000000005,0.0,11.7,141.166,41.814955000000005,13.73425,48
310,Emari Demercado,KC,RB,301.0,0.0,41.596325,1.0,23.4,108.7,41.596325,13.3605,87
311,Davis Mills,HOU,QB,301.0,0.0,41.208615,0.0,15.21,131.21200000000002,41.208615,14.8485,49
312,Nick Mullens,JAX,QB,301.0,0.0,40.988925,0.0,21.5,109.982,40.988925,14.698,50
313,Tyrod Taylor,GB,QB,301.0,0.0,40.95198,0.0,19.310000000000002,120.816,40.95198,13.6925,51
314,Amar Johnson,LAC,RB,301.0,0.0,40.939325,0.0,15.3,120.60999999999999,40.939325,11.909,88
315,Trey Benson,ARI,RB,301.0,0.0,40.440475000000006,0.0,20.6,112.21,40.440475000000006,12.26475,89
316,Josh Oliver,MIN,TE,301.0,0.0,40.165274999999994,5.4,33.75,82.5,40.165274999999994,13.87975,61
317,Roschon Johnson,CHI,RB,301.0,0.0,39.632225000000005,0.0,19.1,112.0,39.632225000000005,12.85425,90
318,Isaiah Williams,NYJ,WR,301.0,0.0,39.1193,2.1,27.25,93.9,39.1193,13.092,116
319,Cade Stover,HOU,TE,301.0,0.0,38.880375,3.5,28.9,87.10999999999999,38.880375,13.497,62
320,Ollie Gordon II,MIA,RB,301.0,0.0,38.84775,1.4000000000000001,25.5,95.89999999999999,38.84775,13.96475,91
321,Jahdae Walker,CHI,WR,301.0,0.0,38.495824999999996,0.0,24.05,97.22999999999998,38.495824999999996,12.76125,117
322,KaVontae Turpin,DAL,WR,301.0,0.0,38.382725,1.5,25.9,89.91,38.382725,13.5875,118
323,Anthony Richardson,IND,QB,301.0,0.0,38.23744,0.0,22.96,99.57199999999999,38.23744,13.394,52
324,Kalif Raymond,CHI,WR,301.0,0.0,38.194675000000004,2.6,26.65,91.00999999999999,38.194675000000004,12.88475,119
325,Treylon Burks,WAS,WR,301.0,0.0,37.923975,1.0,24.200000000000003,93.41999999999999,37.923975,12.62775,120
326,Cedric Tillman,CLE,WR,301.0,0.0,37.885925,2.7,28.3,86.91,37.885925,13.31875,121
327,Devin Neal,NO,RB,301.0,0.0,37.8505,1.1,22.900000000000002,97.21999999999998,37.8505,13.3545,92
328,Savion Williams,GB,WR,301.0,0.0,37.76477499999999,0.0,22.6,94.80000000000001,37.76477499999999,13.40625,122
329,Lucas Scott,BAL,RB,301.0,0.0,37.38090000000001,0.0,14.95,102.8,37.38090000000001,12.31725,93
330,Trevor Etienne,CAR,RB,301.0,0.0,36.630449999999996,0.0,19.35,99.9,36.630449999999996,13.98575,94
331,Jameis Winston,NYG,QB,301.0,0.0,36.30471000000001,0.0,13.57,117.332,36.30471000000001,13.54775,53
332,Trey Lance,LAC,QB,301.0,0.0,35.683724999999995,0.0,20.3,94.98799999999997,35.683724999999995,14.71925,54
333,Audric Estimé,NO,RB,301.0,0.0,35.558775000000004,0.0,18.0,97.32,35.558775000000004,12.327,95
334,Jimmy Horn Jr.,CAR,WR,301.0,0.0,35.373774999999995,0.9,22.700000000000003,87.30000000000001,35.373774999999995,13.6275,123
335,Isaiah Davis,NYJ,RB,301.0,0.0,34.879400000000004,1.2,22.0,86.14999999999996,34.879400000000004,13.98275,96
336,Isaiah Bond,CLE,WR,301.0,0.0,34.475525000000005,2.0,24.4,81.2,34.475525000000005,13.585,124
337,Mo Alie-Cox,IND,TE,301.0,0.0,33.94065,4.190000000000004,27.25,72.2,33.94065,14.306,63
338,Jeremy McNichols,WAS,RB,301.0,0.0,32.85895,0.0,17.450000000000003,87.33999999999997,32.85895,13.76525,97
339,Foster Moreau,HOU,TE,301.0,0.0,32.532875,3.4000000000000004,25.4,71.5,32.532875,13.00025,64
340,John Bates,WAS,TE,301.0,0.0,32.4507,4.1,26.6,69.30999999999999,32.4507,14.1775,65
341,Zavion Thomas,CHI,WR,301.0,0.0,32.11385,0.0,7.4,90.91999999999999,32.11385,12.0315,125
342,Hunter Luepke,DAL,RB,301.0,0.0,31.119375000000005,2.3000000000000003,22.7,70.8,31.119375000000005,14.19925,98
343,Chris Bell,MIA,WR,301.0,0.0,30.455975,0.0,6.1,83.74999999999996,30.455975,12.21175,126
344,Ameer Abdullah,JAX,RB,301.0,0.0,30.142575,0.0,9.6,89.5,30.142575,12.57875,99
345,Demarcus Robinson,SF,WR,301.0,0.0,29.845875,1.4,20.5,72.3,29.845875,13.30475,127
346,Daniel Bellinger,TEN,TE,301.0,0.0,29.737800000000004,3.1,23.8,64.7,29.737800000000004,13.49525,66
347,Elijah Moore,PHI,WR,301.0,0.0,29.642850000000006,0.0,18.1,75.4,29.642850000000006,12.0885,128
348,Austin Hooper,ATL,TE,301.0,0.0,29.554075,2.5,22.700000000000003,65.91999999999999,29.554075,13.3975,67
349,Ben Sinnott,WAS,TE,301.0,0.0,29.133550000000003,3.0,22.700000000000003,63.0,29.133550000000003,14.17475,68
350,Ronnie Rivers,LAR,RB,301.0,0.0,28.958725,0.0,11.4,85.50999999999999,28.958725,12.28925,100
351,Josh Pitsenberger,HOU,RB,301.0,0.0,28.7924,0.0,9.4,80.71999999999998,28.7924,12.45075,101
352,Drew Sample,CIN,TE,301.0,0.0,28.447925,4.6,23.3,58.6,28.447925,14.3525,69
353,Jeremy Ruckert,NYJ,TE,301.0,0.0,28.345200000000006,2.6,21.05,64.80999999999999,28.345200000000006,14.1365,70
354,Jake Browning,TB,QB,301.0,0.0,28.22685,0.0,9.3,90.45199999999998,28.22685,13.84125,55
355,Matthew Hibner,BAL,TE,301.0,0.0,28.124975,0.0,6.7,75.41,28.124975,13.0165,71
356,Malik Davis,DAL,RB,301.0,0.0,27.988975000000003,0.0,11.600000000000001,79.92999999999998,27.988975000000003,13.26175,102
357,Adam Randall,BAL,RB,301.0,0.0,27.78675,0.0,6.7,80.43999999999997,27.78675,12.517,103
358,Davis Allen,LAR,TE,301.0,0.0,27.7083,1.0,18.85,66.00999999999999,27.7083,14.1045,72
359,Chris Brooks,GB,RB,301.0,0.0,27.587300000000003,0.0,15.100000000000001,71.8,27.587300000000003,14.1505,104
360,Jaleel McLaughlin,DEN,RB,301.0,0.0,27.23275,0.0,10.4,80.10999999999999,27.23275,12.972,105
361,Riley Nowakowski,PIT,TE,301.0,0.0,26.970174999999998,0.0,7.300000000000001,71.6,26.970174999999998,13.014,73
362,Adam Trautman,DEN,TE,301.0,0.0,26.900675000000003,4.2,22.3,54.709999999999994,26.900675000000003,14.35775,74
363,Tyler Goodson,ATL,RB,301.0,0.0,26.7982,0.0,10.25,79.8,26.7982,12.613,106
364,Tahj Brooks,CIN,RB,301.0,0.0,26.554275,0.0,10.3,78.69999999999999,26.554275,14.10825,107
365,Kendall Milton,CIN,RB,301.0,0.0,26.54915,0.0,7.6,85.54999999999995,26.54915,11.86575,108
366,Jordan Whittington,LAR,WR,301.0,0.0,26.281325000000002,2.0,20.3,57.900000000000006,26.281325000000002,14.163,129
367,Dylan Drummond,ATL,WR,301.0,0.0,26.156525000000002,0.0,13.7,69.71,26.156525000000002,12.008,130
368,Tutu Atwell,MIA,WR,301.0,0.0,26.0505,0.0,15.8,65.3,26.0505,12.32175,131
369,Zavier Scott,MIN,RB,301.0,0.0,25.9281,0.0,9.0,77.5,25.9281,14.05075,109
370,Josh Johnson,CIN,QB,301.0,0.0,25.89513,0.0,6.280000000000001,85.47,25.89513,13.432,56
371,AJ Dillon,CAR,RB,301.0,0.0,25.687099999999997,0.0,9.700000000000001,75.50999999999999,25.687099999999997,12.23475,110
372,Riley Leonard,IND,QB,301.0,0.0,25.655145000000005,0.0,10.27,76.54599999999999,25.655145000000005,14.377,57
373,Luke Schoonmaker,DAL,TE,301.0,0.0,25.346725000000003,1.6,18.8,59.30999999999999,25.346725000000003,14.411,75
374,Alec Ingold,LAC,RB,301.0,0.0,24.88385,0.0,7.4,66.60999999999999,24.88385,12.2125,111
375,Rasheen Ali,BAL,RB,301.0,0.0,24.76865,0.0,13.2,66.9,24.76865,13.90375,112
376,Tip Reiman,ARI,TE,301.0,0.0,24.6518,1.9,18.200000000000003,56.900000000000006,24.6518,12.73,76
377,Brady Cook,NYJ,QB,301.0,0.0,24.528435,0.0,8.7,72.87199999999994,24.528435,13.71075,58
378,Marquez Valdes-Scantling,DAL,WR,301.0,0.0,24.519875,0.0,12.2,66.21,24.519875,11.68025,132
379,Dont'e Thornton Jr.,LV,WR,301.0,0.0,24.386025,0.0,16.5,59.41999999999999,24.386025,13.656,133
380,Ulysses Bentley IV,IND,RB,301.0,0.0,24.089075000000005,0.0,6.4,77.40999999999998,24.089075000000005,12.394,113
381,Mitchell Trubisky,TEN,QB,301.0,0.0,23.972870000000004,0.0,8.54,69.04599999999999,23.972870000000004,14.30525,59
382,Josh Williams,TB,RB,301.0,0.0,23.94845,0.0,5.7,77.71999999999998,23.94845,12.71875,114
383,LeQuint Allen Jr.,JAX,RB,301.0,0.0,23.934949999999997,0.7000000000000001,15.55,58.709999999999994,23.934949999999997,13.976,115
384,Xavier Smith,LAR,WR,301.0,0.0,23.9282,0.0,13.0,62.50999999999999,23.9282,14.191,134
385,Coleman Owen,IND,WR,301.0,0.0,23.497400000000003,0.0,1.0,76.9,23.497400000000003,11.7755,135
386,Will Shipley,PHI,RB,301.0,0.0,23.43725,0.0,12.100000000000001,62.209999999999994,23.43725,13.76925,116
387,Elijah Sarratt,BAL,WR,301.0,0.0,23.382925,0.0,4.1,61.729999999999976,23.382925,12.4115,136
388,Kyle Juszczyk,SF,RB,301.0,0.0,23.245275000000003,0.0,5.8500000000000005,68.81999999999998,23.245275000000003,11.9465,117
389,KeAndre Lambert-Smith,LAC,WR,301.0,0.0,23.233275000000003,0.0,11.8,63.91,23.233275000000003,13.107,137
390,Gardner Minshew,ARI,QB,301.0,0.0,23.18943,0.0,9.63,62.81999999999998,23.18943,14.2265,60
391,Brevyn Spann-Ford,DAL,TE,301.0,0.0,23.155275000000003,1.9,18.0,51.10999999999999,23.155275000000003,14.51125,77
392,Jackson Acker,BUF,RB,301.0,0.0,23.04275,0.0,6.5,65.30000000000001,23.04275,12.8195,118
393,Quintin Morris,JAX,TE,301.0,0.0,22.986,0.0,14.600000000000001,57.5,22.986,12.81625,78
394,Scott Matlock,LAC,RB,301.0,0.0,22.708925000000004,0.0,6.6000000000000005,63.8,22.708925000000004,12.54425,119
395,Cade Klubnik,NYJ,QB,301.0,0.0,22.500794999999997,0.0,3.3000000000000003,79.604,22.500794999999997,13.479,61
396,Dylan Laube,LV,RB,301.0,0.0,22.47855,0.0,8.4,67.61,22.47855,14.2295,120
397,Kenny Pickett,CAR,QB,301.0,0.0,22.47628,0.0,8.600000000000001,66.624,22.47628,14.55475,62
398,Tyler Conklin,DET,TE,301.0,0.0,22.355974999999997,1.2,16.45,51.30999999999999,22.355974999999997,13.424,79
399,Justin Joly,DEN,TE,301.0,0.0,22.348925,0.0,5.1,55.60999999999999,22.348925,12.67625,80
400,Ben VanSumeren,BUF,RB,301.0,0.0,22.261425000000003,0.0,5.800000000000001,63.2,22.261425000000003,12.61325,121
401,JuJu Smith-Schuster,NYG,WR,301.0,0.0,22.2455,0.0,13.75,56.50999999999999,22.2455,12.95425,138
402,Jackson Hawes,BUF,TE,301.0,0.0,22.130474999999997,1.5,16.7,50.00999999999999,22.130474999999997,14.47425,81
403,Tanner Koziol,JAX,TE,301.0,0.0,21.968674999999998,0.0,4.6,55.41999999999999,21.968674999999998,12.7645,82
404,Drew Lock,SEA,QB,301.0,0.0,21.94057,0.0,9.22,60.702,21.94057,14.724,63
405,Andrew Beck,NYJ,RB,301.0,0.0,21.8159,0.0,5.9,62.400000000000006,21.8159,12.4765,122
406,Max Brosmer,MIN,QB,301.0,0.0,21.791790000000002,0.0,5.4,72.24600000000001,21.791790000000002,14.80475,64
407,Dyami Brown,WAS,WR,301.0,0.0,21.733825000000003,0.0,10.0,60.209999999999994,21.733825000000003,12.86,139
408,Jacardia Wright,SEA,RB,301.0,0.0,21.515875,0.0,2.3000000000000003,74.1,21.515875,12.45275,123
409,Jaret Patterson,LAC,RB,301.0,0.0,21.49875,0.0,9.8,60.3,21.49875,12.551,124
410,Brock Lampe,NE,RB,301.0,0.0,21.363075000000002,0.0,5.800000000000001,57.91,21.363075000000002,12.41775,125
411,Josh Whyle,GB,TE,301.0,0.0,21.12225,0.0,14.2,50.5,21.12225,13.05275,83
412,Mason Rudolph,PIT,QB,301.0,0.0,20.88843,0.0,6.300000000000001,61.902,20.88843,14.6965,65
413,Charlie Kolar,LAC,TE,301.0,0.0,20.787074999999998,0.0,14.5,49.41,20.787074999999998,13.96925,84
414,Mecole Hardman,BUF,WR,301.0,0.0,20.707875,0.0,8.9,57.91,20.707875,11.28925,140
415,Adam Prentice,DEN,RB,301.0,0.0,20.674725000000002,0.0,5.1,58.9,20.674725000000002,12.494,126
416,Hunter Long,JAX,TE,301.0,0.0,20.47825,0.0,10.7,55.400000000000006,20.47825,13.38075,85
417,DeeJay Dallas,JAX,RB,301.0,0.0,20.368125,0.0,5.7,62.5,20.368125,11.66975,127
418,Dameon Pierce,PHI,RB,301.0,0.0,20.362950000000005,0.0,5.7,62.709999999999994,20.362950000000005,11.75025,128
419,Ashton Dulin,IND,WR,301.0,0.0,20.34635,0.0,12.5,52.10999999999999,20.34635,13.09275,141
420,Joe Milton III,DAL,QB,301.0,0.0,20.254845,0.0,7.9,52.682,20.254845,15.14275,66
421,Brittain Brown,CHI,RB,301.0,0.0,20.247100000000003,0.0,5.6,61.51999999999999,20.247100000000003,12.23675,129
422,Devontez Walker,BAL,WR,301.0,0.0,20.153175000000005,0.0,12.2,51.7,20.153175000000005,13.26125,142
423,Lincoln Pare,IND,RB,301.0,0.0,20.0685,0.0,5.2,56.31999999999998,20.0685,12.99625,130
424,Andy Dalton,PHI,QB,301.0,0.0,19.748885,0.0,4.82,62.331999999999994,19.748885,14.367,67
425,Tanner McKee,PHI,QB,301.0,0.0,19.550974999999998,0.0,7.2,54.681999999999995,19.550974999999998,14.683,68
426,Ian Thomas,LV,TE,301.0,0.0,19.5373,1.3,14.5,44.4,19.5373,13.99,86
427,Kene Nwangwu,NYJ,RB,301.0,0.0,19.524475,0.0,4.0,63.32999999999998,19.524475,13.49025,131
428,Gregory Desrosiers,LAC,RB,301.0,0.0,19.50255,0.0,5.05,55.0,19.50255,12.8085,132
429,Cam Miller,MIA,QB,301.0,0.0,19.465435,0.0,0.6000000000000001,76.32399999999998,19.465435,13.64275,69
430,D.J. Herman,MIA,RB,301.0,0.0,19.3484,0.0,5.3500000000000005,51.81999999999998,19.3484,12.81075,133
431,Drake Dabney,GB,TE,301.0,0.0,19.266724999999997,0.0,11.850000000000001,48.6,19.266724999999997,12.3585,87
432,Lan Larison,NE,RB,301.0,0.0,19.170625,0.0,4.300000000000001,52.5,19.170625,12.5645,134
433,Colbie Young,CIN,WR,301.0,0.0,19.150824999999998,0.0,3.1,49.2,19.150824999999998,12.39975,143
434,Desmond Reid,BUF,RB,301.0,0.0,19.09235,0.0,4.7,51.01,19.09235,12.88425,135
435,Konata Mumpfield,LAR,WR,301.0,0.0,19.091175000000003,0.0,12.9,46.729999999999976,19.091175000000003,14.058,144
436,Mitchell Tinsley,CIN,WR,301.0,0.0,18.946424999999998,0.0,10.100000000000001,51.0,18.946424999999998,14.05575,145
437,Corey Kiner,ARI,RB,301.0,0.0,18.8216,0.0,3.0,60.74999999999995,18.8216,12.53125,136
438,Lil'Jordan Humphrey,DEN,WR,301.0,0.0,18.7477,0.0,9.2,52.51999999999998,18.7477,11.90125,146
439,Tyler Badie,DEN,RB,301.0,0.0,18.610049999999998,0.0,7.95,52.400000000000006,18.610049999999998,14.02675,137
440,Taylen Green,CLE,QB,301.0,0.0,18.572290000000002,0.0,0.8,66.58799999999998,18.572290000000002,13.59875,70
441,Casey Washington,ATL,WR,301.0,0.0,18.40555,0.0,9.1,50.60999999999999,18.40555,12.6945,147
442,Zach Wilson,NO,QB,301.0,0.0,18.35107,0.0,8.4,47.89199999999999,18.35107,14.2795,71
443,Jaylin Lane,WAS,WR,301.0,0.0,18.34925,0.0,7.65,52.50999999999999,18.34925,13.77625,148
444,Jarrett Stidham,DEN,QB,301.0,0.0,18.26932,0.0,7.0,52.504,18.26932,14.837,72
445,Teddy Bridgewater,DET,QB,301.0,0.0,18.068845,0.0,6.9,48.913999999999994,18.068845,14.176,73
446,Michael Burton,CLE,RB,301.0,0.0,17.867775,0.0,3.9000000000000004,51.73999999999997,17.867775,12.30325,138
447,Tyson Bagent,CHI,QB,301.0,0.0,17.854315,0.0,7.720000000000001,50.105999999999995,17.854315,14.79,74
448,Lew Nichols III,PIT,RB,301.0,0.0,17.7089,0.0,2.2,47.40999999999999,17.7089,11.62125,139
449,Jarquez Hunter,LAR,RB,301.0,0.0,17.586925,0.0,3.1,48.900000000000006,17.586925,12.63125,140
450,Johnny Mundt,PHI,TE,301.0,0.0,17.372475,0.0,10.9,43.0,17.372475,13.4875,88
451,Nick Westbrook-Ikhine,IND,WR,301.0,0.0,17.30285,0.0,10.600000000000001,44.00999999999999,17.30285,13.14775,149
452,Gary Brightwell,CIN,RB,301.0,0.0,17.143224999999997,0.0,2.0,45.8,17.143224999999997,11.805,141
453,Xavier Weaver,ARI,WR,301.0,0.0,17.085224999999998,0.0,10.600000000000001,43.5,17.085224999999998,13.27225,150
454,Kyle Allen,BUF,QB,301.0,0.0,17.072004999999997,0.0,6.09,48.60999999999999,17.072004999999997,14.40425,75
455,Justin Watson,HOU,WR,301.0,0.0,17.048350000000003,0.0,8.9,45.400000000000006,17.048350000000003,11.67125,151
456,Mark Gronowski,MIA,QB,301.0,0.0,16.93217,0.0,0.0,62.883999999999965,16.93217,13.8145,76
457,Skyler Bell,BUF,WR,301.0,0.0,16.876224999999998,0.0,2.4000000000000004,41.60999999999999,16.876224999999998,12.435,152
458,Anthony Firkser,WAS,TE,301.0,0.0,16.538175,0.0,7.7,45.92999999999997,16.538175,11.87225,89
459,Bryce Lance,NO,WR,301.0,0.0,16.40505,0.0,2.5,40.539999999999964,16.40505,12.3405,153
460,Anthony Tyus III,CAR,RB,301.0,0.0,16.237975,0.0,2.3000000000000003,45.81999999999998,16.237975,12.4535,142
461,Michael Bandy,DEN,WR,301.0,0.0,16.187,0.0,3.0,50.209999999999994,16.187,11.9955,154
462,Damien Martinez,GB,RB,301.0,0.0,16.169975,0.0,2.6,44.51999999999998,16.169975,12.375,143
463,Frank Gore Jr.,BUF,RB,301.0,0.0,16.15045,0.0,3.0,43.00999999999999,16.15045,12.42575,144
464,Isaiah Hodgins,NYG,WR,301.0,0.0,16.04085,0.0,7.300000000000001,45.0,16.04085,12.1895,155
465,Seth McGowan,IND,RB,301.0,0.0,15.9314,0.0,3.0,42.80999999999999,15.9314,12.72625,145
466,Will Mallory,IND,TE,301.0,0.0,15.795924999999999,0.0,8.4,41.60999999999999,15.795924999999999,12.54925,90
467,Grant Calcaterra,PHI,TE,301.0,0.0,15.665299999999998,0.0,10.1,38.00999999999999,15.665299999999998,14.205,91
468,Keleki Latu,BUF,TE,301.0,0.0,15.526200000000001,0.0,8.55,41.3,15.526200000000001,12.339,92
469,Van Jefferson,WAS,WR,301.0,0.0,15.235275000000001,0.0,4.5,46.400000000000006,15.235275000000001,13.3075,156
470,Terrell Jennings,NE,RB,301.0,0.0,15.103825,0.0,0.9,54.60999999999999,15.103825,12.7135,146
471,Jam Miller,NE,RB,301.0,0.0,15.061650000000002,0.0,2.7,39.11999999999998,15.061650000000002,12.34725,147
472,Roman Hemby,LV,RB,301.0,0.0,15.012900000000002,0.0,2.4000000000000004,42.4,15.012900000000002,12.59975,148
473,Luke Farrell,SF,TE,301.0,0.0,14.918375,0.0,10.100000000000001,36.7,14.918375,14.38425,93
474,Nate Adkins,DEN,TE,301.0,0.0,14.60865,0.0,8.4,38.3,14.60865,13.53325,94
475,Brandon Allen,NYG,QB,301.0,0.0,14.551955,0.0,1.16,48.364,14.551955,14.50475,77
476,Jalen Brooks,ARI,WR,301.0,0.0,14.393475,0.0,6.6,39.9,14.393475,11.954,157
477,Kaden Wetjen,PIT,WR,301.0,0.0,14.3118,0.0,1.2,33.4,14.3118,12.51,158
478,Jonathan Mingo,DAL,WR,301.0,0.0,14.266375,0.0,6.7,38.709999999999994,14.266375,12.349,159
479,Scott Miller,CHI,WR,301.0,0.0,14.205025,0.0,4.8,42.1,14.205025,12.7275,160
480,Velus Jones Jr.,SEA,RB,301.0,0.0,14.114100000000002,0.0,1.6,43.809999999999995,14.114100000000002,12.18325,149
481,Isaac Guerendo,SF,RB,301.0,0.0,13.949425,0.0,1.6,38.319999999999986,13.949425,13.9305,150
482,Andrew Ogletree,IND,TE,301.0,0.0,13.794725,0.0,9.3,33.3,13.794725,14.26925,95
483,Shedrick Jackson,LV,WR,301.0,0.0,13.752325,0.0,1.0,41.80999999999999,13.752325,12.08625,161
484,Tanner Conner,NYG,TE,301.0,0.0,13.740324999999999,0.0,5.300000000000001,40.01999999999998,13.740324999999999,13.03325,96
485,Chris Oladokun,KC,QB,301.0,0.0,13.655915,0.0,2.25,39.264,13.655915,13.57975,78
486,Malachi Corley,CLE,WR,301.0,0.0,13.533775000000002,0.0,4.1,39.209999999999994,13.533775000000002,13.2905,162
487,Kalel Mullings,TEN,RB,301.0,0.0,13.470500000000001,0.0,2.4000000000000004,44.00999999999999,13.470500000000001,13.15525,151
488,Brayden Willis,SF,TE,301.0,0.0,13.408625,0.0,7.0,36.9,13.408625,12.19725,97
489,Donovan Edwards,MIA,RB,301.0,0.0,13.2776,0.0,2.6,36.91,13.2776,12.45125,152
490,Dean Connors,LAR,RB,301.0,0.0,13.139675,0.0,1.7000000000000002,35.91999999999999,13.139675,12.66625,153
491,Lucas Krull,DEN,TE,301.0,0.0,13.135674999999999,0.0,6.0,35.9,13.135674999999999,12.62975,98
492,Case Keenum,CHI,QB,301.0,0.0,13.133775000000002,0.0,0.0,42.27199999999997,13.133775000000002,13.2185,79
493,Elijah Tau-Tolliver,BAL,RB,301.0,0.0,13.092300000000002,0.0,1.6,35.3,13.092300000000002,12.62925,154
494,Jordan Watkins,SF,WR,301.0,0.0,13.0585,0.0,4.0,38.219999999999985,13.0585,12.45825,163
495,Bauer Sharp,TB,TE,301.0,0.0,13.037025000000002,0.0,2.1,31.200000000000003,13.037025000000002,12.79925,99
496,Charlie Woerner,ATL,TE,301.0,0.0,13.004074999999998,1.0,10.100000000000001,29.3,13.004074999999998,14.1565,100
497,Josh Cuevas,BAL,TE,301.0,0.0,12.7042,0.0,2.3,31.00999999999999,12.7042,12.8845,101
498,Jerome Ford,WAS,RB,301.0,0.0,12.639925,0.0,1.4000000000000001,42.4,12.639925,13.05875,155
499,Sam Roush,CHI,TE,301.0,0.0,12.634150000000002,0.0,0.0,25.109999999999992,12.634150000000002,2.46125,102
500,Sincere McCormick,SF,RB,301.0,0.0,12.63075,0.0,1.5,35.41,12.63075,12.20075,156
501,Ahmani Marshall,CLE,RB,301.0,0.0,12.603575000000001,0.0,2.0,33.9,12.603575000000001,12.61025,157
502,Aidan O'Connell,LV,QB,301.0,0.0,12.456584999999999,0.0,2.25,33.93799999999999,12.456584999999999,13.5275,80
503,Robert Henry,WAS,RB,301.0,0.0,12.39175,0.0,1.1,32.60999999999999,12.39175,12.873,158
504,Malik Cunningham,DET,WR,301.0,0.0,12.378650000000002,0.0,0.0,35.30999999999999,12.378650000000002,11.78975,164
505,Jared Wiley,KC,TE,301.0,0.0,12.150525000000002,0.0,7.6,30.700000000000003,12.150525000000002,12.74875,103
506,Jack Westover,NE,RB,301.0,0.0,12.073975,0.0,1.4,33.900000000000006,12.073975,12.8945,159
507,Carson Steele,PHI,RB,301.0,0.0,12.032200000000001,0.0,1.8,32.40999999999999,12.032200000000001,12.3665,160
508,Noah Whittington,HOU,RB,301.0,0.0,11.9971,0.0,1.0,31.519999999999982,11.9971,12.697,161
509,Tommy DeVito,NE,QB,301.0,0.0,11.84919,0.0,0.1,38.044,11.84919,13.696,81
510,Sam Ehlinger,DEN,QB,301.0,0.0,11.78168,0.0,0.0,36.73399999999999,11.78168,13.6385,82
511,Reggie Virgil,ARI,WR,301.0,0.0,11.7334,0.0,1.1,30.709999999999994,11.7334,12.14925,165
512,Jaydn Ott,KC,RB,301.0,0.0,11.634675,0.0,1.2,31.8,11.634675,12.7435,162
513,Jalen Royals,KC,WR,301.0,0.0,11.60045,0.0,6.7,29.7,11.60045,12.73875,166
514,Trevor Siemian,ATL,QB,301.0,0.0,11.541960000000001,0.0,0.2,36.48799999999999,11.541960000000001,13.45725,83
515,Jacob Saylors,DET,RB,301.0,0.0,11.445125,0.0,1.9,35.809999999999995,11.445125,14.066,163
516,Cam Grandy,CIN,TE,301.0,0.0,11.4237,0.0,4.4,34.1,11.4237,12.81425,104
517,Tim Patrick,NYJ,WR,301.0,0.0,11.402349999999998,0.0,5.1,32.0,11.402349999999998,13.312,167
518,Eric Saubert,SEA,TE,301.0,0.0,11.179525,0.0,7.1000000000000005,27.4,11.179525,13.4775,105
519,Mason Tipton,NO,WR,301.0,0.0,11.161200000000001,0.0,4.2,31.30999999999999,11.161200000000001,13.867,168
520,Joe Royer,CLE,TE,301.0,0.0,11.12655,0.0,1.4,27.00999999999999,11.12655,13.11575,106
521,Cole Payton,PHI,QB,301.0,0.0,11.11008,0.0,0.30000000000000004,33.83999999999996,11.11008,13.6675,84
522,David Sills,TB,WR,301.0,0.0,11.014250000000002,0.0,3.0,32.709999999999994,11.014250000000002,13.43925,169
523,Tai Felton,MIN,WR,301.0,0.0,10.967,0.0,5.7,29.8,10.967,13.79975,170
524,Ty Chandler,NO,RB,301.0,0.0,10.940775000000002,0.0,0.5,32.93999999999996,10.940775000000002,11.814,164
525,Sam Hartman,WAS,QB,301.0,0.0,10.758004999999999,0.0,0.22,32.101999999999975,10.758004999999999,13.73825,85
526,Austin Trammell,JAX,WR,301.0,0.0,10.7204,0.0,0.45,33.30999999999999,10.7204,12.22475,171
527,Jaden Nixon,GB,RB,301.0,0.0,10.6786,0.0,0.1,27.80999999999999,10.6786,12.7155,165
528,Ronnie Bell,NO,WR,301.0,0.0,10.677325000000002,0.0,2.0,31.709999999999994,10.677325000000002,11.61825,172
529,Anderson Castle,IND,RB,301.0,0.0,10.572724999999998,0.0,1.0,28.3,10.572724999999998,12.85025,166
530,Ke'Shawn Williams,CIN,WR,301.0,0.0,10.459299999999999,0.0,1.7000000000000002,31.3,10.459299999999999,12.137,173
531,Durham Smythe,BAL,TE,301.0,0.0,10.3032,0.0,7.0,25.0,10.3032,13.716,107
532,Jelani Woods,NYJ,TE,301.0,0.0,10.255175000000001,0.0,5.2,27.5,10.255175000000001,12.924,108
533,Pierre Strong,GB,RB,301.0,0.0,10.240475,0.0,0.0,27.609999999999992,10.240475,12.59575,167
534,Harrison Bryant,SEA,TE,301.0,0.0,10.220125,0.0,5.300000000000001,27.3,10.220125,11.83225,109
535,Connor Heyward,LV,TE,301.0,0.0,10.201325,0.0,2.2,25.1,10.201325,12.758,110
536,Carter Bradley,JAX,QB,301.0,0.0,10.127540000000002,0.0,0.1,27.64,10.127540000000002,13.72375,86
537,Will Levis,TEN,QB,301.0,0.0,10.091830000000002,0.0,0.48,28.52799999999999,10.091830000000002,13.651,87
538,Will Grier,CAR,QB,301.0,0.0,10.086095000000002,0.0,0.0,31.407999999999998,10.086095000000002,13.398,88
539,Israel Abanikanda,DAL,RB,301.0,0.0,10.083675,0.0,0.9,27.5,10.083675,12.198,168
540,Khalil Dinkins,SF,TE,301.0,0.0,10.074875,0.0,1.6,24.00999999999999,10.074875,12.96825,111
541,Kylen Granson,TEN,TE,301.0,0.0,10.057625,0.0,6.0,26.200000000000003,10.057625,13.7885,112
542,Tom Kennedy,DET,WR,301.0,0.0,10.05,0.0,2.0,30.519999999999982,10.05,11.5415,174
543,Eli Heidenreich,PIT,RB,301.0,0.0,10.045725000000001,0.0,0.4,28.00999999999999,10.045725000000001,12.4725,169
544,Blake Whiteheart,CLE,TE,301.0,0.0,9.997800000000002,0.0,6.800000000000001,24.1,9.997800000000002,14.21575,113
545,Sam Howell,DAL,QB,301.0,0.0,9.94173,0.0,0.26,28.480000000000004,9.94173,13.29525,89
546,Davon Booth,CLE,RB,301.0,0.0,9.93465,0.0,0.30000000000000004,25.429999999999975,9.93465,12.645,170
547,J'mari Taylor,JAX,RB,301.0,0.0,9.79775,0.0,0.0,24.50999999999999,9.79775,12.72575,171
548,Xavier Restrepo,TEN,WR,301.0,0.0,9.788375,0.0,0.0,31.3,9.788375,11.9335,175
549,Cash Jones,ATL,RB,301.0,0.0,9.672875,0.0,0.0,24.90999999999999,9.672875,13.11925,172
550,Kurtis Rourke,SF,QB,301.0,0.0,9.653855,0.0,0.08,27.527999999999995,9.653855,13.72225,90
551,Miles Davis,CAR,RB,301.0,0.0,9.642975000000002,0.0,0.0,25.50999999999999,9.642975000000002,12.61125,173
552,T.J. Harden,CLE,RB,301.0,0.0,9.5105,0.0,0.5,24.41999999999998,9.5105,12.27025,174
553,Darius Cooper,PHI,WR,301.0,0.0,9.4862,0.0,3.1,27.609999999999992,9.4862,13.626,176
554,British Brooks,HOU,RB,301.0,0.0,9.417950000000001,0.0,1.8,28.6,9.417950000000001,14.07575,175
555,Kameron Johnson,TB,WR,301.0,0.0,9.406,0.0,3.0,27.50999999999999,9.406,13.803,177
556,James Mitchell,CAR,TE,301.0,0.0,9.3941,0.0,2.6,28.5,9.3941,12.762,114
557,Patrick Gurd,LV,TE,301.0,0.0,9.382525000000001,0.0,1.5,23.0,9.382525000000001,13.02675,115
558,Julius Chestnut,TEN,RB,301.0,0.0,9.327675,0.0,0.8,30.209999999999994,9.327675,13.9275,176
559,Cedrick Wilson Jr.,DET,WR,301.0,0.0,9.30655,0.0,2.9000000000000004,27.609999999999992,9.30655,11.652,178
560,Travis Homer,PIT,RB,301.0,0.0,9.246400000000001,0.0,1.8,28.3,9.246400000000001,12.39375,177
561,CJ Dippre,NE,TE,301.0,0.0,9.200625,0.0,1.4,22.0,9.200625,12.74025,116
562,Brycen Tremayne,CAR,WR,301.0,0.0,9.194475000000002,0.0,2.1,27.2,9.194475000000002,13.834,179
563,Damon Bankston,NYG,RB,301.0,0.0,9.099849999999998,0.0,0.0,23.409999999999993,9.099849999999998,12.80275,178
564,Ben Yurosek,MIN,TE,301.0,0.0,9.09345,0.0,5.5,23.0,9.09345,13.84375,117
565,DJ Uiagalelei,LAC,QB,301.0,0.0,9.04193,0.0,0.0,26.163999999999998,9.04193,13.818,91
566,Jabari Small,DET,RB,301.0,0.0,9.012974999999999,0.0,0.0,23.909999999999993,9.012974999999999,12.43625,179
567,Shane Buechele,BUF,QB,301.0,0.0,9.002955000000002,0.0,1.3,23.209999999999994,9.002955000000002,12.42575,92
568,Coleman Bennett,CHI,RB,301.0,0.0,8.98285,0.0,0.0,21.5,8.98285,12.60575,180
569,Graham Mertz,HOU,QB,301.0,0.0,8.86554,0.0,0.0,24.679999999999964,8.86554,13.6625,93
570,Easton Stick,IND,QB,301.0,0.0,8.83342,0.0,0.0,25.363999999999997,8.83342,13.487,94
571,Joey Aguilar,JAX,QB,301.0,0.0,8.804560000000002,0.0,0.0,23.4,8.804560000000002,13.86075,95
572,Athan Kaliakmanis,WAS,QB,301.0,0.0,8.803055,0.0,0.1,24.407999999999994,8.803055,13.47125,96
573,Behren Morton,NE,QB,301.0,0.0,8.80025,0.0,0.0,24.244,8.80025,13.758,97
574,Chip Trayanum,NYJ,RB,301.0,0.0,8.688075000000001,0.0,0.0,21.50999999999999,8.688075000000001,12.736,181
575,Nate Carter,ATL,RB,301.0,0.0,8.584925,0.0,1.0,20.819999999999983,8.584925,13.29675,182
576,Skyy Moore,GB,WR,301.0,0.0,8.546525,0.0,2.6,25.4,8.546525,13.3,180
577,Ben Nikkel,IND,WR,301.0,0.0,8.482325000000001,0.0,1.3,21.9,8.482325000000001,12.579,181
578,Luke Altmyer,DET,QB,301.0,0.0,8.48151,0.0,0.0,21.69199999999999,8.48151,13.72325,98
579,Brenen Thompson,LAC,WR,301.0,0.0,8.474825000000001,0.0,0.0,15.700000000000001,8.474825000000001,3.0715,182
580,Salvon Ahmed,CHI,RB,301.0,0.0,8.46525,0.0,0.0,21.409999999999993,8.46525,12.23275,183
581,Jamal Haynes,CIN,RB,301.0,0.0,8.462975,0.0,0.0,22.109999999999992,8.462975,12.8275,184
582,Jack Strand,ATL,QB,301.0,0.0,8.440165,0.0,0.2,22.604,8.440165,13.42875,99
583,Miller Moss,CHI,QB,301.0,0.0,8.405119999999998,0.0,0.0,22.32,8.405119999999998,13.76375,100
584,Gabriel Benyard,BUF,WR,301.0,0.0,8.390325,0.0,1.0,21.2,8.390325,12.68825,183
585,Haynes King,CAR,QB,301.0,0.0,8.38332,0.0,0.0,22.4,8.38332,13.9605,101
586,Shane Zylstra,BUF,TE,301.0,0.0,8.318275,0.0,3.35,23.4,8.318275,12.5775,118
587,Jacob Clark,LV,QB,301.0,0.0,8.307084999999999,0.0,0.0,22.045999999999992,8.307084999999999,13.8655,102
588,Hendon Hooker,TEN,QB,301.0,0.0,8.261685000000002,0.0,0.0,23.137999999999984,8.261685000000002,13.80775,103
589,Jake Briningstool,KC,TE,301.0,0.0,8.235125,0.0,1.0,20.200000000000003,8.235125,12.72525,119
590,Anthony Hankerson,MIA,RB,301.0,0.0,8.226,0.0,0.0,20.5,8.226,12.458,185
591,Robbie Ouzts,SEA,RB,301.0,0.0,8.224650000000002,0.0,3.9000000000000004,22.3,8.224650000000002,13.6005,186
592,Samori Toure,PHI,WR,301.0,0.0,8.204125,0.0,0.0,24.2,8.204125,11.19275,184
593,Kevin Austin Jr.,NO,WR,301.0,0.0,8.11375,0.0,0.0,25.119999999999983,8.11375,12.1455,185
594,Colson Yankoff,WAS,TE,301.0,0.0,8.096675,0.0,3.8,22.2,8.096675,14.11425,120
595,Payne Durham,TB,TE,301.0,0.0,7.948275,0.0,5.6,19.0,7.948275,14.28625,121
596,Malik Benson,LV,WR,301.0,0.0,7.913475,0.0,0.4,19.00999999999999,7.913475,12.36575,186
597,Moliki Matavao,NO,TE,301.0,0.0,7.893775,0.0,4.0,21.0,7.893775,13.01025,122
598,Jordan Waters,LAR,RB,301.0,0.0,7.884725,0.0,0.0,19.909999999999993,7.884725,12.8025,187
599,Romello Brinson,DAL,WR,301.0,0.0,7.8511999999999995,0.0,1.0,17.90999999999999,7.8511999999999995,12.694,187
600,Josh Cameron,JAX,WR,301.0,0.0,7.845575000000001,0.0,0.0,19.0,7.845575000000001,12.397,188
601,Drew Allar,PIT,QB,301.0,0.0,7.83483,0.0,0.0,14.127999999999993,7.83483,1.91425,104
602,Stetson Bennett,LAR,QB,301.0,0.0,7.800485000000001,0.0,0.0,19.427999999999976,7.800485000000001,13.75225,105
603,Tyler Johnson,DAL,WR,301.0,0.0,7.763825000000001,0.0,0.7000000000000001,23.90999999999999,7.763825000000001,12.56825,189
604,Kyle McCord,GB,QB,301.0,0.0,7.735595,0.0,0.2,21.482,7.735595,13.54625,106
605,Brevin Jordan,HOU,TE,301.0,0.0,7.684525,0.0,0.0,18.9,7.684525,12.49125,123
606,Connor Bazelak,TB,QB,301.0,0.0,7.637585,0.0,0.0,20.96,7.637585,13.86625,107
607,Stone Smartt,PHI,TE,301.0,0.0,7.6259500000000005,0.0,0.0,23.209999999999994,7.6259500000000005,13.68625,124
608,Tyrell Shavers,BUF,WR,301.0,0.0,7.56175,0.0,2.0,24.00999999999999,7.56175,14.0105,190
609,Sam Scott,NYJ,RB,301.0,0.0,7.491524999999999,0.0,0.0,20.0,7.491524999999999,12.6655,188
610,E.J. Smith,KC,RB,301.0,0.0,7.43275,0.0,0.0,20.42999999999997,7.43275,12.65025,189
611,Diego Pavia,BAL,QB,301.0,0.0,7.408600000000001,0.0,0.0,19.704,7.408600000000001,13.8965,108
612,Jalon Daniels,TB,QB,301.0,0.0,7.38877,0.0,0.0,19.4,7.38877,13.74975,109
613,Joe Fagnano,BAL,QB,301.0,0.0,7.379745,0.0,0.0,20.560000000000002,7.379745,13.852,110
614,Johnny Pascuzzi,LAC,TE,301.0,0.0,7.3755250000000006,0.0,0.0,18.30999999999999,7.3755250000000006,12.97625,125
615,Theo Wease Jr.,MIA,WR,301.0,0.0,7.3629750000000005,0.0,0.0,20.3,7.3629750000000005,12.18275,191
616,Jonathan Brady,LV,WR,301.0,0.0,7.3536,0.0,1.0,19.339999999999964,7.3536,12.547,192
617,Elijah Mitchell,PHI,RB,301.0,0.0,7.3001000000000005,0.0,0.0,22.709999999999994,7.3001000000000005,11.23575,190
618,Kadarius Calloway,TB,RB,301.0,0.0,7.29145,0.0,0.0,18.9,7.29145,12.57425,191
619,Arian Smith,NYJ,WR,301.0,0.0,7.2401,0.0,3.0,21.0,7.2401,13.9155,193
620,Kevin Coleman,MIA,WR,301.0,0.0,7.2105,0.0,0.0,17.6,7.2105,12.3315,194
621,David Martin-Robinson,TEN,TE,301.0,0.0,7.148925,0.0,2.9000000000000004,19.700000000000003,7.148925,14.4345,126
622,Dontae McMillan,BAL,RB,301.0,0.0,7.132575,0.0,0.0,19.1,7.132575,12.9765,192
623,Sean Clifford,CIN,QB,301.0,0.0,7.08176,0.0,0.0,17.262,7.08176,13.823,111
624,Jaheim Bell,PIT,TE,301.0,0.0,7.06435,0.0,0.0,17.4,7.06435,12.676,127
625,Luke Wysong,MIN,WR,301.0,0.0,7.063475,0.0,1.0,18.50999999999999,7.063475,12.67825,195
626,Evan Hull,HOU,RB,301.0,0.0,7.06285,0.0,0.0,20.909999999999993,7.06285,12.17925,193
627,Michael Trigg,DAL,TE,301.0,0.0,6.930725000000001,0.0,0.0,17.40999999999999,6.930725000000001,12.83575,128
628,C.J. Donaldson,NO,RB,301.0,0.0,6.9076,0.0,0.0,16.2,6.9076,12.34375,194
629,Britain Covey,PHI,WR,301.0,0.0,6.885425000000001,0.0,0.0,21.1,6.885425000000001,11.91725,196
630,Carlos Washington,MIA,RB,301.0,0.0,6.883575,0.0,0.0,17.109999999999992,6.883575,12.569,195
631,Gavin Bartholomew,MIN,TE,301.0,0.0,6.854674999999999,0.0,0.0,17.40999999999999,6.854674999999999,12.68675,129
632,Will Howard,PIT,QB,301.0,0.0,6.847215,0.0,0.0,17.105999999999995,6.847215,13.6845,112
633,Brady Russell,SEA,RB,301.0,0.0,6.82725,0.0,3.1,18.709999999999994,6.82725,14.23425,196
634,Gage Larvadain,CLE,WR,301.0,0.0,6.7943999999999996,0.0,0.0,21.9,6.7943999999999996,13.336,197
635,Max Hurleman,PIT,RB,301.0,0.0,6.776075,0.0,0.0,16.129999999999974,6.776075,12.60825,197
636,Dominic Richardson,DAL,RB,301.0,0.0,6.71095,0.0,0.0,16.30999999999999,6.71095,12.85775,198
637,Chris Collier,LV,RB,301.0,0.0,6.6732000000000005,0.0,0.0,16.1,6.6732000000000005,12.693,199
638,Myles Montgomery,NE,RB,301.0,0.0,6.6701749999999995,0.0,0.0,14.009999999999993,6.6701749999999995,12.53925,200
639,Mason Kinsey,TEN,WR,301.0,0.0,6.666099999999999,0.0,1.0,21.00999999999999,6.666099999999999,11.3505,198
640,Tre Watson,KC,TE,301.0,0.0,6.643325,0.0,0.0,15.3,6.643325,12.63375,130
641,Kyron Drones,GB,QB,301.0,0.0,6.631525000000001,0.0,0.0,17.72799999999999,6.631525000000001,13.6105,113
642,Skylar Thompson,BAL,QB,301.0,0.0,6.613569999999999,0.0,0.0,17.445999999999973,6.613569999999999,13.7575,114
643,Jalin Hyatt,NYG,WR,301.0,0.0,6.412825000000001,0.0,0.0,20.609999999999992,6.412825000000001,13.14175,199
644,Bailey Zappe,NYJ,QB,301.0,0.0,6.404335,0.0,0.0,15.36,6.404335,13.4705,115
645,Braxton Berrios,NYG,WR,301.0,0.0,6.379975,0.0,0.0,20.0,6.379975,11.32875,200
646,Erick All,CIN,TE,301.0,0.0,6.369275,0.0,0.0,15.709999999999992,6.369275,12.7085,131
647,Jackson Meeks,DET,WR,301.0,0.0,6.353625,0.0,0.0,14.7,6.353625,12.02425,201
648,Tanner Arkin,NE,TE,301.0,0.0,6.334950000000001,0.0,0.0,14.4,6.334950000000001,12.786,132
649,Emmanuel Henderson,SEA,WR,301.0,0.0,6.250425,0.0,0.0,14.9,6.250425,12.2515,202
650,Damien Alford,NO,WR,301.0,0.0,6.194675,0.0,0.0,16.00999999999999,6.194675,12.596,203
651,Tahj Washington,MIA,WR,301.0,0.0,6.086975000000001,0.0,0.0,20.109999999999992,6.086975000000001,12.64925,204
652,Cole Turner,MIA,TE,301.0,0.0,6.081799999999999,0.0,0.0,14.409999999999991,6.081799999999999,12.582,133
653,Ben Skowronek,PIT,WR,301.0,0.0,6.037425,0.0,1.8,18.2,6.037425,13.9625,205
654,Matthew Caldwell,LAR,QB,301.0,0.0,6.022455,0.0,0.0,13.761999999999997,6.022455,13.56325,116
655,Joshua Simon,ATL,TE,301.0,0.0,5.928100000000001,0.0,0.0,14.609999999999992,5.928100000000001,13.05525,134
656,Kejon Owens,MIN,RB,301.0,0.0,5.8546499999999995,0.0,0.0,14.109999999999992,5.8546499999999995,12.8395,201
657,Messiah Swinson,GB,TE,301.0,0.0,5.839450000000001,0.0,0.0,13.7,5.839450000000001,12.8275,135
658,Kenny McIntosh,SEA,RB,301.0,0.0,5.792325000000001,0.0,0.0,13.2,5.792325000000001,12.49675,202
659,Kentrel Bullock,CIN,RB,301.0,0.0,5.7837000000000005,0.0,0.0,13.4,5.7837000000000005,12.70525,203
660,Bryson Nesbit,MIN,TE,301.0,0.0,5.7698,0.0,0.0,13.8,5.7698,12.707,136
661,Layne Pryor,HOU,TE,301.0,0.0,5.7532749999999995,0.0,0.0,12.819999999999983,5.7532749999999995,12.6775,137
662,Qadir Ismail,CHI,TE,301.0,0.0,5.6452,0.0,0.0,13.3,5.6452,12.90825,138
663,Zach Horton,DET,TE,301.0,0.0,5.637449999999999,0.0,0.0,13.600000000000001,5.637449999999999,12.714,139
664,Derius Davis,LAC,WR,301.0,0.0,5.551799999999999,0.0,1.0,17.209999999999994,5.551799999999999,13.07525,206
665,Kye Robichaux,DET,RB,301.0,0.0,5.54535,0.0,0.0,12.109999999999992,5.54535,12.467,204
666,Lake McRee,PIT,TE,301.0,0.0,5.4742999999999995,0.0,0.0,13.4,5.4742999999999995,12.815,140
667,Lewis Bond,HOU,WR,301.0,0.0,5.41,0.0,0.0,13.4,5.41,12.39875,207
668,Adrian Martinez,SF,QB,301.0,0.0,5.379365,0.0,0.0,11.64,5.379365,13.10725,117
669,Evan Svoboda,LAC,TE,301.0,0.0,5.321175,0.0,0.0,12.0,5.321175,12.8415,141
670,Kenny Fletcher,TB,TE,301.0,0.0,5.298125,0.0,0.0,11.5,5.298125,12.619,142
671,Rivaldo Fairweather,ARI,TE,301.0,0.0,5.24165,0.0,0.0,12.009999999999991,5.24165,12.8805,143
672,Lawrence Cager,WAS,TE,301.0,0.0,5.240774999999999,0.0,0.0,12.0,5.240774999999999,12.60425,144
673,Carsen Ryan,CLE,TE,301.0,0.0,5.202625,0.0,0.0,13.3,5.202625,12.824,145
674,C.J. Williams,JAX,WR,301.0,0.0,5.180225,0.0,0.0,12.4,5.180225,12.40625,208
675,Cody Schrader,DEN,RB,301.0,0.0,5.1435,0.0,0.0,11.7,5.1435,12.7015,205
676,Chris Brazzell,CAR,WR,301.0,0.0,5.128100000000001,0.0,0.0,7.109999999999991,5.128100000000001,12.273,209
677,Tylan Wallace,CLE,WR,301.0,0.0,5.059875,0.0,0.75,15.4,5.059875,12.91125,210
678,Stephen Carlson,CHI,TE,301.0,0.0,5.0516499999999995,0.0,0.0,11.0,5.0516499999999995,12.427,146
679,Dante Miller,NYG,RB,301.0,0.0,5.040375,0.0,0.0,9.509999999999991,5.040375,12.799,206
680,Ty Pezza,BAL,WR,301.0,0.0,5.0265249999999995,0.0,0.0,12.8,5.0265249999999995,12.30875,211
681,Jerand Bradley,LAC,WR,301.0,0.0,4.9330750000000005,0.0,0.0,12.4,4.9330750000000005,12.2255,212
682,Devin Duvernay,ARI,WR,301.0,0.0,4.86895,0.0,0.0,14.8,4.86895,13.297,213
683,C.J. Daniels,LAR,WR,301.0,0.0,4.82775,0.0,0.0,11.10999999999999,4.82775,12.618,214
684,Anthony Gould,IND,WR,301.0,0.0,4.7805,0.0,0.4,15.3,4.7805,13.2015,215
685,Garrett Nussmeier,KC,QB,301.0,0.0,4.73398,0.0,0.0,11.409999999999993,4.73398,13.86725,118
686,Jack Endries,CIN,TE,301.0,0.0,4.733275000000001,0.0,0.0,11.70999999999999,4.733275000000001,12.74475,147
687,Hayden Large,CHI,TE,301.0,0.0,4.6635,0.0,0.0,10.4,4.6635,12.8835,148
688,Ja'Lynn Polk,NO,WR,301.0,0.0,4.58625,0.0,0.0,11.009999999999991,4.58625,12.11425,216
689,Jalen Reagor,MIA,WR,301.0,0.0,4.4715,0.0,0.0,10.5,4.4715,11.824,217
690,Tim Jones,JAX,WR,301.0,0.0,4.451474999999999,0.0,0.0,14.8,4.451474999999999,11.57075,218
691,Mark Redman,LAR,TE,301.0,0.0,4.425175,0.0,0.0,10.7,4.425175,12.80675,149
692,D.J. Rogers,DAL,TE,301.0,0.0,4.37875,0.0,0.0,10.609999999999992,4.37875,13.01625,150
693,Eric Gray,NYG,RB,301.0,0.0,4.276075,0.0,0.2,13.6,4.276075,12.902,207
694,Jeshaun Jones,MIN,WR,301.0,0.0,4.181725,0.0,0.0,9.2,4.181725,11.87525,219
695,Lance Mason,SEA,TE,301.0,0.0,4.166600000000001,0.0,0.0,10.2,4.166600000000001,12.7845,151
696,Nikola Kalinic,CHI,TE,301.0,0.0,4.159725000000001,0.0,0.0,8.0,4.159725000000001,12.314,152
697,Jack Velling,ATL,TE,301.0,0.0,4.137575,0.0,0.0,10.809999999999992,4.137575,12.785,153
698,Efton Chism III,NE,WR,301.0,0.0,4.101424999999999,0.0,0.0,13.709999999999992,4.101424999999999,12.8645,220
699,Carter Runyon,LV,TE,301.0,0.0,4.08815,0.0,1.2,12.7,4.08815,12.325,154
700,JJ Galbreath,PIT,TE,301.0,0.0,4.070625000000001,0.0,0.0,10.0,4.070625000000001,12.8745,155
701,Ko Kieft,TB,TE,301.0,0.0,4.029375,0.0,1.7000000000000002,11.8,4.029375,12.62575,156
702,Zaire Mitchell-Paden,NO,TE,301.0,0.0,4.022950000000001,0.0,1.0,12.3,4.022950000000001,12.42025,157
703,Princeton Fant,DAL,TE,301.0,0.0,3.961525,0.0,0.0,9.1,3.961525,12.157,158
704,Julian Hill,NE,TE,301.0,0.0,3.9216,0.0,0.0,13.109999999999992,3.9216,4.087,159
705,Chris Manhertz,NYG,TE,301.0,0.0,3.86825,0.0,2.0,10.609999999999992,3.86825,14.08625,160
706,Patrick Ricard,NYG,RB,301.0,0.0,3.8061749999999996,0.0,2.0,10.4,3.8061749999999996,12.74625,208
707,Ethan Conner,JAX,TE,301.0,0.0,3.7564000000000006,0.0,0.0,8.109999999999992,3.7564000000000006,12.81125,161
708,Patrick Herbert,JAX,TE,301.0,0.0,3.74835,0.0,0.0,8.6,3.74835,13.0855,162
709,Treyton Welch,NO,TE,301.0,0.0,3.7088500000000004,0.0,0.0,8.100000000000001,3.7088500000000004,12.9495,163
710,Odell Beckham Jr.,NYG,WR,301.0,0.0,3.6974,0.0,0.0,9.100000000000001,3.6974,11.61075,221
711,Reggie Gilliam,NE,RB,301.0,0.0,3.6458000000000004,0.0,1.8,10.309999999999992,3.6458000000000004,13.58725,209
712,Xavier Gipson,NYG,WR,301.0,0.0,3.6382,0.0,0.0,9.309999999999992,3.6382,10.818,222
713,Louis Hansen,HOU,TE,301.0,0.0,3.6205,0.0,0.0,7.709999999999991,3.6205,13.0355,164
714,Andrew Armstrong,KC,WR,301.0,0.0,3.6043000000000003,0.0,0.0,8.1,3.6043000000000003,12.53225,223
715,Patrick Taylor,SF,RB,301.0,0.0,3.580425,0.0,0.0,7.0,3.580425,12.11,210
716,Joel Wilson,TEN,TE,301.0,0.0,3.5730999999999997,0.0,0.0,9.109999999999992,3.5730999999999997,12.6505,165
717,Jakobie Keeney-James,GB,WR,301.0,0.0,3.567125,0.0,0.0,12.2,3.567125,12.1035,224
718,Thomas Gordon,DET,TE,301.0,0.0,3.54155,0.0,0.0,8.2,3.54155,13.068,166
719,Jack Stoll,CLE,TE,301.0,0.0,3.5378249999999998,0.0,0.0,11.600000000000001,3.5378249999999998,13.51625,167
720,Josh Kattus,CIN,TE,301.0,0.0,3.5239249999999998,0.0,0.0,8.3,3.5239249999999998,12.74525,168
721,John Michael Gyllenborg,KC,TE,301.0,0.0,3.405,0.0,0.0,7.7,3.405,12.96425,169
722,Charlie Jones,CIN,WR,301.0,0.0,3.4040749999999997,0.0,0.0,11.2,3.4040749999999997,13.7635,225
723,Montorie Foster Jr,SEA,WR,301.0,0.0,3.37825,0.0,0.0,8.009999999999991,3.37825,12.38075,226
724,Ricky Pearsall,SF,WR,301.0,0.0,3.30845,0.0,0.0,6.300000000000001,3.30845,12.94225,227
725,Terrace Marshall Jr.,MIA,WR,301.0,0.0,3.2945,0.0,0.0,7.9,3.2945,11.69775,228
726,Caleb Lohner,DEN,TE,301.0,0.0,3.2843500000000003,0.0,0.0,7.9,3.2843500000000003,12.90475,170
727,Dareke Young,LV,WR,301.0,0.0,3.22405,0.0,0.0,10.5,3.22405,12.31575,229
728,Cody Hardy,NO,TE,301.0,0.0,3.219325,0.0,0.0,7.709999999999991,3.219325,12.7635,171
729,Tyler Scott,LAR,WR,301.0,0.0,3.1910250000000002,0.0,0.0,8.5,3.1910250000000002,12.012,230
730,Devin Culp,TB,TE,301.0,0.0,3.1846000000000005,0.0,0.0,10.2,3.1846000000000005,14.02425,172
731,Cameron Latu,PHI,TE,301.0,0.0,3.181475,0.0,1.0,10.0,3.181475,12.1795,173
732,David Moore,CAR,WR,301.0,0.0,3.0941750000000003,0.0,0.0,10.0,3.0941750000000003,11.8645,231
733,Jaren Kanak,TEN,TE,301.0,0.0,3.05775,0.0,0.0,7.4,3.05775,12.641,174
734,Jared Wayne,HOU,WR,301.0,0.0,3.03395,0.0,0.0,9.509999999999991,3.03395,11.5525,232
735,Dan Villari,LAR,TE,301.0,0.0,3.0090749999999997,0.0,0.0,7.300000000000001,3.0090749999999997,12.951,175
736,Chase Curtis,NYJ,TE,301.0,0.0,2.988525,0.0,0.0,6.800000000000001,2.988525,13.20725,176
737,Isaiah Neyor,GB,WR,301.0,0.0,2.982125,0.0,0.0,7.2,2.982125,12.38175,233
738,Thomas Fidone II,NYG,TE,301.0,0.0,2.7822250000000004,0.0,0.1,8.8,2.7822250000000004,13.407,177
739,Dillon Bell,MIN,WR,301.0,0.0,2.770475,0.0,0.0,7.4,2.770475,12.1685,234
740,A.T. Perry,PIT,WR,301.0,0.0,2.7675,0.0,0.0,6.5,2.7675,12.28425,235
741,Quez Watkins,PHI,WR,301.0,0.0,2.7133,0.0,0.0,5.9,2.7133,11.9445,236
742,Vinny Anthony,ATL,WR,301.0,0.0,2.6868499999999997,0.0,0.0,6.2,2.6868499999999997,12.13225,237
743,Bryce Oliver,TEN,WR,301.0,0.0,2.65675,0.0,0.0,9.0,2.65675,12.31625,238
744,Miles Kitselman,DET,TE,301.0,0.0,2.64975,0.0,0.0,5.4,2.64975,13.0345,178
745,Malik Turner,SF,WR,301.0,0.0,2.649575,0.0,0.0,8.609999999999992,2.649575,11.31575,239
746,Rohan Jones,LAR,TE,301.0,0.0,2.638875,0.0,0.0,4.800000000000001,2.638875,13.166,179
747,Dae'Quan Wright,PHI,TE,301.0,0.0,2.5766500000000003,0.0,0.0,4.909999999999991,2.5766500000000003,12.5955,180
748,Nikko Remigio,KC,WR,301.0,0.0,2.542675,0.0,0.0,8.2,2.542675,13.49925,240
749,Will Sheppard,GB,WR,301.0,0.0,2.5397250000000002,0.0,0.0,5.2,2.5397250000000002,12.2735,241
750,R.J. Maryland,GB,TE,301.0,0.0,2.5325999999999995,0.0,0.0,4.4,2.5325999999999995,13.13575,181
751,Quentin Moore,WAS,TE,301.0,0.0,2.448175,0.0,0.0,6.209999999999991,2.448175,13.3145,182
752,K.J. Osborn,TEN,WR,301.0,0.0,2.409125,0.0,0.0,6.1,2.409125,12.18875,242
753,Robert Tonyan,PIT,TE,301.0,0.0,2.3765,0.0,1.0,7.5,2.3765,13.935,183
754,Hayden Rucci,SF,TE,301.0,0.0,2.319275,0.0,0.0,7.609999999999991,2.319275,11.28575,184
755,Jameson Geers,ARI,TE,301.0,0.0,2.3189,0.0,0.0,4.4,2.3189,12.93275,185
756,Anthony Smith,DAL,WR,301.0,0.0,2.2828000000000004,0.0,0.0,5.6,2.2828000000000004,12.425,243
757,Jamaal Pritchett,NYJ,WR,301.0,0.0,2.232675,0.0,0.0,5.409999999999991,2.232675,12.11725,244
758,Dayton Wade,BAL,WR,301.0,0.0,2.1549500000000004,0.0,0.0,4.1,2.1549500000000004,12.2955,245
759,Junior Bergen,SF,WR,301.0,0.0,2.13,0.0,0.0,4.9,2.13,12.034,246
760,Brandon Smith,PIT,WR,301.0,0.0,2.121625,0.0,0.0,4.1,2.121625,12.02175,247
761,Jason Brownlee,KC,WR,301.0,0.0,2.0970500000000003,0.0,0.0,7.0,2.0970500000000003,12.7995,248
762,Teagan Quitoriano,ARI,TE,301.0,0.0,2.062975,0.0,0.0,6.709999999999991,2.062975,13.801,186
763,Dennis Houston,TB,WR,301.0,0.0,2.005875,0.0,0.0,3.509999999999991,2.005875,12.28,249
764,Ja'Seem Reed,CAR,WR,301.0,0.0,1.9855,0.0,0.0,3.6,1.9855,12.138,250
765,Carson Towt,IND,TE,301.0,0.0,1.970075,0.0,0.0,3.5,1.970075,12.947,187
766,Brenden Bates,CLE,TE,301.0,0.0,1.9689,0.0,0.0,6.7,1.9689,12.7025,188
767,Dontae Fleming,MIN,WR,301.0,0.0,1.948575,0.0,0.0,4.1,1.948575,12.39925,251
768,Trey Palmer,NO,WR,301.0,0.0,1.9269,0.0,0.0,4.300000000000001,1.9269,12.2185,252
769,Brenden Rice,GB,WR,301.0,0.0,1.92345,0.0,0.0,3.6,1.92345,12.01175,253
770,Nick Kallerup,SEA,TE,301.0,0.0,1.8656000000000001,0.0,0.0,6.5,1.8656000000000001,13.612,189
771,Brennan Presley,LAR,WR,301.0,0.0,1.83205,0.0,0.0,3.6,1.83205,12.349,254
772,E.J. Jenkins,PHI,TE,301.0,0.0,1.8198999999999999,0.0,0.0,6.300000000000001,1.8198999999999999,12.2575,190
773,JaQuae Jackson,LAC,WR,301.0,0.0,1.8088499999999998,0.0,0.0,3.8,1.8088499999999998,12.4265,255
774,Noah Thomas,CIN,WR,301.0,0.0,1.7959,0.0,0.0,3.3000000000000003,1.7959,12.10925,256
775,Kedon Slovis,ARI,QB,301.0,0.0,1.776565,0.0,0.0,3.5199999999999996,1.776565,13.31625,119
776,Jacob Cowing,SF,WR,301.0,0.0,1.773125,0.0,0.0,3.1,1.773125,12.1785,257
777,Jamari Thrash,CLE,WR,301.0,0.0,1.756625,0.0,0.0,4.409999999999991,1.756625,12.867,258
778,Laquon Treadwell,IND,WR,301.0,0.0,1.7472,0.0,0.0,6.0,1.7472,11.06175,259
779,Maurice Alexander,CHI,WR,301.0,0.0,1.688025,0.0,0.0,3.2,1.688025,12.0935,260
780,Camden Brown,DAL,WR,301.0,0.0,1.687675,0.0,0.0,3.6,1.687675,12.11975,261
781,Chris Blair,ATL,WR,301.0,0.0,1.668725,0.0,0.0,5.6,1.668725,11.33175,262
782,Ricky White III,SEA,WR,301.0,0.0,1.6544,0.0,0.0,3.6,1.6544,12.32175,263
783,Dominic Lovett,DET,WR,301.0,0.0,1.6306500000000002,0.0,0.0,5.300000000000001,1.6306500000000002,13.4655,264
784,Trent Sherfield,BUF,WR,301.0,0.0,1.625675,0.0,0.0,5.6099999999999905,1.625675,12.338,265
785,Kendric Pryor,CIN,WR,301.0,0.0,1.614725,0.0,0.0,2.9,1.614725,12.492,266
786,Cody White,SEA,WR,301.0,0.0,1.58605,0.0,0.0,5.0,1.58605,12.78875,267
787,J.Michael Sturdivant,GB,WR,301.0,0.0,1.58395,0.0,0.0,3.109999999999991,1.58395,12.448,268
788,Kyle Dixon,NE,WR,301.0,0.0,1.5599,0.0,0.0,2.9,1.5599,12.739,269
789,JP Richardson,CHI,WR,301.0,0.0,1.548975,0.0,0.0,3.0,1.548975,12.18125,270
790,Sean McKeon,IND,TE,301.0,0.0,1.543175,0.0,0.0,3.2,1.543175,12.5315,191
791,Josh Kelly,HOU,WR,301.0,0.0,1.5368499999999998,0.0,0.0,2.6,1.5368499999999998,12.265,271
792,Caullin Lacy,NYJ,WR,301.0,0.0,1.5331750000000002,0.0,0.0,2.8,1.5331750000000002,12.5755,272
793,Feleipe Franks,CAR,TE,301.0,0.0,1.5263999999999998,0.0,0.0,4.309999999999992,1.5263999999999998,13.87675,192
794,Garrett Greene,TB,WR,301.0,0.0,1.507375,0.0,0.0,2.5,1.507375,12.3715,273
795,Chandler Brayboy,JAX,WR,301.0,0.0,1.490425,0.0,0.0,2.6,1.490425,12.16775,274
796,Dallen Bentley,DEN,TE,301.0,0.0,1.483325,0.0,0.0,2.6,1.483325,13.02575,193
797,Cornelius Johnson,BAL,WR,301.0,0.0,1.4055499999999999,0.0,0.0,2.7,1.4055499999999999,12.24725,275
798,Sincere Brown,LAC,WR,301.0,0.0,1.38365,0.0,0.0,2.4000000000000004,1.38365,12.59425,276
799,Kendrick Law,DET,WR,301.0,0.0,1.374125,0.0,0.0,1.7000000000000002,1.374125,12.12075,277
800,Kole Wilson,CLE,WR,301.0,0.0,1.3738500000000002,0.0,0.0,2.4000000000000004,1.3738500000000002,12.169,278
801,Omari Evans,KC,WR,301.0,0.0,1.362575,0.0,0.0,2.2,1.362575,12.18075,279
802,Jimmy Holiday,KC,WR,301.0,0.0,1.34695,0.0,0.0,2.4099999999999913,1.34695,12.26425,280
803,Tru Edwards,LAR,WR,301.0,0.0,1.3096750000000001,0.0,0.0,2.5,1.3096750000000001,12.39425,281
804,Trayvon Rudolph,MIN,WR,301.0,0.0,1.2875750000000001,0.0,0.0,2.3,1.2875750000000001,12.30275,282
805,Deion Burks,IND,WR,301.0,0.0,1.2866,0.0,0.0,2.7,1.2866,12.31925,283
806,Tyrone Broden,SEA,WR,301.0,0.0,1.2559500000000001,0.0,0.0,2.1,1.2559500000000001,12.37,284
807,Rashad Rochelle,SEA,WR,301.0,0.0,1.2241999999999997,0.0,0.0,2.1,1.2241999999999997,11.9795,285
808,Eric Rivers,TB,WR,301.0,0.0,1.214975,0.0,0.0,1.7000000000000002,1.214975,12.41025,286
809,Malik McClain,NYJ,WR,301.0,0.0,1.213875,0.0,0.0,1.9,1.213875,12.405,287
810,Dalevon Campbell,LAC,WR,301.0,0.0,1.200575,0.0,0.0,3.9000000000000004,1.200575,11.24075,288
811,Myles Price,MIN,WR,301.0,0.0,1.2000500000000003,0.0,0.0,3.8000000000000003,1.2000500000000003,13.92025,289
812,Jordan Moore,CIN,WR,301.0,0.0,1.195125,0.0,0.0,1.8,1.195125,12.2605,290
813,Harrison Wallace,ARI,WR,301.0,0.0,1.1942,0.0,0.0,2.3000000000000003,1.1942,12.30525,291
814,Wesley Grimes,SF,WR,301.0,0.0,1.1914500000000001,0.0,0.0,2.1,1.1914500000000001,12.12975,292
815,Cameron Dorner,NE,WR,301.0,0.0,1.173175,0.0,0.0,1.8,1.173175,12.054,293
816,Nick DeGennaro,NE,WR,301.0,0.0,1.1515,0.0,0.0,2.0,1.1515,12.5895,294
817,Brady Boyd,JAX,WR,301.0,0.0,1.14765,0.0,0.0,1.809999999999991,1.14765,12.35725,295
818,Tejhaun Palmer,ARI,WR,301.0,0.0,1.119125,0.0,0.0,1.9,1.119125,12.315,296
819,Devonte Ross,LAC,WR,301.0,0.0,1.11705,0.0,0.0,1.509999999999991,1.11705,12.5325,297
820,Keelan Marion,ATL,WR,301.0,0.0,1.078525,0.0,0.0,1.5,1.078525,12.62625,298
821,Kyre Duplessis,DET,WR,301.0,0.0,1.072775,0.0,0.0,1.0,1.072775,12.40125,299
822,Stephen Gosnell,BUF,WR,301.0,0.0,1.0524250000000002,0.0,0.0,1.4,1.0524250000000002,12.16725,300
823,Xavier Guillory,BAL,WR,301.0,0.0,1.051675,0.0,0.0,1.2000000000000002,1.051675,12.32275,301
824,Phillip Dorsett,LV,WR,301.0,0.0,1.0502,0.0,0.0,1.6,1.0502,11.7695,302
825,Michael Briscoe,MIN,WR,301.0,0.0,1.0435,0.0,0.0,1.109999999999991,1.0435,12.37175,303
826,Dane Key,DEN,WR,301.0,0.0,1.039825,0.0,0.0,1.8,1.039825,12.234,304
827,LaJohntay Wester,BAL,WR,301.0,0.0,1.0301750000000003,0.0,0.0,3.3,1.0301750000000003,14.11225,305
828,Nick Nash,WAS,WR,301.0,0.0,1.0152249999999998,0.0,0.0,1.0,1.0152249999999998,12.6815,306
829,Bryson Green,ARI,WR,301.0,0.0,0.9977,0.0,0.0,1.8,0.9977,12.11075,307
830,Traeshon Holden,DAL,WR,301.0,0.0,0.965575,0.0,0.0,1.4,0.965575,12.181,308
831,A.J. Henning,MIA,WR,301.0,0.0,0.95115,0.0,0.0,1.5,0.95115,12.411,309
832,Mario Williams,LAR,WR,301.0,0.0,0.940775,0.0,0.0,1.0,0.940775,12.09325,310
833,Treyvhon Saunders,HOU,WR,301.0,0.0,0.912625,0.0,0.0,0.0,0.912625,12.036,311
834,Ben Patterson,JAX,WR,301.0,0.0,0.886675,0.0,0.0,0.809999999999991,0.886675,12.06475,312
835,Omari Kelly,CHI,WR,301.0,0.0,0.8704999999999999,0.0,0.0,1.109999999999991,0.8704999999999999,12.1705,313
836,Terrill Davis,MIN,WR,301.0,0.0,0.869575,0.0,0.0,0.2,0.869575,12.1445,314
837,Will Pauling,SF,WR,301.0,0.0,0.8688499999999999,0.0,0.0,0.809999999999991,0.8688499999999999,12.2905,315
838,Kobe Prentice,CAR,WR,301.0,0.0,0.85545,0.0,0.0,0.0,0.85545,12.058,316
839,Bub Means,NO,WR,301.0,0.0,0.855425,0.0,0.0,1.209999999999991,0.855425,12.23775,317
840,Trebor Pena,JAX,WR,301.0,0.0,0.8545250000000001,0.0,0.0,0.0,0.8545250000000001,12.381,318
841,E.J. Horton,IND,WR,301.0,0.0,0.8342750000000001,0.0,0.0,1.0,0.8342750000000001,12.61075,319
842,Simi Fehoko,ARI,WR,301.0,0.0,0.80945,0.0,0.0,2.509999999999991,0.80945,11.5235,320
843,Le'Meke Brockington,ATL,WR,301.0,0.0,0.8079,0.0,0.0,0.0,0.8079,12.398,321
844,Jordan Hudson,DAL,WR,301.0,0.0,0.79175,0.0,0.0,0.7000000000000001,0.79175,12.3135,322
845,Dean Patterson,TB,WR,301.0,0.0,0.76275,0.0,0.0,0.0,0.76275,12.331,323
846,Jalen Virgil,BUF,WR,301.0,0.0,0.76035,0.0,0.0,0.0,0.76035,12.20825,324
847,Eli Pancol,IND,WR,301.0,0.0,0.7543499999999999,0.0,0.0,0.0,0.7543499999999999,12.31975,325
848,Octavian Smith,BAL,WR,301.0,0.0,0.741925,0.0,0.0,0.0,0.741925,12.30425,326
849,Luke Floriea,CLE,WR,301.0,0.0,0.7415499999999999,0.0,0.0,0.9099999999999909,0.7415499999999999,12.26025,327
850,Jaden Bradley,WAS,WR,301.0,0.0,0.7348250000000001,0.0,0.0,0.9,0.7348250000000001,12.24375,328
851,Lance McCutcheon,TEN,WR,301.0,0.0,0.731525,0.0,0.0,0.0,0.731525,12.27325,329
852,Colton Dowell,SF,WR,301.0,0.0,0.69325,0.0,0.0,0.0,0.69325,12.316,330
853,Jha'Quan Jackson,HOU,WR,301.0,0.0,0.6900000000000002,0.0,0.0,0.0,0.6900000000000002,12.4365,331
854,Xavier Loyd,KC,WR,301.0,0.0,0.68545,0.0,0.0,0.0,0.68545,12.29825,332
855,Jacoby Jones,WAS,WR,301.0,0.0,0.677925,0.0,0.0,1.509999999999991,0.677925,11.923,333
856,Beaux Collins,NYG,WR,301.0,0.0,0.6733250000000001,0.0,0.0,0.0,0.6733250000000001,12.7395,334
857,Jacob De Jesus,KC,WR,301.0,0.0,0.6595,0.0,0.0,0.0,0.6595,12.39875,335
858,Joseph Manjack,DEN,WR,301.0,0.0,0.6355500000000001,0.0,0.0,0.0,0.6355500000000001,12.314,336
859,Kolbe Katsis,DEN,WR,301.0,0.0,0.631575,0.0,0.0,0.0,0.631575,12.464,337
860,Kyron Hudson,CHI,WR,301.0,0.0,0.6309750000000001,0.0,0.0,0.0,0.6309750000000001,12.2055,338
861,Brandon Johnson,LV,WR,301.0,0.0,0.6295,0.0,0.0,0.0,0.6295,12.2485,339
862,Mac Dalena,BUF,WR,301.0,0.0,0.6134000000000001,0.0,0.0,0.0,0.6134000000000001,12.376,340
863,Donaven McCulley,MIA,WR,301.0,0.0,0.6110999999999999,0.0,0.0,0.0,0.6110999999999999,12.14775,341
864,Jaden Smith,DAL,WR,301.0,0.0,0.61015,0.0,0.0,0.0,0.61015,12.246,342
865,Cortez Braham,BAL,WR,301.0,0.0,0.5968,0.0,0.0,0.0,0.5968,12.89575,343
866,Marcus Sanders,MIN,WR,301.0,0.0,0.59425,0.0,0.0,0.0,0.59425,12.05325,344
867,Bryce Pierre,CAR,TE,301.0,0.0,0.5869500000000001,0.0,0.0,0.0,0.5869500000000001,2.46275,194
868,Ryan Miller,NYG,WR,301.0,0.0,0.566825,0.0,0.0,0.0,0.566825,12.87475,345
869,Xavier Johnson,CIN,WR,301.0,0.0,0.5647000000000001,0.0,0.0,0.0,0.5647000000000001,12.47725,346
870,Danny Gray,PHI,WR,301.0,0.0,0.5528000000000001,0.0,0.0,0.0,0.5528000000000001,12.10725,347
871,Luke Grimm,LAC,WR,301.0,0.0,0.5471999999999999,0.0,0.0,0.0,0.5471999999999999,12.24275,348
872,Brock Rechsteiner,NO,WR,301.0,0.0,0.518375,0.0,0.0,0.0,0.518375,12.34975,349
873,Michael Wortham,JAX,WR,301.0,0.0,0.512,0.0,0.0,0.0,0.512,12.3315,350
874,Dalen Cambre,NYG,WR,301.0,0.0,0.510125,0.0,0.0,1.1,0.510125,11.91475,351
875,Irvin Charles,SEA,WR,301.0,0.0,0.5058250000000001,0.0,0.0,0.0,0.5058250000000001,12.2315,352
876,Ihmir Smith-Marsette,ARI,WR,301.0,0.0,0.501525,0.0,0.0,0.0,0.501525,11.92425,353
877,Sahmir Hagans,IND,WR,301.0,0.0,0.49310000000000004,0.0,0.0,0.0,0.49310000000000004,12.34375,354
878,Mante Morrow,LAC,WR,301.0,0.0,0.481125,0.0,0.0,0.0,0.481125,12.62675,355
879,Chase Roberts,LV,WR,301.0,0.0,0.47865,0.0,0.0,0.0,0.47865,12.36825,356
880,Courtney Jackson,TEN,WR,301.0,0.0,0.47585,0.0,0.0,0.0,0.47585,12.3845,357
881,Tyren Montgomery,TEN,WR,301.0,0.0,0.47157499999999997,0.0,0.0,0.0,0.47157499999999997,12.3835,358
882,Jeff Caldwell,KC,WR,301.0,0.0,0.4674,0.0,0.0,0.0,0.4674,12.14525,359
883,Dohnte Meyers,CIN,WR,301.0,0.0,0.45990000000000003,0.0,0.0,0.0,0.45990000000000003,12.51225,360
884,Raylen Sharpe,IND,WR,301.0,0.0,0.4348,0.0,0.0,0.0,0.4348,12.3615,361
885,Aaron Anderson,CLE,WR,301.0,0.0,0.41985,0.0,0.0,0.0,0.41985,12.51775,362
886,Gunner Olszewski,NYG,WR,301.0,0.0,0.4147,0.0,0.0,0.0,0.4147,4.184,363
887,Johnny Wilson,PHI,WR,301.0,0.0,0.401625,0.0,0.0,0.0,0.401625,12.19575,364
888,Chris Hilton,WAS,WR,301.0,0.0,0.40105,0.0,0.0,0.0,0.40105,12.32875,365
889,Jimmy Kibble,NE,WR,301.0,0.0,0.37235,0.0,0.0,0.0,0.37235,12.245,366
890,Hank Beatty,TEN,WR,301.0,0.0,0.3591750000000001,0.0,0.0,0.0,0.3591750000000001,12.10625,367
891,Daniel Sobkowicz,HOU,WR,301.0,0.0,0.35375,0.0,0.0,0.0,0.35375,12.501,368
892,Jeremiah Webb,NE,WR,301.0,0.0,0.34595000000000004,0.0,0.0,0.0,0.34595000000000004,12.29525,369
893,Ainias Smith,CAR,WR,301.0,0.0,0.34327500000000005,0.0,0.0,0.0,0.34327500000000005,12.31375,370
894,Ja'Mori Maclin,BUF,WR,301.0,0.0,0.338275,0.0,0.0,0.0,0.338275,12.539,371
895,Cam Ross,DEN,WR,301.0,0.0,0.32665,0.0,0.0,0.0,0.32665,12.44475,372
896,E.J. Williams,LV,WR,301.0,0.0,0.32605,0.0,0.0,0.0,0.32605,12.51975,373
897,Jake Bobo,SEA,WR,301.0,0.0,0.2947000000000001,0.0,0.0,0.0,0.2947000000000001,13.64225,374
898,Mike Woods,DEN,WR,301.0,0.0,0.29077499999999995,0.0,0.0,0.0,0.29077499999999995,12.04275,375
899,D.T. Sheffield,NYJ,WR,301.0,0.0,0.27952499999999997,0.0,0.0,0.0,0.27952499999999997,12.5105,376
900,Malick Meiga,CAR,WR,301.0,0.0,0.2449,0.0,0.0,0.0,0.2449,12.553,377
901,Cole Burgess,PIT,WR,301.0,0.0,0.24355000000000002,0.0,0.0,0.0,0.24355000000000002,12.29575,378
902,Gee Scott Jr.,NYJ,WR,301.0,0.0,0.2428,0.0,0.0,0.0,0.2428,12.3285,379
903,Jalen Walthall,NYJ,WR,301.0,0.0,0.22585,0.0,0.0,0.0,0.22585,12.5375,380
904,Quentin Skinner,NYJ,WR,301.0,0.0,0.14855000000000002,0.0,0.0,0.0,0.14855000000000002,2.73125,381
905,Dan Chisena,CAR,WR,301.0,0.0,0.136375,0.0,0.0,0.0,0.136375,11.99075,382
906,Corey Rucker,LV,WR,301.0,0.0,0.083025,0.0,0.0,0.0,0.083025,3.35625,383
907,Justin Shorter,LV,WR,301.0,0.0,0.030899999999999997,0.0,0.0,0.0,0.030899999999999997,3.22725,384
