overall_rank,pos_rank,player,position,team,opponent,projected_points,p10,p50,p90,p_plays,inj_status
1,1,Jahmyr Gibbs,RB,DET,NYJ,23.582,12.868,22.712,35.83,0.984,0.0
2,1,Josh Allen,QB,BUF,LAC,23.286,11.768,23.611,34.71,0.971,0.0
3,2,Lamar Jackson,QB,BAL,DAL,20.775,7.819,21.174,32.277,0.943,0.0
4,2,Kenneth Walker III,RB,KC,MIA,20.399,9.563,19.662,32.196,0.986,0.0
5,1,Amon-Ra St. Brown,WR,DET,NYJ,20.27,9.381,19.208,32.644,0.981,0.0
6,3,Bijan Robinson,RB,ATL,GB,20.108,8.778,19.605,32.371,0.957,0.0
7,2,Jaxon Smith-Njigba,WR,SEA,WAS,19.665,9.132,18.468,32.197,0.984,0.0
8,3,Brock Purdy,QB,SF,ARI,19.539,5.586,20.135,31.736,0.923,0.0
9,4,Jonathan Taylor,RB,IND,HOU,19.274,7.893,18.395,30.883,0.983,0.0
10,3,Justin Jefferson,WR,MIN,TB,18.523,7.396,17.657,31.213,0.976,0.0
11,5,Christian McCaffrey,RB,SF,ARI,18.251,7.001,17.512,30.294,0.966,0.0
12,4,Dak Prescott,QB,DAL,BAL,18.057,6.802,18.721,28.009,0.964,0.0
13,5,Patrick Mahomes,QB,KC,MIA,17.872,3.841,18.475,29.481,0.913,0.0
14,6,Derrick Henry,RB,BAL,DAL,17.61,6.585,16.805,29.136,0.979,0.0
15,4,Ja'Marr Chase,WR,CIN,PIT,17.311,6.449,16.377,29.562,0.975,0.0
16,6,Jared Goff,QB,DET,NYJ,17.285,7.091,16.719,27.451,0.97,0.0
17,7,Jalen Hurts,QB,PHI,CHI,17.092,4.16,17.553,28.06,0.922,0.0
18,7,Ashton Jeanty,RB,LV,NO,17.001,6.038,16.215,28.884,0.977,0.0
19,8,Drake Maye,QB,NE,JAX,16.92,5.255,17.364,27.04,0.943,0.0
20,9,Joe Burrow,QB,CIN,PIT,16.843,5.138,17.415,26.925,0.94,0.0
21,8,Chase Brown,RB,CIN,PIT,16.704,5.299,16.161,28.67,0.965,0.0
22,10,Tyler Shough,QB,NO,LV,16.673,6.503,16.679,26.701,0.949,0.0
23,11,Trevor Lawrence,QB,JAX,NE,16.659,5.061,16.727,27.282,0.948,0.0
24,12,C.J. Stroud,QB,HOU,IND,16.571,5.949,16.675,26.94,0.95,0.0
25,5,CeeDee Lamb,WR,DAL,BAL,16.477,5.703,15.088,29.373,0.982,0.0
26,13,Caleb Williams,QB,CHI,PHI,16.309,3.487,16.756,26.893,0.933,0.0
27,9,James Cook,RB,BUF,LAC,16.236,5.171,15.587,27.776,0.978,0.0
28,14,Bo Nix,QB,DEN,LA,16.1,4.345,16.506,26.412,0.943,0.0
29,6,Chris Olave,WR,NO,LV,16.035,4.31,14.941,29.175,0.962,0.0
30,15,Matthew Stafford,QB,LA,DEN,15.611,5.495,15.367,25.256,0.969,0.0
31,10,De'Von Achane,RB,MIA,KC,15.423,4.016,14.578,27.434,0.954,0.0
32,7,Puka Nacua,WR,LA,DEN,15.342,0.0,15.061,30.047,0.835,0.0
33,16,Deshaun Watson,QB,CLE,CAR,15.315,0.0,16.1,26.255,0.892,0.0
34,1,Trey McBride,TE,ARI,SF,14.989,5.711,14.278,26.022,0.972,0.0
35,17,Bryce Young,QB,CAR,CLE,14.974,5.155,14.691,24.579,0.952,0.0
36,18,Justin Herbert,QB,LAC,BUF,14.703,2.053,14.642,25.119,0.907,0.0
37,19,Cam Ward,QB,TEN,NYG,14.57,4.116,14.854,24.368,0.956,0.0
38,11,Bucky Irving,RB,TB,MIN,14.513,5.162,13.195,25.822,0.965,0.0
39,8,Parker Washington,WR,JAX,NE,14.383,4.657,13.391,25.296,0.964,0.0
40,20,Baker Mayfield,QB,TB,MIN,14.339,3.809,14.553,24.421,0.96,0.0
41,21,Geno Smith,QB,NYJ,DET,14.25,0.133,14.525,24.874,0.895,0.0
42,12,Javonte Williams,RB,DAL,BAL,14.219,4.435,13.186,25.295,0.949,0.0
43,9,DeVonta Smith,WR,PHI,CHI,14.16,4.6,12.974,25.777,0.982,0.0
44,10,Denzel Boston,WR,CLE,CAR,13.918,4.225,12.849,24.938,0.966,0.0
45,11,Christian Watson,WR,GB,ATL,13.907,3.689,12.649,25.37,0.958,0.0
46,12,Tetairoa McMillan,WR,CAR,CLE,13.907,3.846,12.84,25.303,0.97,0.0
47,13,Breece Hall,RB,NYJ,DET,13.859,4.272,13.049,24.653,0.953,0.0
48,13,Rashee Rice,WR,KC,MIA,13.577,2.532,12.849,24.478,0.913,0.0
49,14,Omarion Hampton,RB,LAC,BUF,13.429,3.788,12.326,24.659,0.947,0.0
50,14,Davante Adams,WR,LA,DEN,13.385,3.015,12.298,24.599,0.975,0.0
51,22,Aaron Rodgers,QB,PIT,CIN,13.33,0.763,13.544,23.728,0.916,0.0
52,15,Drake London,WR,ATL,GB,13.285,3.257,12.039,24.713,0.955,0.0
53,15,D'Andre Swift,RB,CHI,PHI,13.07,3.804,11.929,23.365,0.97,0.0
54,16,George Pickens,WR,DAL,BAL,13.069,2.722,12.16,24.605,0.963,0.0
55,17,Garrett Wilson,WR,NYJ,DET,13.038,1.811,12.005,24.908,0.934,0.0
56,18,Michael Wilson,WR,ARI,SF,12.909,3.052,12.055,24.478,0.96,0.0
57,16,Jeremiyah Love,RB,ARI,SF,12.852,3.958,11.522,23.577,0.962,0.0
58,17,Kyren Williams,RB,LA,DEN,12.822,2.823,11.737,23.809,0.939,0.0
59,23,Jayden Daniels,QB,WAS,SEA,12.763,0.0,13.495,24.329,0.845,0.0
60,19,Tee Higgins,WR,CIN,PIT,12.726,2.72,11.777,24.104,0.971,0.0
61,24,Kirk Cousins,QB,LV,NO,12.63,1.759,12.582,22.37,0.943,0.0
62,20,Zay Flowers,WR,BAL,DAL,12.549,0.0,11.706,24.508,0.865,0.0
63,18,Chuba Hubbard,RB,CAR,CLE,12.41,3.405,11.444,22.73,0.961,0.0
64,2,Travis Kelce,TE,KC,MIA,12.397,3.344,11.639,23.111,0.983,0.0
65,19,Jaylen Warren,RB,PIT,CIN,12.205,3.008,10.886,22.679,0.958,0.0
66,25,Jacoby Brissett,QB,ARI,SF,12.188,0.0,12.399,22.557,0.898,0.0
67,21,Jaylen Waddle,WR,DEN,LA,12.093,2.493,11.267,22.444,0.964,0.0
68,22,Emeka Egbuka,WR,TB,MIN,12.031,2.613,11.067,23.153,0.963,0.0
69,26,Jordan Love,QB,GB,ATL,11.914,0.0,12.14,23.673,0.809,0.0
70,20,Aaron Jones,RB,MIN,TB,11.737,2.757,10.453,22.546,0.963,0.0
71,23,DK Metcalf,WR,PIT,CIN,11.624,2.533,10.311,22.473,0.945,0.0
72,21,Quinshon Judkins,RB,CLE,CAR,11.613,0.485,10.303,23.412,0.923,0.0
73,22,Travis Etienne,RB,NO,LV,11.532,1.681,10.46,22.018,0.935,0.0
74,24,Deebo Samuel Sr.,WR,SF,ARI,11.514,2.356,10.351,22.027,0.962,0.0
75,27,Jaxson Dart,QB,NYG,TEN,11.49,0.0,11.719,23.452,0.736,0.0
76,28,Daniel Jones,QB,IND,HOU,11.463,0.0,11.473,21.645,0.873,0.0
77,25,Jameson Williams,WR,DET,NYJ,11.321,1.572,10.296,21.876,0.941,0.0
78,29,Malik Willis,QB,MIA,KC,11.286,0.0,11.79,22.828,0.787,0.0
79,26,Ladd McConkey,WR,LAC,BUF,11.236,0.0,10.499,22.188,0.899,0.0
80,23,David Montgomery,RB,HOU,IND,11.185,1.818,10.076,21.642,0.945,0.0
81,27,Jalen Coker,WR,CAR,CLE,11.182,1.418,10.376,21.988,0.935,0.0
82,28,Mike Evans,WR,SF,ARI,11.139,1.471,9.954,21.837,0.944,0.0
83,29,Brian Thomas Jr.,WR,JAX,NE,11.1,1.942,10.199,21.653,0.962,0.0
84,30,Terry McLaurin,WR,WAS,SEA,11.076,1.632,10.002,22.065,0.96,0.0
85,31,Malik Nabers,WR,NYG,TEN,10.88,0.0,9.723,22.944,0.849,0.0
86,24,Cam Skattebo,RB,NYG,TEN,10.816,0.0,9.89,21.827,0.867,0.0
87,25,Bhayshul Tuten,RB,JAX,NE,10.621,1.677,9.507,20.614,0.94,0.0
88,3,Mark Andrews,TE,BAL,DAL,10.601,2.497,9.976,19.998,0.962,0.0
89,4,Tyler Warren,TE,IND,HOU,10.593,1.406,9.937,21.247,0.97,0.0
90,32,Xavier Worthy,WR,KC,MIA,10.51,1.111,9.367,20.841,0.949,0.0
91,26,Tony Pollard,RB,TEN,NYG,10.49,2.221,9.276,20.84,0.955,0.0
92,33,DJ Moore,WR,BUF,LAC,10.447,0.0,9.272,21.58,0.914,0.0
93,34,Quentin Johnston,WR,LAC,BUF,10.429,1.834,9.392,20.781,0.952,0.0
94,35,Stefon Diggs,WR,WAS,SEA,10.399,1.928,9.21,19.933,0.964,0.0
95,27,TreVeyon Henderson,RB,NE,JAX,10.374,0.707,9.24,21.27,0.922,0.0
96,36,Chris Godwin Jr.,WR,TB,MIN,10.323,1.501,9.135,20.588,0.944,0.0
97,37,KC Concepcion,WR,CLE,CAR,10.283,1.901,9.019,19.994,0.964,0.0
98,38,Khalil Shakir,WR,BUF,LAC,10.199,0.631,9.161,20.814,0.939,0.0
99,39,Carnell Tate,WR,TEN,NYG,10.182,1.827,9.0,19.658,0.963,0.0
100,40,Josh Downs,WR,IND,HOU,10.144,1.785,9.089,19.406,0.959,0.0
101,41,Tre Tucker,WR,LV,NO,10.136,1.707,8.878,20.094,0.954,0.0
102,5,Dalton Schultz,TE,HOU,IND,10.128,2.185,9.409,18.665,0.972,0.0
103,42,Luther Burden III,WR,CHI,PHI,10.054,0.957,8.616,20.634,0.944,0.0
104,6,Dalton Kincaid,TE,BUF,LAC,10.013,2.399,9.158,18.735,0.967,0.0
105,7,Sam LaPorta,TE,DET,NYJ,9.999,2.002,9.476,18.236,0.933,0.0
106,43,Matthew Golden,WR,GB,ATL,9.982,1.483,8.842,20.063,0.96,0.0
107,8,Harold Fannin Jr.,TE,CLE,CAR,9.922,1.106,9.18,19.657,0.932,0.0
108,28,Jadarian Price,RB,SEA,WAS,9.875,1.361,8.063,20.53,0.938,0.0
109,9,George Kittle,TE,SF,ARI,9.74,2.015,9.03,18.425,0.942,0.0
110,44,Courtland Sutton,WR,DEN,LA,9.728,1.169,8.408,19.515,0.942,0.0
111,45,Caleb Douglas,WR,MIA,KC,9.612,0.426,8.218,20.08,0.933,0.0
112,46,Nico Collins,WR,HOU,IND,9.59,0.0,8.949,21.27,0.776,0.0
113,47,Malik Washington,WR,MIA,KC,9.565,0.72,8.163,20.081,0.945,0.0
114,48,Jordan Addison,WR,MIN,TB,9.553,0.793,8.259,19.088,0.956,0.0
115,29,Rhamondre Stevenson,RB,NE,JAX,9.537,0.0,8.434,19.855,0.885,0.0
116,49,Devaughn Vele,WR,NO,LV,9.359,0.0,8.131,19.692,0.882,0.0
117,50,Rashod Bateman,WR,BAL,DAL,9.268,0.57,7.996,19.536,0.947,0.0
118,30,Woody Marks,RB,HOU,IND,9.22,0.6,7.591,19.898,0.937,0.0
119,10,Colston Loveland,TE,CHI,PHI,9.111,0.063,8.521,18.036,0.922,0.0
120,31,Saquon Barkley,RB,PHI,CHI,9.067,0.0,8.102,18.977,0.869,0.0
121,11,Isaiah Likely,TE,NYG,TEN,9.029,0.876,8.39,17.483,0.951,0.0
122,51,Adonai Mitchell,WR,NYJ,DET,9.004,1.566,7.663,18.755,0.966,0.0
123,32,Blake Corum,RB,LA,DEN,8.7,0.393,7.023,18.838,0.956,0.0
124,52,Alec Pierce,WR,IND,HOU,8.595,0.247,7.196,18.196,0.908,0.0
125,33,Kyle Monangai,RB,CHI,PHI,8.522,0.0,6.916,18.699,0.916,0.0
126,53,Rome Odunze,WR,CHI,PHI,8.457,0.0,7.283,18.208,0.886,0.0
127,54,Jakobi Meyers,WR,JAX,NE,8.396,0.0,6.986,17.975,0.912,0.0
128,55,Keenan Allen,WR,IND,HOU,8.216,0.509,6.75,17.594,0.95,0.0
129,56,Wan'Dale Robinson,WR,TEN,NYG,8.151,0.0,7.086,17.831,0.87,0.0
130,57,Romeo Doubs,WR,NE,JAX,8.034,0.0,6.787,17.681,0.906,0.0
131,12,Tucker Kraft,TE,GB,ATL,7.983,0.0,7.137,16.571,0.865,0.0
132,58,Jerry Jeudy,WR,CLE,CAR,7.76,0.0,6.406,17.243,0.92,0.0
133,30,Carson Wentz,QB,MIN,TB,7.741,0.0,6.229,18.42,0.848,0.0
134,13,Pat Freiermuth,TE,PIT,CIN,7.657,0.981,6.661,15.223,0.958,0.0
135,34,Tyjae Spears,RB,TEN,NYG,7.642,0.833,6.145,16.653,0.921,0.0
136,14,Hunter Henry,TE,NE,JAX,7.621,0.589,6.512,16.2,0.966,0.0
137,59,Xavier Hutchinson,WR,HOU,IND,7.474,0.677,5.729,16.264,0.955,0.0
138,31,Drew Lock,QB,SEA,WAS,7.471,0.0,5.69,18.402,0.81,0.0
139,15,Cade Otton,TE,TB,MIN,7.443,0.692,6.407,15.481,0.949,0.0
140,35,Rachaad White,RB,WAS,SEA,7.371,1.03,6.235,15.054,0.954,0.0
141,16,Brenton Strange,TE,JAX,NE,7.23,0.144,5.815,15.343,0.923,0.0
142,60,Malachi Fields,WR,NYG,TEN,7.187,0.223,5.747,15.912,0.945,0.0
143,17,Kenyon Sadiq,TE,NYJ,DET,7.172,0.057,6.105,15.065,0.914,0.0
144,61,Marvin Harrison Jr.,WR,ARI,SF,7.167,0.0,5.553,16.996,0.86,0.0
145,62,Ryan Flournoy,WR,DAL,BAL,7.149,0.371,5.662,15.913,0.916,0.0
146,63,Rashid Shaheed,WR,SEA,WAS,7.102,0.221,5.755,15.427,0.938,0.0
147,18,Jake Ferguson,TE,DAL,BAL,7.037,0.0,5.975,15.458,0.925,0.0
148,19,T.J. Hockenson,TE,MIN,TB,7.027,0.072,6.171,14.753,0.913,0.0
149,36,Jonah Coleman,RB,DEN,LA,6.928,0.168,5.456,15.234,0.949,0.0
150,37,Kenny Gainwell,RB,TB,MIN,6.909,0.0,5.386,15.876,0.902,0.0
151,38,Jacory Croskey-Merritt,RB,WAS,SEA,6.897,0.061,5.495,15.459,0.912,0.0
152,20,Kyle Pitts,TE,ATL,GB,6.878,0.157,5.769,14.812,0.915,0.0
153,64,Keon Coleman,WR,BUF,LAC,6.815,0.084,5.283,15.109,0.934,0.0
154,65,Darius Slayton,WR,IND,HOU,6.788,0.2,5.252,15.43,0.948,0.0
155,39,RJ Harvey,RB,DEN,LA,6.771,0.0,4.625,17.804,0.718,0.0
156,40,Tyler Allgeier,RB,ARI,SF,6.738,0.168,5.18,14.817,0.937,0.0
157,21,Dallas Goedert,TE,PHI,CHI,6.737,0.0,5.517,15.03,0.853,0.0
158,66,Dontayvion Wicks,WR,PHI,CHI,6.708,0.0,5.239,15.384,0.896,0.0
159,67,Tre Harris,WR,LAC,BUF,6.7,0.0,5.127,15.255,0.939,0.0
160,22,Michael Mayer,TE,LV,NO,6.695,0.0,5.633,14.35,0.924,0.0
161,23,Juwan Johnson,TE,NO,LV,6.68,0.0,5.416,14.459,0.891,0.0
162,24,AJ Barner,TE,SEA,WAS,6.611,0.0,5.335,14.545,0.906,0.0
163,68,Cooper Kupp,WR,SEA,WAS,6.491,0.0,5.023,15.34,0.894,0.0
164,41,Alvin Kamara,RB,NO,LV,6.466,0.0,5.258,15.114,0.819,0.0
165,42,Rico Dowdle,RB,PIT,CIN,6.444,0.0,4.859,15.335,0.856,0.0
166,43,Kaelon Black,RB,SF,ARI,6.379,0.0,4.816,15.128,0.914,0.0
167,44,Tank Bigsby,RB,PHI,CHI,6.345,0.0,4.826,14.695,0.95,0.0
168,69,Michael Pittman,WR,PIT,CIN,6.311,0.0,4.613,16.213,0.754,0.0
169,45,Emmett Johnson,RB,KC,MIA,6.039,0.0,4.279,14.668,0.884,0.0
170,32,Kyler Murray,QB,MIN,TB,5.981,0.0,0.0,18.065,0.477,0.0
171,25,Terrance Ferguson,TE,LA,DEN,5.922,0.253,4.361,12.923,0.929,0.0
172,70,A.J. Brown,WR,NE,JAX,5.901,0.0,3.678,16.095,0.637,0.0
173,46,MarShawn Lloyd,RB,GB,ATL,5.854,0.0,4.247,14.133,0.748,0.0
174,33,Jameis Winston,QB,NYG,TEN,5.796,0.0,1.853,17.155,0.586,0.0
175,47,Brian Robinson,RB,ATL,GB,5.776,0.423,4.347,12.952,0.952,0.0
176,26,Evan Engram,TE,DEN,LA,5.774,0.27,4.248,12.68,0.937,0.0
177,48,Samaje Perine,RB,CIN,PIT,5.771,0.012,4.41,13.101,0.922,0.0
178,49,J.K. Dobbins,RB,DEN,LA,5.769,0.0,4.339,13.995,0.826,0.0
179,34,Sam Darnold,QB,SEA,WAS,5.75,0.0,0.0,18.593,0.41,0.0
180,71,Jalen Nailor,WR,LV,NO,5.736,0.0,4.2,13.73,0.884,0.0
181,27,Brock Bowers,TE,LV,NO,5.54,0.0,2.107,15.357,0.535,0.0
182,28,Greg Dulcich,TE,MIA,KC,5.527,0.0,4.045,12.862,0.873,0.0
183,29,Gunnar Helm,TE,TEN,NYG,5.4,0.0,3.926,12.514,0.889,0.0
184,72,Makai Lemon,WR,PHI,CHI,5.283,-0.155,3.66,13.348,0.916,0.0
185,73,Kayshon Boutte,WR,HOU,IND,5.264,0.0,3.693,13.445,0.902,0.0
186,74,Isaiah Williams,WR,NYJ,DET,5.033,-0.273,3.369,12.835,0.944,0.0
187,30,Colby Parkinson,TE,LA,DEN,4.975,0.0,3.455,12.321,0.896,0.0
188,75,Kalif Raymond,WR,CHI,PHI,4.962,0.121,3.299,12.389,0.955,0.0
189,50,Jonathon Brooks,RB,CAR,CLE,4.953,0.0,2.972,12.883,0.748,0.0
190,51,Zach Charbonnet,RB,SEA,WAS,4.941,0.0,2.973,13.015,0.711,0.0
191,31,Dawson Knox,TE,BUF,LAC,4.935,0.226,3.606,11.177,0.937,0.0
192,52,Devin Singletary,RB,NYG,TEN,4.801,0.0,2.9,12.216,0.918,0.0
193,53,Emanuel Wilson,RB,SEA,WAS,4.757,0.0,3.163,11.922,0.94,0.0
194,76,DeMario Douglas,WR,NE,JAX,4.753,0.0,3.111,12.311,0.909,0.0
195,54,Ray Davis,RB,BUF,LAC,4.702,0.0,2.896,12.015,0.874,0.0
196,77,Germie Bernard,WR,PIT,CIN,4.643,-0.217,2.917,12.76,0.847,0.0
197,78,Jaylin Noel,WR,HOU,IND,4.577,-0.015,2.957,11.984,0.951,0.0
198,55,Braelon Allen,RB,NYJ,DET,4.57,0.0,2.597,12.049,0.781,0.0
199,32,Oronde Gadsden II,TE,LAC,BUF,4.568,0.0,3.217,10.654,0.908,0.0
200,79,Xavier Legette,WR,CAR,CLE,4.535,0.0,2.859,11.594,0.925,0.0
201,80,Pat Bryant,WR,DEN,LA,4.529,0.0,2.726,11.745,0.901,0.0
202,81,Roman Wilson,WR,PIT,CIN,4.471,0.0,2.745,11.8,0.868,0.0
203,82,Jahan Dotson,WR,ATL,GB,4.385,0.0,2.744,11.263,0.926,0.0
204,33,Tommy Tremble,TE,CAR,CLE,4.324,0.0,3.06,10.477,0.899,0.0
205,83,Antonio Williams,WR,WAS,SEA,4.294,-0.092,2.628,11.715,0.914,0.0
206,84,Isaac TeSlaa,WR,DET,NYJ,4.273,-0.129,2.706,11.155,0.933,0.0
207,56,Justice Hill,RB,BAL,DAL,4.239,0.0,2.276,11.375,0.797,0.0
208,57,Tyrone Tracy Jr.,RB,NYG,TEN,4.178,0.0,2.284,11.332,0.841,0.0
209,85,Ted Hurst III,WR,TB,MIN,4.162,-0.267,2.441,11.078,0.94,0.0
210,34,Chig Okonkwo,TE,WAS,SEA,4.122,0.0,2.517,10.853,0.704,0.0
211,86,Elic Ayomanor,WR,TEN,NYG,4.117,-0.053,2.506,10.72,0.913,0.0
212,87,Darnell Mooney,WR,NYG,TEN,4.03,-0.239,2.444,10.481,0.914,0.0
213,58,Chris Rodriguez Jr.,RB,JAX,NE,4.006,0.0,2.148,11.217,0.828,0.0
214,35,Josh Oliver,TE,MIN,TB,3.971,-0.096,2.63,10.178,0.877,0.0
215,88,Kendrick Bourne,WR,ARI,SF,3.969,-0.466,2.086,10.905,0.914,0.0
216,89,Calvin Ridley,WR,TEN,NYG,3.904,0.0,1.871,11.401,0.683,0.0
217,36,Noah Fant,TE,NO,LV,3.869,0.0,2.561,9.243,0.926,0.0
218,37,Darnell Washington,TE,PIT,CIN,3.837,-0.028,2.514,9.819,0.857,0.0
219,90,Jauan Jennings,WR,MIN,TB,3.779,0.0,0.011,12.398,0.532,0.0
220,91,Demarcus Robinson,WR,SF,ARI,3.773,0.0,2.362,10.068,0.893,0.0
221,38,David Njoku,TE,LAC,BUF,3.73,-0.152,2.158,10.105,0.858,0.0
222,39,Jonnu Smith,TE,GB,ATL,3.726,0.0,2.372,9.719,0.734,0.0
223,92,Jayden Reed,WR,GB,ATL,3.673,0.0,0.0,12.098,0.517,0.0
224,93,Mack Hollins,WR,NE,JAX,3.621,-0.478,1.93,9.977,0.867,0.0
225,59,Mike Washington Jr.,RB,LV,NO,3.615,0.0,1.865,10.077,0.892,0.0
226,60,Chris Brooks,RB,GB,ATL,3.592,0.0,1.789,10.028,0.868,0.0
227,94,Jack Bech,WR,LV,NO,3.568,-0.085,1.968,9.936,0.883,0.0
228,95,Bryce Lance,WR,NO,LV,3.538,0.0,2.13,9.727,0.894,0.0
229,96,Josh Palmer,WR,BUF,LAC,3.501,0.0,2.09,9.715,0.914,0.0
230,61,Najee Harris,RB,NYG,TEN,3.463,-0.049,1.358,10.273,0.725,0.0
231,62,Jordan Mason,RB,MIN,TB,3.438,0.0,1.411,10.804,0.698,0.0
232,40,Cole Kmet,TE,CHI,PHI,3.433,-0.13,2.228,8.749,0.923,0.0
233,63,Josh Jacobs,RB,GB,ATL,3.358,0.0,0.0,11.04,0.422,0.0
234,97,Tyquan Thornton,WR,KC,MIA,3.335,0.0,1.872,9.514,0.83,0.0
235,98,Chris Bell,WR,MIA,KC,3.315,-0.348,1.626,9.711,0.893,0.0
236,41,Darren Waller,TE,CAR,CLE,3.282,-0.101,1.995,8.765,0.865,0.0
237,42,Noah Gray,TE,KC,MIA,3.274,0.0,2.121,8.76,0.881,0.0
238,43,Mitchell Evans,TE,CAR,CLE,3.212,0.0,2.039,8.383,0.886,0.0
239,44,Durham Smythe,TE,BAL,DAL,3.206,0.0,2.015,8.416,0.885,0.0
240,35,Marcus Mariota,QB,WAS,SEA,3.157,-0.732,0.339,11.527,0.762,0.0
241,99,Chimere Dike,WR,TEN,NYG,3.132,-0.278,1.646,9.329,0.864,0.0
242,100,Chris Moore,WR,BAL,DAL,3.113,-0.428,1.498,9.266,0.878,0.0
243,45,Mason Taylor,TE,NYJ,DET,3.071,0.0,0.0,9.625,0.479,0.0
244,46,Austin Hooper,TE,ATL,GB,3.01,-0.128,1.713,8.388,0.845,0.0
245,101,Marquise Brown,WR,PHI,CHI,3.006,-0.421,1.554,8.717,0.848,0.0
246,36,Mac Jones,QB,SF,ARI,2.978,-0.019,0.0,11.504,0.611,0.0
247,64,Will Shipley,RB,PHI,CHI,2.975,0.0,1.393,7.812,0.929,0.0
248,47,Charlie Kolar,TE,LAC,BUF,2.952,-0.228,1.635,8.505,0.835,0.0
249,48,Theo Johnson,TE,NYG,TEN,2.888,0.0,1.707,8.071,0.78,0.0
250,65,Kaleb Johnson,RB,GB,ATL,2.88,-0.427,1.043,9.389,0.869,0.0
251,49,Mike Gesicki,TE,CIN,PIT,2.869,-0.043,1.729,7.898,0.842,0.0
252,50,Luke Farrell,TE,SF,ARI,2.779,0.0,1.617,8.037,0.791,0.0
253,37,Kenny Pickett,QB,CAR,CLE,2.765,-0.643,0.241,9.939,0.744,0.0
254,102,Troy Franklin,WR,DEN,LA,2.713,-0.143,1.319,8.42,0.896,0.0
255,103,Andrei Iosivas,WR,CIN,PIT,2.637,-0.086,1.157,7.729,0.869,0.0
256,51,Ben Sinnott,TE,WAS,SEA,2.629,-0.065,1.354,7.912,0.744,0.0
257,104,Jalen McMillan,WR,TB,MIN,2.626,0.0,0.0,9.456,0.42,0.0
258,66,Raheim Sanders,RB,CLE,CAR,2.618,-0.289,0.79,8.547,0.76,0.0
259,67,Keaton Mitchell,RB,LAC,BUF,2.518,0.0,0.972,6.884,0.843,0.0
260,52,Eli Raridon,TE,NE,JAX,2.48,-0.256,1.527,7.01,0.886,0.0
261,68,Ty Johnson,RB,BUF,LAC,2.433,0.0,0.626,7.324,0.591,0.0
262,53,Daniel Bellinger,TE,TEN,NYG,2.421,-0.265,1.401,6.973,0.857,0.0
263,38,Tyler Huntley,QB,BAL,DAL,2.411,0.0,0.0,10.907,0.321,0.0
264,105,Josh Cameron,WR,JAX,NE,2.404,0.0,0.838,6.996,0.867,0.0
265,106,Devontez Walker,WR,BAL,DAL,2.394,0.0,0.252,8.26,0.647,0.0
266,54,Will Kacmarek,TE,MIA,KC,2.391,0.0,1.682,6.681,0.899,0.0
267,55,Foster Moreau,TE,HOU,IND,2.381,-0.115,1.44,7.076,0.795,0.0
268,56,Jeremy Ruckert,TE,NYJ,DET,2.354,-0.115,1.427,7.107,0.803,0.0
269,107,Jared Wayne,WR,HOU,IND,2.275,-0.551,0.709,7.573,0.867,0.0
270,57,Brevyn Spann-Ford,TE,DAL,BAL,2.246,0.0,1.508,6.166,0.88,0.0
271,39,Mitchell Trubisky,QB,TEN,NYG,2.241,0.0,0.0,9.615,0.442,0.0
272,108,Olamide Zaccheaus,WR,ATL,GB,2.237,0.0,0.781,6.447,0.85,0.0
273,109,LaJohntay Wester,WR,BAL,DAL,2.232,-0.034,0.674,6.433,0.904,0.0
274,40,Shedeur Sanders,QB,CLE,CAR,2.23,0.0,0.0,10.669,0.325,0.0
275,69,Sione Vaki,RB,DET,NYJ,2.211,-0.348,0.446,7.057,0.837,0.0
276,41,Trey Lance,QB,LAC,BUF,2.165,0.0,0.0,10.199,0.28,0.0
277,58,Blake Whiteheart,TE,CLE,CAR,2.163,-0.204,1.279,6.464,0.808,0.0
278,70,Emari Demercado,RB,DAL,BAL,2.108,-0.399,0.314,6.738,0.85,0.0
279,71,Ameer Abdullah,RB,JAX,NE,2.078,0.011,1.229,5.125,0.925,0.0
280,72,Hunter Luepke,RB,DAL,BAL,2.075,-0.46,0.311,6.728,0.833,0.0
281,59,Johnny Mundt,TE,PHI,CHI,2.038,-0.091,0.15,6.471,0.674,0.0
282,42,Mason Rudolph,QB,PIT,CIN,1.993,0.0,0.0,7.221,0.448,0.0
283,110,Konata Mumpfield,WR,LA,DEN,1.989,-0.301,0.413,6.47,0.883,0.0
284,111,Marvin Mims Jr.,WR,DEN,LA,1.959,-0.218,0.0,6.713,0.648,0.0
285,60,Davis Allen,TE,LA,DEN,1.941,-0.187,1.079,6.363,0.865,0.0
286,73,DeeJay Dallas,RB,MIN,TB,1.94,-0.302,0.344,6.246,0.903,0.0
287,74,DJ Herman,RB,MIA,KC,1.91,0.0,0.232,5.82,0.594,0.0
288,112,Dyami Brown,WR,WAS,SEA,1.894,-0.392,0.294,6.389,0.91,0.0
289,75,Jordan James,RB,SF,ARI,1.891,0.0,0.0,6.531,0.46,0.0
290,76,Isiah Pacheco,RB,DET,NYJ,1.867,0.0,0.0,6.976,0.313,0.0
291,113,Darius Cooper,WR,PHI,CHI,1.866,-0.293,0.376,5.977,0.839,0.0
292,114,Brenen Thompson,WR,LAC,BUF,1.824,0.0,0.412,5.208,0.698,0.0
293,61,Drew Sample,TE,CIN,PIT,1.812,0.0,0.117,5.446,0.63,0.0
294,43,Tua Tagovailoa,QB,ATL,GB,1.79,0.0,0.0,6.648,0.399,0.0
295,62,Eric Saubert,TE,SEA,WAS,1.777,-0.026,0.327,4.927,0.813,0.0
296,77,AJ Dillon,RB,CAR,CLE,1.769,-0.447,0.15,6.162,0.85,0.0
297,115,Jayden Higgins,WR,HOU,IND,1.747,0.0,0.518,5.059,0.68,0.0
298,44,Justin Fields,QB,KC,MIA,1.735,0.0,0.0,5.979,0.342,0.0
299,78,George Holani,RB,SEA,WAS,1.732,0.0,0.321,5.112,0.67,0.0
300,63,Nate Adkins,TE,DEN,LA,1.727,-0.016,0.287,4.662,0.776,0.0
301,79,Jaylen Wright,RB,MIA,KC,1.685,0.0,0.8,4.322,0.845,0.0
302,116,KaVontae Turpin,WR,DAL,BAL,1.67,0.0,0.846,4.01,0.867,0.0
303,117,Skyy Moore,WR,GB,ATL,1.649,-0.051,0.795,3.938,0.926,0.0
304,64,Sam Roush,TE,CHI,PHI,1.638,-0.239,0.036,5.194,0.69,0.0
305,118,Kyle Williams,WR,NE,JAX,1.628,-0.016,0.727,3.866,0.877,0.0
306,119,Ricky Pearsall,WR,SF,ARI,1.626,0.0,0.0,5.543,0.535,0.0
307,80,Brashard Smith,RB,KC,MIA,1.6,-0.43,0.0,5.753,0.679,0.0
308,120,Laquon Treadwell,WR,IND,HOU,1.596,-0.031,0.728,3.911,0.892,0.0
309,121,Tez Johnson,WR,TB,MIN,1.596,-0.642,0.03,5.813,0.89,0.0
310,81,Rasheen Ali,RB,BAL,DAL,1.591,0.0,0.807,4.261,0.825,0.0
311,65,Elijah Higgins,TE,ARI,SF,1.589,-0.029,0.226,4.461,0.752,0.0
312,66,Erick All,TE,CIN,PIT,1.583,0.0,0.0,5.393,0.497,0.0
313,82,Jaleel McLaughlin,RB,CLE,CAR,1.568,-0.474,0.089,4.852,0.839,0.0
314,122,Ja'Kobi Lane,WR,BAL,DAL,1.558,0.0,0.0,5.161,0.456,0.0
315,67,Kylen Granson,TE,TEN,NYG,1.529,0.0,0.136,4.689,0.652,0.0
316,123,Christian Kirk,WR,SF,ARI,1.515,-0.261,0.0,5.385,0.557,0.0
317,83,Reggie Gilliam,RB,NE,JAX,1.495,0.0,0.567,3.998,0.641,0.0
318,124,Omar Cooper Jr.,WR,NYJ,DET,1.493,0.0,0.0,5.451,0.485,0.0
319,68,Brayden Willis,TE,SF,ARI,1.491,-0.063,0.607,4.151,0.828,0.0
320,69,Elijah Arroyo,TE,SEA,WAS,1.484,-0.09,0.0,4.805,0.628,0.0
321,125,Jacob Cowing,WR,SF,ARI,1.453,0.0,0.64,3.465,0.763,0.0
322,70,Brock Wright,TE,DET,NYJ,1.453,-0.155,0.036,4.764,0.685,0.0
323,84,Kendre Miller,RB,NO,LV,1.448,0.0,0.0,5.097,0.461,0.0
324,126,Jordan Whittington,WR,LA,DEN,1.447,-0.377,0.0,4.485,0.693,0.0
325,85,Kimani Vidal,RB,LAC,BUF,1.443,-0.194,0.0,4.755,0.65,0.0
326,127,Xavier Smith,WR,LA,DEN,1.44,-0.299,0.537,3.757,0.908,0.0
327,71,Adam Trautman,TE,DEN,LA,1.422,-0.143,0.0,4.834,0.493,0.0
328,72,John Bates,TE,WAS,SEA,1.407,0.0,0.116,4.235,0.547,0.0
329,73,Jake Tonges,TE,SF,ARI,1.388,0.0,0.0,4.848,0.386,0.0
330,45,Cooper Rush,QB,ATL,GB,1.381,-1.73,0.0,7.328,0.512,0.0
331,74,Tyler Higbee,TE,LA,DEN,1.364,-0.017,0.0,4.403,0.543,0.0
332,128,Zachariah Branch,WR,ATL,GB,1.349,-0.316,0.521,3.595,0.903,0.0
333,86,Tyler Badie,RB,DEN,LA,1.31,-0.158,0.315,3.84,0.737,0.0
334,46,Andy Dalton,QB,PHI,CHI,1.299,0.0,0.0,3.641,0.236,0.0
335,87,CJ Donaldson,RB,NO,LV,1.294,-0.434,0.356,3.924,0.853,0.0
336,88,Nicholas Singleton,RB,TEN,NYG,1.293,-0.269,0.0,4.407,0.659,0.0
337,75,Quintin Morris,TE,JAX,NE,1.291,-0.122,0.407,3.467,0.829,0.0
338,76,Nate Boerkircher,TE,JAX,NE,1.285,0.0,0.0,4.321,0.428,0.0
339,89,Demond Claiborne,RB,MIN,TB,1.282,0.0,0.391,3.531,0.615,0.0
340,77,Andrew Ogletree,TE,IND,HOU,1.27,-0.163,0.259,3.841,0.75,0.0
341,129,Jalen Royals,WR,KC,MIA,1.251,-0.771,0.0,4.792,0.789,0.0
342,90,Ollie Gordon II,RB,MIA,KC,1.25,-0.278,0.289,4.009,0.757,0.0
343,47,J.J. McCarthy,QB,MIN,TB,1.246,0.0,0.0,3.552,0.306,0.0
344,48,Michael Penix Jr.,QB,ATL,GB,1.246,0.0,0.0,3.018,0.154,0.0
345,91,Seth McGowan,RB,IND,HOU,1.216,-0.688,0.101,4.57,0.857,0.0
346,78,Luke Schoonmaker,TE,DAL,BAL,1.203,-0.026,0.0,3.573,0.558,0.0
347,130,Malik Benson,WR,LV,NO,1.193,-0.434,0.347,3.171,0.879,0.0
348,79,Oscar Delp,TE,NO,LV,1.19,-0.408,0.0,4.477,0.674,0.0
349,92,Kaytron Allen,RB,WAS,SEA,1.187,-0.641,0.255,3.771,0.885,0.0
350,131,Calvin Austin III,WR,NYG,TEN,1.172,0.0,0.224,3.119,0.575,0.0
351,80,Ian Thomas,TE,LV,NO,1.158,0.0,0.248,3.268,0.601,0.0
352,93,Malik Davis,RB,DAL,BAL,1.15,0.0,0.0,3.758,0.401,0.0
353,94,Corey Kiner,RB,NE,JAX,1.127,-0.603,0.131,3.767,0.817,0.0
354,81,Charlie Woerner,TE,ATL,GB,1.114,-0.385,0.0,3.736,0.587,0.0
355,132,Cyrus Allen,WR,KC,MIA,1.102,-0.091,0.0,4.009,0.393,0.0
356,133,Travis Hunter,WR,JAX,NE,1.065,0.0,0.0,3.844,0.198,0.0
357,82,Matthew Hibner,TE,BAL,DAL,1.064,0.0,0.0,3.554,0.396,0.0
358,83,Cade Stover,TE,HOU,IND,1.051,0.0,0.0,3.321,0.449,0.0
359,49,Quinn Ewers,QB,JAX,NE,1.039,0.0,0.0,3.5,0.246,0.0
360,95,Kene Nwangwu,RB,NYJ,DET,1.035,0.0,0.0,2.966,0.476,0.0
361,84,Keleki Latu,TE,BUF,LAC,1.029,-0.619,0.0,3.481,0.777,0.0
362,134,Arian Smith,WR,NYJ,DET,1.008,-0.621,0.105,3.07,0.859,0.0
363,85,Luke Musgrave,TE,GB,ATL,0.997,0.0,0.0,3.392,0.416,0.0
364,135,Derius Davis,WR,LAC,BUF,0.996,-0.663,0.0,3.167,0.834,0.0
365,86,Hunter Long,TE,ARI,SF,0.968,-0.46,0.0,3.257,0.695,0.0
366,96,Dylan Sampson,RB,CLE,CAR,0.968,-0.181,0.0,3.308,0.425,0.0
367,136,Gunner Olszewski,WR,NYG,TEN,0.953,-0.571,0.0,2.971,0.742,0.0
368,97,Trey Benson,RB,ARI,SF,0.943,0.0,0.0,2.614,0.253,0.0
369,98,Patrick Ricard,RB,NYG,TEN,0.936,0.0,0.0,3.153,0.428,0.0
370,137,Jonathan Mingo,WR,DAL,BAL,0.921,-0.316,0.0,2.713,0.619,0.0
371,99,Isaiah Davis,RB,NYJ,DET,0.92,-0.486,0.0,2.917,0.653,0.0
372,138,Bo Melton,WR,GB,ATL,0.918,-0.829,0.0,3.134,0.864,0.0
373,139,Odell Beckham Jr.,WR,NYG,TEN,0.901,-0.439,0.0,3.038,0.465,0.0
374,140,Isaiah Bond,WR,CLE,CAR,0.86,-0.57,0.0,2.72,0.696,0.0
375,141,Myles Price,WR,MIN,TB,0.858,-0.961,0.0,3.038,0.864,0.0
376,142,Barion Brown,WR,NO,LV,0.854,-0.807,0.0,2.833,0.872,0.0
377,87,Mo Alie-Cox,TE,IND,HOU,0.853,-0.067,0.0,2.853,0.435,0.0
378,143,Elijah Moore,WR,PHI,CHI,0.847,-0.059,0.0,2.81,0.443,0.0
379,144,Jordyn Tyson,WR,NO,LV,0.846,0.0,0.0,2.248,0.189,0.0
380,100,Bam Knight,RB,ARI,SF,0.843,-0.231,0.0,2.591,0.542,0.0
381,101,Jacob Saylors,RB,DET,NYJ,0.838,-0.741,0.0,3.119,0.695,0.0
382,88,Josh Whyle,TE,GB,ATL,0.833,0.0,0.0,3.048,0.327,0.0
383,102,Dylan Laube,RB,LV,NO,0.832,-1.008,0.0,3.572,0.84,0.0
384,145,John Metchie III,WR,CAR,CLE,0.826,-0.453,0.0,2.381,0.7,0.0
385,103,Ty Chandler,RB,NO,LV,0.825,-0.293,0.0,2.866,0.433,0.0
386,89,Cameron Latu,TE,NE,JAX,0.817,-0.412,0.0,2.747,0.601,0.0
387,50,Davis Mills,QB,HOU,IND,0.807,0.0,0.0,1.862,0.194,0.0
388,104,James Conner,RB,ARI,SF,0.801,0.0,0.0,2.116,0.224,0.0
389,51,Joshua Dobbs,QB,DET,NYJ,0.798,0.0,0.0,1.522,0.153,0.0
390,90,Marlin Klein,TE,HOU,IND,0.791,0.0,0.0,2.628,0.432,0.0
391,146,Jalen Tolbert,WR,MIA,KC,0.788,0.0,0.0,2.516,0.359,0.0
392,52,Tanner McKee,QB,PHI,CHI,0.776,-0.129,0.0,2.032,0.247,0.0
393,147,Kevin Coleman Jr.,WR,MIA,KC,0.775,0.0,0.0,2.328,0.399,0.0
394,53,Fernando Mendoza,QB,LV,NO,0.775,0.0,0.0,0.0,0.105,0.0
395,91,Tyler Conklin,TE,DET,NYJ,0.766,0.0,0.0,2.425,0.331,0.0
396,105,Ronnie Rivers,RB,LA,DEN,0.722,-0.463,0.0,2.369,0.535,0.0
397,106,British Brooks,RB,HOU,IND,0.711,-0.576,0.0,2.534,0.538,0.0
398,148,Tank Dell,WR,HOU,IND,0.7,0.0,0.0,1.862,0.203,0.0
399,107,LeQuint Allen Jr.,RB,JAX,NE,0.687,-0.816,0.0,2.741,0.634,0.0
400,149,Jahdae Walker,WR,CHI,PHI,0.681,-0.072,0.0,2.129,0.465,0.0
401,54,Joe Flacco,QB,CIN,PIT,0.678,0.0,0.0,1.365,0.228,0.0
402,150,Elijah Sarratt,WR,BAL,DAL,0.661,0.0,0.0,1.436,0.149,0.0
403,151,Colbie Young,WR,CIN,PIT,0.66,-0.628,0.0,2.401,0.673,0.0
404,108,Tahj Brooks,RB,CIN,PIT,0.658,0.0,0.0,2.107,0.372,0.0
405,152,De'Zhaun Stribling,WR,SF,ARI,0.624,0.0,0.0,1.546,0.171,0.0
406,153,Tory Horton,WR,SEA,WAS,0.619,0.0,0.0,1.625,0.253,0.0
407,154,Treylon Burks,WR,WAS,SEA,0.603,-0.993,0.0,2.532,0.756,0.0
408,92,Jackson Hawes,TE,BUF,LAC,0.591,0.0,0.0,2.046,0.269,0.0
409,93,David Martin-Robinson,TE,TEN,NYG,0.59,0.0,0.0,1.967,0.331,0.0
410,155,KeAndre Lambert-Smith,WR,LAC,BUF,0.588,-0.499,0.0,1.98,0.512,0.0
411,109,Kyle Juszczyk,RB,SF,ARI,0.572,0.0,0.0,0.435,0.122,0.0
412,110,Brady Russell,RB,SEA,WAS,0.569,-0.28,0.0,1.83,0.333,0.0
413,156,Skyler Bell,WR,BUF,LAC,0.558,0.0,0.0,0.971,0.149,0.0
414,55,Riley Leonard,QB,IND,HOU,0.555,-3.189,0.0,5.762,0.488,0.0
415,111,DJ Giddens,RB,IND,HOU,0.544,0.0,0.0,1.668,0.246,0.0
416,112,Ben VanSumeren,RB,KC,MIA,0.537,0.0,0.0,1.227,0.221,0.0
417,94,Jake Briningstool,TE,KC,MIA,0.523,0.0,0.0,1.66,0.223,0.0
418,95,Jelani Woods,TE,NYJ,DET,0.522,0.0,0.0,1.923,0.226,0.0
419,157,Brock Rechsteiner,WR,NO,LV,0.521,0.0,0.0,0.484,0.121,0.0
420,158,Tim Patrick,WR,NYJ,DET,0.513,0.0,0.0,1.754,0.358,0.0
421,159,Efton Chism III,WR,NE,JAX,0.512,-0.848,0.0,2.03,0.614,0.0
422,56,Cade Klubnik,QB,NYJ,DET,0.512,0.0,0.0,0.0,0.075,0.0
423,160,Tyrell Shavers,WR,BUF,LAC,0.511,0.0,0.0,1.286,0.235,0.0
424,113,Max Bredeson,RB,MIN,TB,0.51,0.0,0.0,0.509,0.124,0.0
425,57,Gardner Minshew,QB,ARI,SF,0.509,0.0,0.0,0.088,0.131,0.0
426,58,Aidan O'Connell,QB,LV,NO,0.505,0.0,0.0,0.203,0.2,0.0
427,161,Chris Blair,WR,ATL,GB,0.504,-1.196,0.0,2.46,0.809,0.0
428,96,Ja'Tavion Sanders,TE,CAR,CLE,0.493,0.0,0.0,1.45,0.285,0.0
429,97,Grant Calcaterra,TE,PHI,CHI,0.488,-0.23,0.0,1.655,0.341,0.0
430,162,KhaDarel Hodge,WR,SF,ARI,0.48,-1.155,0.0,2.375,0.784,0.0
431,163,Lil'Jordan Humphrey,WR,DEN,LA,0.476,-1.037,0.0,2.144,0.698,0.0
432,164,Tutu Atwell,WR,LA,DEN,0.474,-1.133,0.0,2.324,0.771,0.0
433,98,Colson Yankoff,TE,WAS,SEA,0.462,-1.138,0.0,2.201,0.717,0.0
434,114,Tyler Goodson,RB,DAL,BAL,0.444,-0.326,0.0,1.702,0.386,0.0
435,99,Thomas Odukoya,TE,KC,MIA,0.442,0.0,0.0,0.0,0.11,0.0
436,100,Josh Cuevas,TE,BAL,DAL,0.429,0.0,0.0,0.398,0.131,0.0
437,115,Riley Nowakowski,RB,PIT,CIN,0.427,0.0,0.0,0.0,0.123,0.0
438,59,Tyson Bagent,QB,CHI,PHI,0.424,-0.894,0.0,0.326,0.251,0.0
439,116,Julius Chestnut,RB,TEN,NYG,0.421,-1.38,0.0,2.623,0.664,0.0
440,101,Julian Hill,TE,NE,JAX,0.419,0.0,0.0,1.284,0.284,0.0
441,102,Eli Stowers,TE,PHI,CHI,0.417,0.0,0.0,1.192,0.157,0.0
442,60,Spencer Rattler,QB,NO,LV,0.398,0.0,0.0,0.0,0.122,0.0
443,117,Adam Randall,RB,BAL,DAL,0.397,0.0,0.0,0.317,0.123,0.0
444,165,Dohnte Meyers,WR,CIN,PIT,0.383,-1.211,-0.009,2.329,0.865,0.0
445,166,C.J. Williams,WR,JAX,NE,0.38,0.0,0.0,0.0,0.133,0.0
446,167,Kendrick Law,WR,DET,NYJ,0.375,0.0,0.0,0.0,0.14,0.0
447,168,Mason Tipton,WR,NO,LV,0.367,0.0,0.0,0.993,0.243,0.0
448,61,Brady Cook,QB,MIA,KC,0.366,-1.578,0.0,0.863,0.27,0.0
449,118,Michael Burton,RB,CLE,CAR,0.365,0.0,0.0,0.0,0.117,0.0
450,169,David Sills,WR,TB,MIN,0.364,-0.328,0.0,1.418,0.369,0.0
451,119,Connor Heyward,RB,LV,NO,0.364,0.0,0.0,0.0,0.114,0.0
452,120,Scott Matlock,RB,LAC,BUF,0.363,0.0,0.0,0.002,0.115,0.0
453,103,Tanner Koziol,TE,JAX,NE,0.359,0.0,0.0,0.301,0.131,0.0
454,104,Payne Durham,TE,TB,MIN,0.356,0.0,0.0,1.263,0.223,0.0
455,170,Brycen Tremayne,WR,CAR,CLE,0.355,-1.327,-0.084,2.364,0.854,0.0
456,105,Max Klare,TE,LA,DEN,0.355,0.0,0.0,0.353,0.156,0.0
457,171,Chris Brazzell II,WR,CAR,CLE,0.355,0.0,0.0,0.555,0.158,0.0
458,106,Seydou Traore,TE,MIA,KC,0.354,0.0,0.0,0.125,0.13,0.0
459,107,Joe Royer,TE,CLE,CAR,0.346,0.0,0.0,0.022,0.131,0.0
460,108,Jared Wiley,TE,KC,MIA,0.341,0.0,0.0,1.104,0.182,0.0
461,121,Sean Tucker,RB,TB,MIN,0.331,-0.486,0.0,0.962,0.324,0.0
462,109,Gavin Bartholomew,TE,MIN,TB,0.319,0.0,0.0,0.0,0.123,0.0
463,110,Chris Manhertz,TE,NYG,TEN,0.318,0.0,0.0,0.666,0.209,0.0
464,122,Trevor Etienne,RB,CAR,CLE,0.316,-0.852,0.0,1.317,0.365,0.0
465,123,Andrew Beck,RB,NYJ,DET,0.312,0.0,0.0,0.0,0.102,0.0
466,62,Zach Wilson,QB,NO,LV,0.3,-0.907,0.0,0.0,0.213,0.0
467,172,Jeff Caldwell,WR,KC,MIA,0.3,0.0,0.0,0.135,0.121,0.0
468,111,Jackson Meeks,TE,DET,NYJ,0.297,0.0,0.0,0.134,0.112,0.0
469,124,Alec Ingold,RB,LAC,BUF,0.292,0.0,0.0,0.0,0.102,0.0
470,173,CJ Daniels,WR,LA,DEN,0.287,0.0,0.0,0.0,0.133,0.0
471,112,Ben Yurosek,TE,MIN,TB,0.286,0.0,0.0,0.721,0.173,0.0
472,125,Chris Collier,RB,LV,NO,0.285,0.0,0.0,0.585,0.249,0.0
473,174,Jalen Brooks,WR,ARI,SF,0.284,-1.237,0.0,1.472,0.611,0.0
474,126,Isaac Guerendo,RB,SF,ARI,0.283,0.0,0.0,0.401,0.167,0.0
475,113,Justin Joly,TE,MIA,KC,0.282,0.0,0.0,0.0,0.131,0.0
476,175,Tai Felton,WR,MIN,TB,0.281,-0.447,0.0,0.899,0.317,0.0
477,114,Carsen Ryan,TE,CLE,CAR,0.279,-0.725,0.0,0.975,0.335,0.0
478,63,Anthony Richardson,QB,IND,HOU,0.27,0.0,0.0,0.0,0.068,0.0
479,64,Kyle McCord,QB,MIA,KC,0.269,0.0,0.0,0.0,0.066,0.0
480,65,Kurtis Rourke,QB,SF,ARI,0.262,0.0,0.0,0.0,0.062,0.0
481,176,Camden Brown,WR,DAL,BAL,0.261,0.0,0.0,0.0,0.121,0.0
482,66,Garrett Nussmeier,QB,KC,MIA,0.26,0.0,0.0,0.0,0.062,0.0
483,177,Corey Rucker,WR,LV,NO,0.258,0.0,0.0,0.328,0.121,0.0
484,67,Tyrod Taylor,QB,GB,ATL,0.258,0.0,0.0,0.0,0.047,0.0
485,115,John Michael Gyllenborg,TE,KC,MIA,0.256,0.0,0.0,0.0,0.112,0.0
486,127,Myles Montgomery,RB,NE,JAX,0.256,0.0,0.0,0.0,0.106,0.0
487,116,Dallen Bentley,TE,DEN,LA,0.252,0.0,0.0,0.0,0.117,0.0
488,117,Mark Redman,TE,GB,ATL,0.252,0.0,0.0,0.026,0.112,0.0
489,118,Tanner Arkin,TE,NE,JAX,0.248,0.0,0.0,0.0,0.112,0.0
490,178,Dont'e Thornton Jr.,WR,LV,NO,0.24,0.0,0.0,0.565,0.235,0.0
491,119,Caleb Lohner,TE,DEN,LA,0.237,0.0,0.0,0.153,0.117,0.0
492,68,Graham Mertz,QB,HOU,IND,0.234,0.0,0.0,0.0,0.066,0.0
493,120,Moliki Matavao,TE,NO,LV,0.232,0.0,0.0,0.076,0.146,0.0
494,69,Jarrett Stidham,QB,DEN,LA,0.231,0.0,0.0,0.0,0.052,0.0
495,128,Chip Trayanum,RB,NYJ,DET,0.227,0.0,0.0,0.214,0.106,0.0
496,129,Roschon Johnson,RB,CHI,PHI,0.227,-0.96,0.0,0.914,0.349,0.0
497,179,Reggie Virgil,WR,ARI,SF,0.223,0.0,0.0,0.0,0.141,0.0
498,70,Taylen Green,QB,CLE,CAR,0.223,0.0,0.0,0.0,0.066,0.0
499,180,Jimmy Holiday,WR,KC,MIA,0.218,0.0,0.0,0.0,0.12,0.0
500,71,Will Howard,QB,PIT,CIN,0.217,0.0,0.0,0.0,0.066,0.0
501,130,Robbie Ouzts,RB,SEA,WAS,0.214,0.0,0.0,0.0,0.106,0.0
502,181,Cole Burgess,WR,PIT,CIN,0.213,0.0,0.0,0.001,0.12,0.0
503,72,Jalon Daniels,QB,TB,MIN,0.213,0.0,0.0,0.0,0.059,0.0
504,121,Robert Tonyan,TE,PIT,CIN,0.211,0.0,0.0,0.318,0.151,0.0
505,122,Jack Endries,TE,CIN,PIT,0.21,0.0,0.0,0.154,0.118,0.0
506,123,Jameson Geers,TE,ARI,SF,0.206,0.0,0.0,0.0,0.112,0.0
507,73,Stetson Bennett,QB,LA,DEN,0.203,0.0,0.0,0.0,0.149,0.0
508,124,Carson Towt,TE,IND,HOU,0.2,0.0,0.0,0.0,0.112,0.0
509,125,Tip Reiman,TE,ARI,SF,0.19,0.0,0.0,0.0,0.109,0.0
510,182,Jeremiah Webb,WR,NE,JAX,0.183,0.0,0.0,0.0,0.12,0.0
511,131,Trey Sermon,RB,ATL,GB,0.182,-0.827,0.0,0.481,0.304,0.0
512,183,Dareke Young,WR,LV,NO,0.181,-1.433,0.0,1.636,0.749,0.0
513,126,Jaren Kanak,TE,TEN,NYG,0.179,0.0,0.0,0.0,0.118,0.0
514,74,Joe Fagnano,QB,BAL,DAL,0.172,0.0,0.0,0.0,0.059,0.0
515,127,Thomas Yassmin,TE,GB,ATL,0.169,0.0,0.0,0.0,0.111,0.0
516,184,Jordan Watkins,WR,SF,ARI,0.167,0.0,0.0,0.0,0.12,0.0
517,128,DJ Rogers,TE,DAL,BAL,0.167,0.0,0.0,0.0,0.112,0.0
518,129,Hayden Large,TE,CHI,PHI,0.166,0.0,0.0,0.0,0.112,0.0
519,75,Carson Beck,QB,ARI,SF,0.161,0.0,0.0,0.0,0.08,0.0
520,185,Ashton Dulin,WR,IND,HOU,0.156,-1.166,0.0,0.933,0.453,0.0
521,132,Eli Heidenreich,RB,PIT,CIN,0.155,-1.822,-0.335,2.682,0.847,0.0
522,186,Johnny Wilson,WR,PHI,CHI,0.154,0.0,0.0,0.0,0.149,0.0
523,130,Brevin Jordan,TE,HOU,IND,0.143,0.0,0.0,0.0,0.07,0.0
524,76,Sam Howell,QB,DAL,BAL,0.142,0.0,0.0,0.0,0.047,0.0
525,77,Kyle Allen,QB,BUF,LAC,0.137,0.0,0.0,0.0,0.043,0.0
526,78,Behren Morton,QB,NE,JAX,0.135,0.0,0.0,0.0,0.062,0.0
527,131,Hayden Rucci,TE,LAC,BUF,0.131,0.0,0.0,0.0,0.117,0.0
528,79,Ty Simpson,QB,LA,DEN,0.121,0.0,0.0,0.0,0.095,0.0
529,80,Haynes King,QB,CAR,CLE,0.117,0.0,0.0,0.0,0.059,0.0
530,132,Will Mallory,TE,IND,HOU,0.108,-0.315,0.0,0.0,0.194,0.0
531,187,Tom Kennedy,WR,DET,NYJ,0.102,-1.667,-0.233,2.09,0.827,0.0
532,133,E.J. Jenkins,TE,PHI,CHI,0.101,0.0,0.0,0.0,0.105,0.0
533,134,Nick Kallerup,TE,SEA,WAS,0.1,0.0,0.0,0.0,0.109,0.0
534,81,Drew Allar,QB,PIT,CIN,0.097,0.0,0.0,0.0,0.08,0.0
535,188,D.J. Montgomery,WR,IND,HOU,0.097,0.0,0.0,0.0,0.071,0.0
536,82,Athan Kaliakmanis,QB,WAS,SEA,0.093,0.0,0.0,0.0,0.062,0.0
537,189,Malachi Corley,WR,CLE,CAR,0.086,-1.695,-0.294,2.062,0.851,0.0
538,190,Deion Burks,WR,IND,HOU,0.084,-1.473,0.0,1.385,0.642,0.0
539,83,Tommy DeVito,QB,NE,JAX,0.083,0.0,0.0,0.0,0.038,0.0
540,135,Carter Runyon,TE,LV,NO,0.076,0.0,0.0,0.0,0.116,0.0
541,136,Treyton Welch,TE,NO,LV,0.075,-0.741,0.0,0.0,0.232,0.0
542,84,Cole Payton,QB,PHI,CHI,0.074,0.0,0.0,0.0,0.07,0.0
543,85,Jalen Milroe,QB,SEA,WAS,0.067,0.0,0.0,0.0,0.053,0.0
544,137,Ko Kieft,TE,TB,MIN,0.062,0.0,0.0,0.0,0.095,0.0
545,86,Skylar Thompson,QB,BAL,DAL,0.058,0.0,0.0,0.0,0.042,0.0
546,138,Nick Muse,TE,ATL,GB,0.043,-0.658,0.0,0.0,0.212,0.0
547,87,Case Keenum,QB,CHI,PHI,0.04,0.0,0.0,0.0,0.024,0.0
548,133,Jeremy McNichols,RB,WAS,SEA,0.039,-1.372,0.0,0.161,0.316,0.0
549,139,Princeton Fant,TE,DAL,BAL,0.025,0.0,0.0,0.0,0.157,0.0
550,88,Sam Ehlinger,QB,DEN,LA,0.015,0.0,0.0,0.0,0.041,0.0
551,140,Thomas Fidone II,TE,NYG,TEN,0.012,0.0,0.0,0.0,0.077,0.0
552,191,Tylan Wallace,WR,CLE,CAR,0.011,-0.4,0.0,0.0,0.189,0.0
553,192,Beaux Collins,WR,ATL,GB,-0.001,0.0,0.0,0.0,0.114,0.0
554,141,Feleipe Franks,TE,CAR,CLE,-0.006,-1.812,0.0,1.729,0.726,0.0
555,142,Bauer Sharp,TE,TB,MIN,-0.039,-1.639,0.0,0.223,0.35,0.0
556,143,Cole Turner,TE,MIA,KC,-0.042,0.0,0.0,0.0,0.132,0.0
557,193,Ben Skowronek,WR,PIT,CIN,-0.066,-1.803,0.0,1.454,0.722,0.0
558,134,Brittain Brown,RB,CHI,PHI,-0.07,-0.919,0.0,0.0,0.155,0.0
559,194,Savion Williams,WR,GB,ATL,-0.076,-1.271,0.0,0.0,0.237,0.0
560,195,Irvin Charles,WR,SEA,WAS,-0.092,0.0,0.0,0.0,0.061,0.0
561,89,Matthew Caldwell,QB,LA,DEN,-0.094,0.0,0.0,0.0,0.059,0.0
562,196,Simi Fehoko,WR,ARI,SF,-0.107,-1.768,0.0,0.0,0.29,0.0
563,90,Dillon Gabriel,QB,CLE,CAR,-0.114,0.0,0.0,0.0,0.103,0.0
564,144,Nikola Kalinic,TE,CHI,PHI,-0.148,-1.531,0.0,0.0,0.195,0.0
565,197,Luke McCaffrey,WR,WAS,SEA,-0.159,0.0,0.0,0.0,0.108,0.0
566,198,Jake Bobo,WR,SEA,WAS,-0.172,-1.543,0.0,0.0,0.174,0.0
567,199,Tay Martin,WR,DET,NYJ,-0.173,-1.91,-0.28,1.174,0.756,0.0
568,200,Ryan Miller,WR,MIA,KC,-0.182,-1.9,0.0,0.65,0.559,0.0
569,201,Jaylin Lane,WR,WAS,SEA,-0.194,-2.053,-0.542,1.68,0.796,0.0
570,202,Jeshaun Jones,WR,MIN,TB,-0.225,-1.823,0.0,0.0,0.196,0.0
571,203,Justin Shorter,WR,LV,NO,-0.239,-1.862,0.0,0.0,0.165,0.0
572,204,Nikko Remigio,WR,KC,MIA,-0.263,-2.023,-0.207,1.186,0.743,0.0
573,205,Ke'Shawn Williams,WR,CIN,PIT,-0.289,-2.295,0.0,0.0,0.32,0.0
574,206,Montorie Foster Jr,WR,SEA,WAS,-0.351,-2.215,0.0,0.0,0.342,0.0
575,207,Zavion Thomas,WR,CHI,PHI,-0.407,-2.249,-0.308,0.719,0.676,0.0
576,91,Jack Strand,QB,ATL,GB,-0.463,-5.072,0.0,3.112,0.522,0.0
577,208,J. Michael Sturdivant,WR,GB,ATL,-0.536,-2.563,0.0,0.277,0.604,0.0
578,209,Devin Duvernay,WR,ARI,SF,-0.792,-2.767,-1.45,1.13,0.902,0.0
579,210,Kameron Johnson,WR,TB,MIN,-1.114,-3.193,-1.806,0.559,0.827,0.0
580,211,Kaden Wetjen,WR,PIT,CIN,-1.156,-3.13,-1.901,0.881,0.888,0.0
581,212,Britain Covey,WR,PHI,CHI,-1.261,-3.303,-1.915,0.455,0.828,0.0
