issue,season,team,subject
missing_head_coach,1970,ARI,1970 St. Louis Cardinals season
missing_offensive_coordinator,1970,ARI,1970 St. Louis Cardinals season
missing_offensive_coordinator,1970,ATL,1970 Atlanta Falcons season
missing_offensive_coordinator,1970,BUF,1970 Buffalo Bills season
missing_offensive_coordinator,1970,CHI,1970 Chicago Bears season
missing_offensive_coordinator,1970,CIN,1970 Cincinnati Bengals season
missing_offensive_coordinator,1970,DAL,1970 Dallas Cowboys season
missing_offensive_coordinator,1970,DEN,1970 Denver Broncos season
missing_offensive_coordinator,1970,DET,1970 Detroit Lions season
missing_offensive_coordinator,1970,GB,1970 Green Bay Packers season
missing_offensive_coordinator,1970,KC,1970 Kansas City Chiefs season
missing_offensive_coordinator,1970,LAC,1970 San Diego Chargers season
missing_offensive_coordinator,1970,LAR,1970 Los Angeles Rams season
missing_offensive_coordinator,1970,LV,1970 Oakland Raiders season
missing_offensive_coordinator,1970,MIA,1970 Miami Dolphins season
missing_offensive_coordinator,1970,MIN,1970 Minnesota Vikings season
missing_offensive_coordinator,1970,NE,1970 Boston Patriots season
missing_offensive_coordinator,1970,NO,1970 New Orleans Saints season
missing_offensive_coordinator,1970,NYG,1970 New York Giants season
missing_head_coach,1970,NYJ,1970 New York Jets season
missing_offensive_coordinator,1970,NYJ,1970 New York Jets season
missing_offensive_coordinator,1970,PHI,1970 Philadelphia Eagles season
missing_offensive_coordinator,1970,PIT,1970 Pittsburgh Steelers season
missing_offensive_coordinator,1970,TEN,1970 Houston Oilers season
missing_offensive_coordinator,1970,WAS,1970 Washington Redskins season
missing_head_coach,1971,ARI,1971 St. Louis Cardinals season
missing_offensive_coordinator,1971,ARI,1971 St. Louis Cardinals season
missing_offensive_coordinator,1971,ATL,1971 Atlanta Falcons season
missing_offensive_coordinator,1971,BUF,1971 Buffalo Bills season
missing_offensive_coordinator,1971,CHI,1971 Chicago Bears season
missing_offensive_coordinator,1971,CIN,1971 Cincinnati Bengals season
missing_offensive_coordinator,1971,DAL,1971 Dallas Cowboys season
missing_offensive_coordinator,1971,DEN,1971 Denver Broncos season
missing_offensive_coordinator,1971,DET,1971 Detroit Lions season
missing_offensive_coordinator,1971,GB,1971 Green Bay Packers season
missing_offensive_coordinator,1971,KC,1971 Kansas City Chiefs season
missing_offensive_coordinator,1971,LAC,1971 San Diego Chargers season
missing_offensive_coordinator,1971,LV,1971 Oakland Raiders season
missing_offensive_coordinator,1971,MIA,1971 Miami Dolphins season
missing_offensive_coordinator,1971,MIN,1971 Minnesota Vikings season
missing_offensive_coordinator,1971,NE,1971 New England Patriots season
missing_offensive_coordinator,1971,NYG,1971 New York Giants season
missing_offensive_coordinator,1971,NYJ,1971 New York Jets season
missing_offensive_coordinator,1971,PIT,1971 Pittsburgh Steelers season
missing_head_coach,1971,TEN,1971 Houston Oilers season
missing_offensive_coordinator,1971,TEN,1971 Houston Oilers season
missing_head_coach,1972,ARI,1972 St. Louis Cardinals season
missing_offensive_coordinator,1972,ARI,1972 St. Louis Cardinals season
missing_offensive_coordinator,1972,ATL,1972 Atlanta Falcons season
missing_offensive_coordinator,1972,BUF,1972 Buffalo Bills season
missing_offensive_coordinator,1972,CHI,1972 Chicago Bears season
missing_head_coach,1972,CIN,1972 Cincinnati Bengals season
missing_offensive_coordinator,1972,CIN,1972 Cincinnati Bengals season
missing_offensive_coordinator,1972,DAL,1972 Dallas Cowboys season
missing_offensive_coordinator,1972,DEN,1972 Denver Broncos season
missing_offensive_coordinator,1972,DET,1972 Detroit Lions season
missing_offensive_coordinator,1972,GB,1972 Green Bay Packers season
missing_offensive_coordinator,1972,KC,1972 Kansas City Chiefs season
missing_head_coach,1972,LAC,1972 San Diego Chargers season
missing_offensive_coordinator,1972,LAC,1972 San Diego Chargers season
missing_offensive_coordinator,1972,LV,1972 Oakland Raiders season
missing_offensive_coordinator,1972,MIA,1972 Miami Dolphins season
missing_offensive_coordinator,1972,MIN,1972 Minnesota Vikings season
missing_offensive_coordinator,1972,NYG,1972 New York Giants season
missing_head_coach,1972,NYJ,1972 New York Jets season
missing_offensive_coordinator,1972,NYJ,1972 New York Jets season
missing_offensive_coordinator,1972,PIT,1972 Pittsburgh Steelers season
missing_offensive_coordinator,1972,TEN,1972 Houston Oilers season
missing_head_coach,1973,ARI,1973 St. Louis Cardinals season
missing_offensive_coordinator,1973,ARI,1973 St. Louis Cardinals season
missing_offensive_coordinator,1973,ATL,1973 Atlanta Falcons season
missing_offensive_coordinator,1973,BUF,1973 Buffalo Bills season
missing_offensive_coordinator,1973,CHI,1973 Chicago Bears season
missing_offensive_coordinator,1973,CIN,1973 Cincinnati Bengals season
missing_offensive_coordinator,1973,CLE,1973 Cleveland Browns season
missing_offensive_coordinator,1973,DAL,1973 Dallas Cowboys season
missing_offensive_coordinator,1973,DEN,1973 Denver Broncos season
missing_offensive_coordinator,1973,GB,1973 Green Bay Packers season
missing_offensive_coordinator,1973,IND,1973 Baltimore Colts season
missing_offensive_coordinator,1973,KC,1973 Kansas City Chiefs season
missing_head_coach,1973,LAC,1973 San Diego Chargers season
missing_offensive_coordinator,1973,LAC,1973 San Diego Chargers season
missing_offensive_coordinator,1973,LV,1973 Oakland Raiders season
missing_offensive_coordinator,1973,MIA,1973 Miami Dolphins season
missing_offensive_coordinator,1973,MIN,1973 Minnesota Vikings season
missing_offensive_coordinator,1973,NE,1973 New England Patriots season
missing_offensive_coordinator,1973,NO,1973 New Orleans Saints season
missing_offensive_coordinator,1973,NYJ,1973 New York Jets season
missing_offensive_coordinator,1973,PHI,1973 Philadelphia Eagles season
missing_offensive_coordinator,1973,PIT,1973 Pittsburgh Steelers season
missing_offensive_coordinator,1973,TEN,1973 Houston Oilers season
missing_head_coach,1974,ARI,1974 St. Louis Cardinals season
missing_offensive_coordinator,1974,ARI,1974 St. Louis Cardinals season
missing_offensive_coordinator,1974,ATL,1974 Atlanta Falcons season
missing_offensive_coordinator,1974,BUF,1974 Buffalo Bills season
missing_offensive_coordinator,1974,CHI,1974 Chicago Bears season
missing_offensive_coordinator,1974,CIN,1974 Cincinnati Bengals season
missing_offensive_coordinator,1974,CLE,1974 Cleveland Browns season
missing_offensive_coordinator,1974,DAL,1974 Dallas Cowboys season
missing_offensive_coordinator,1974,DEN,1974 Denver Broncos season
missing_offensive_coordinator,1974,GB,1974 Green Bay Packers season
missing_offensive_coordinator,1974,IND,1974 Baltimore Colts season
missing_offensive_coordinator,1974,KC,1974 Kansas City Chiefs season
missing_head_coach,1974,LAC,1974 San Diego Chargers season
missing_offensive_coordinator,1974,LAC,1974 San Diego Chargers season
missing_offensive_coordinator,1974,LV,1974 Oakland Raiders season
missing_offensive_coordinator,1974,MIA,1974 Miami Dolphins season
missing_offensive_coordinator,1974,MIN,1974 Minnesota Vikings season
missing_offensive_coordinator,1974,NE,1974 New England Patriots season
missing_offensive_coordinator,1974,NO,1974 New Orleans Saints season
missing_offensive_coordinator,1974,NYG,1974 New York Giants season
missing_offensive_coordinator,1974,NYJ,1974 New York Jets season
missing_offensive_coordinator,1974,PHI,1974 Philadelphia Eagles season
missing_offensive_coordinator,1974,PIT,1974 Pittsburgh Steelers season
missing_offensive_coordinator,1974,SF,1974 San Francisco 49ers season
missing_head_coach,1974,TEN,1974 Houston Oilers season
missing_offensive_coordinator,1974,TEN,1974 Houston Oilers season
missing_head_coach,1975,ARI,1975 St. Louis Cardinals season
missing_offensive_coordinator,1975,ARI,1975 St. Louis Cardinals season
missing_offensive_coordinator,1975,BUF,1975 Buffalo Bills season
missing_offensive_coordinator,1975,CHI,1975 Chicago Bears season
missing_offensive_coordinator,1975,CIN,1975 Cincinnati Bengals season
missing_offensive_coordinator,1975,CLE,1975 Cleveland Browns season
missing_offensive_coordinator,1975,DAL,1975 Dallas Cowboys season
missing_offensive_coordinator,1975,DEN,1975 Denver Broncos season
missing_offensive_coordinator,1975,GB,1975 Green Bay Packers season
missing_offensive_coordinator,1975,IND,1975 Baltimore Colts season
missing_offensive_coordinator,1975,KC,1975 Kansas City Chiefs season
missing_offensive_coordinator,1975,LV,1975 Oakland Raiders season
missing_offensive_coordinator,1975,MIA,1975 Miami Dolphins season
missing_offensive_coordinator,1975,MIN,1975 Minnesota Vikings season
missing_offensive_coordinator,1975,NE,1975 New England Patriots season
missing_offensive_coordinator,1975,NO,1975 New Orleans Saints season
missing_offensive_coordinator,1975,NYG,1975 New York Giants season
missing_offensive_coordinator,1975,NYJ,1975 New York Jets season
missing_offensive_coordinator,1975,PHI,1975 Philadelphia Eagles season
missing_offensive_coordinator,1975,PIT,1975 Pittsburgh Steelers season
missing_head_coach,1975,TEN,1975 Houston Oilers season
missing_offensive_coordinator,1975,TEN,1975 Houston Oilers season
missing_head_coach,1976,ARI,1976 St. Louis Cardinals season
missing_offensive_coordinator,1976,ARI,1976 St. Louis Cardinals season
missing_offensive_coordinator,1976,BUF,1976 Buffalo Bills season
missing_offensive_coordinator,1976,CHI,1976 Chicago Bears season
missing_offensive_coordinator,1976,CIN,1976 Cincinnati Bengals season
missing_offensive_coordinator,1976,CLE,1976 Cleveland Browns season
missing_offensive_coordinator,1976,DAL,1976 Dallas Cowboys season
missing_offensive_coordinator,1976,DEN,1976 Denver Broncos season
missing_offensive_coordinator,1976,DET,1976 Detroit Lions season
missing_offensive_coordinator,1976,GB,1976 Green Bay Packers season
missing_offensive_coordinator,1976,IND,1976 Baltimore Colts season
missing_offensive_coordinator,1976,KC,1976 Kansas City Chiefs season
missing_offensive_coordinator,1976,LV,1976 Oakland Raiders season
missing_offensive_coordinator,1976,MIA,1976 Miami Dolphins season
missing_offensive_coordinator,1976,NE,1976 New England Patriots season
missing_offensive_coordinator,1976,NO,1976 New Orleans Saints season
missing_offensive_coordinator,1976,NYG,1976 New York Giants season
missing_offensive_coordinator,1976,NYJ,1976 New York Jets season
missing_offensive_coordinator,1976,PIT,1976 Pittsburgh Steelers season
missing_offensive_coordinator,1976,SEA,1976 Seattle Seahawks season
missing_offensive_coordinator,1976,SF,1976 San Francisco 49ers season
missing_offensive_coordinator,1976,TB,1976 Tampa Bay Buccaneers season
missing_head_coach,1976,TEN,1976 Houston Oilers season
missing_offensive_coordinator,1976,TEN,1976 Houston Oilers season
missing_head_coach,1977,ARI,1977 St. Louis Cardinals season
missing_offensive_coordinator,1977,ARI,1977 St. Louis Cardinals season
missing_offensive_coordinator,1977,ATL,1977 Atlanta Falcons season
missing_offensive_coordinator,1977,BUF,1977 Buffalo Bills season
missing_offensive_coordinator,1977,CHI,1977 Chicago Bears season
missing_offensive_coordinator,1977,CIN,1977 Cincinnati Bengals season
missing_offensive_coordinator,1977,CLE,1977 Cleveland Browns season
missing_offensive_coordinator,1977,DAL,1977 Dallas Cowboys season
missing_offensive_coordinator,1977,DEN,1977 Denver Broncos season
missing_offensive_coordinator,1977,DET,1977 Detroit Lions season
missing_offensive_coordinator,1977,GB,1977 Green Bay Packers season
missing_offensive_coordinator,1977,IND,1977 Baltimore Colts season
missing_offensive_coordinator,1977,KC,1977 Kansas City Chiefs season
missing_head_coach,1977,LAC,1977 San Diego Chargers season
missing_offensive_coordinator,1977,LAC,1977 San Diego Chargers season
missing_offensive_coordinator,1977,LAR,1977 Los Angeles Rams season
missing_offensive_coordinator,1977,LV,1977 Oakland Raiders season
missing_offensive_coordinator,1977,MIA,1977 Miami Dolphins season
missing_offensive_coordinator,1977,NE,1977 New England Patriots season
missing_offensive_coordinator,1977,NO,1977 New Orleans Saints season
missing_head_coach,1977,NYJ,1977 New York Jets season
missing_offensive_coordinator,1977,NYJ,1977 New York Jets season
missing_offensive_coordinator,1977,PIT,1977 Pittsburgh Steelers season
missing_offensive_coordinator,1977,SEA,1977 Seattle Seahawks season
missing_offensive_coordinator,1977,SF,1977 San Francisco 49ers season
missing_offensive_coordinator,1977,TB,1977 Tampa Bay Buccaneers season
missing_offensive_coordinator,1977,TEN,1977 Houston Oilers season
missing_head_coach,1978,ARI,1978 St. Louis Cardinals season
missing_offensive_coordinator,1978,ARI,1978 St. Louis Cardinals season
missing_offensive_coordinator,1978,ATL,1978 Atlanta Falcons season
missing_offensive_coordinator,1978,BUF,1978 Buffalo Bills season
missing_offensive_coordinator,1978,CHI,1978 Chicago Bears season
missing_offensive_coordinator,1978,CIN,1978 Cincinnati Bengals season
missing_offensive_coordinator,1978,CLE,1978 Cleveland Browns season
missing_head_coach,1978,DAL,1978 Dallas Cowboys season
missing_offensive_coordinator,1978,DAL,1978 Dallas Cowboys season
missing_offensive_coordinator,1978,DEN,1978 Denver Broncos season
missing_offensive_coordinator,1978,DET,1978 Detroit Lions season
missing_offensive_coordinator,1978,GB,1978 Green Bay Packers season
missing_offensive_coordinator,1978,IND,1978 Baltimore Colts season
missing_offensive_coordinator,1978,KC,1978 Kansas City Chiefs season
missing_offensive_coordinator,1978,LAC,1978 San Diego Chargers season
missing_offensive_coordinator,1978,LAR,1978 Los Angeles Rams season
missing_offensive_coordinator,1978,LV,1978 Oakland Raiders season
missing_offensive_coordinator,1978,MIA,1978 Miami Dolphins season
missing_offensive_coordinator,1978,MIN,1978 Minnesota Vikings season
missing_offensive_coordinator,1978,NE,1978 New England Patriots season
missing_offensive_coordinator,1978,NYG,1978 New York Giants season
missing_offensive_coordinator,1978,NYJ,1978 New York Jets season
missing_offensive_coordinator,1978,PIT,1978 Pittsburgh Steelers season
missing_offensive_coordinator,1978,SEA,1978 Seattle Seahawks season
missing_offensive_coordinator,1978,TB,1978 Tampa Bay Buccaneers season
missing_head_coach,1978,TEN,1978 Houston Oilers season
missing_offensive_coordinator,1978,TEN,1978 Houston Oilers season
missing_head_coach,1979,ARI,1979 St. Louis Cardinals season
missing_offensive_coordinator,1979,ARI,1979 St. Louis Cardinals season
missing_offensive_coordinator,1979,ATL,1979 Atlanta Falcons season
missing_offensive_coordinator,1979,BUF,1979 Buffalo Bills season
missing_offensive_coordinator,1979,CHI,1979 Chicago Bears season
missing_offensive_coordinator,1979,CIN,1979 Cincinnati Bengals season
missing_offensive_coordinator,1979,CLE,1979 Cleveland Browns season
missing_offensive_coordinator,1979,DAL,1979 Dallas Cowboys season
missing_offensive_coordinator,1979,DEN,1979 Denver Broncos season
missing_offensive_coordinator,1979,DET,1979 Detroit Lions season
missing_offensive_coordinator,1979,GB,1979 Green Bay Packers season
missing_offensive_coordinator,1979,IND,1979 Baltimore Colts season
missing_offensive_coordinator,1979,KC,1979 Kansas City Chiefs season
missing_head_coach,1979,LAC,1979 San Diego Chargers season
missing_offensive_coordinator,1979,LAC,1979 San Diego Chargers season
missing_offensive_coordinator,1979,LAR,1979 Los Angeles Rams season
missing_offensive_coordinator,1979,LV,1979 Oakland Raiders season
missing_offensive_coordinator,1979,MIA,1979 Miami Dolphins season
missing_offensive_coordinator,1979,MIN,1979 Minnesota Vikings season
missing_offensive_coordinator,1979,NE,1979 New England Patriots season
missing_offensive_coordinator,1979,NYG,1979 New York Giants season
missing_offensive_coordinator,1979,NYJ,1979 New York Jets season
missing_offensive_coordinator,1979,PHI,1979 Philadelphia Eagles season
missing_offensive_coordinator,1979,PIT,1979 Pittsburgh Steelers season
missing_offensive_coordinator,1979,SEA,1979 Seattle Seahawks season
missing_offensive_coordinator,1979,SF,1979 San Francisco 49ers season
missing_offensive_coordinator,1979,TB,1979 Tampa Bay Buccaneers season
missing_offensive_coordinator,1979,TEN,1979 Houston Oilers season
missing_head_coach,1980,ARI,1980 St. Louis Cardinals season
missing_offensive_coordinator,1980,ARI,1980 St. Louis Cardinals season
missing_offensive_coordinator,1980,ATL,1980 Atlanta Falcons season
missing_offensive_coordinator,1980,CHI,1980 Chicago Bears season
missing_offensive_coordinator,1980,CIN,1980 Cincinnati Bengals season
missing_offensive_coordinator,1980,CLE,1980 Cleveland Browns season
missing_head_coach,1980,DAL,1980 Dallas Cowboys season
missing_offensive_coordinator,1980,DAL,1980 Dallas Cowboys season
missing_offensive_coordinator,1980,DET,1980 Detroit Lions season
missing_offensive_coordinator,1980,GB,1980 Green Bay Packers season
missing_offensive_coordinator,1980,IND,1980 Baltimore Colts season
missing_offensive_coordinator,1980,KC,1980 Kansas City Chiefs season
missing_offensive_coordinator,1980,LV,1980 Oakland Raiders season
missing_offensive_coordinator,1980,MIA,1980 Miami Dolphins season
missing_offensive_coordinator,1980,NE,1980 New England Patriots season
missing_offensive_coordinator,1980,NYG,1980 New York Giants season
missing_offensive_coordinator,1980,NYJ,1980 New York Jets season
missing_offensive_coordinator,1980,PHI,1980 Philadelphia Eagles season
missing_offensive_coordinator,1980,PIT,1980 Pittsburgh Steelers season
missing_offensive_coordinator,1980,SEA,1980 Seattle Seahawks season
missing_offensive_coordinator,1980,SF,1980 San Francisco 49ers season
missing_offensive_coordinator,1980,TB,1980 Tampa Bay Buccaneers season
missing_offensive_coordinator,1980,TEN,1980 Houston Oilers season
missing_head_coach,1981,ARI,1981 St. Louis Cardinals season
missing_offensive_coordinator,1981,ARI,1981 St. Louis Cardinals season
missing_offensive_coordinator,1981,ATL,1981 Atlanta Falcons season
missing_offensive_coordinator,1981,BUF,1981 Buffalo Bills season
missing_offensive_coordinator,1981,CHI,1981 Chicago Bears season
missing_offensive_coordinator,1981,CLE,1981 Cleveland Browns season
missing_offensive_coordinator,1981,DAL,1981 Dallas Cowboys season
missing_offensive_coordinator,1981,DEN,1981 Denver Broncos season
missing_offensive_coordinator,1981,DET,1981 Detroit Lions season
missing_offensive_coordinator,1981,GB,1981 Green Bay Packers season
missing_offensive_coordinator,1981,IND,1981 Baltimore Colts season
missing_offensive_coordinator,1981,KC,1981 Kansas City Chiefs season
missing_offensive_coordinator,1981,LV,1981 Oakland Raiders season
missing_offensive_coordinator,1981,MIA,1981 Miami Dolphins season
missing_offensive_coordinator,1981,MIN,1981 Minnesota Vikings season
missing_offensive_coordinator,1981,NE,1981 New England Patriots season
missing_offensive_coordinator,1981,NYG,1981 New York Giants season
missing_offensive_coordinator,1981,PHI,1981 Philadelphia Eagles season
missing_offensive_coordinator,1981,PIT,1981 Pittsburgh Steelers season
missing_offensive_coordinator,1981,SEA,1981 Seattle Seahawks season
missing_offensive_coordinator,1981,SF,1981 San Francisco 49ers season
missing_offensive_coordinator,1981,TB,1981 Tampa Bay Buccaneers season
missing_head_coach,1982,ARI,1982 St. Louis Cardinals season
missing_offensive_coordinator,1982,ARI,1982 St. Louis Cardinals season
missing_offensive_coordinator,1982,ATL,1982 Atlanta Falcons season
missing_offensive_coordinator,1982,BUF,1982 Buffalo Bills season
missing_offensive_coordinator,1982,CHI,1982 Chicago Bears season
missing_offensive_coordinator,1982,DAL,1982 Dallas Cowboys season
missing_offensive_coordinator,1982,DEN,1982 Denver Broncos season
missing_offensive_coordinator,1982,IND,1982 Baltimore Colts season
missing_offensive_coordinator,1982,KC,1982 Kansas City Chiefs season
missing_offensive_coordinator,1982,LAR,1982 Los Angeles Rams season
missing_offensive_coordinator,1982,LV,1982 Los Angeles Raiders season
missing_offensive_coordinator,1982,MIA,1982 Miami Dolphins season
missing_offensive_coordinator,1982,NE,1982 New England Patriots season
missing_head_coach,1982,NYJ,1982 New York Jets season
missing_offensive_coordinator,1982,NYJ,1982 New York Jets season
missing_offensive_coordinator,1982,PHI,1982 Philadelphia Eagles season
missing_offensive_coordinator,1982,PIT,1982 Pittsburgh Steelers season
missing_offensive_coordinator,1982,SEA,1982 Seattle Seahawks season
missing_offensive_coordinator,1982,SF,1982 San Francisco 49ers season
missing_offensive_coordinator,1982,TB,1982 Tampa Bay Buccaneers season
missing_head_coach,1983,ARI,1983 St. Louis Cardinals season
missing_offensive_coordinator,1983,ARI,1983 St. Louis Cardinals season
missing_offensive_coordinator,1983,ATL,1983 Atlanta Falcons season
missing_offensive_coordinator,1983,BUF,1983 Buffalo Bills season
missing_offensive_coordinator,1983,CHI,1983 Chicago Bears season
missing_offensive_coordinator,1983,CIN,1983 Cincinnati Bengals season
missing_offensive_coordinator,1983,DAL,1983 Dallas Cowboys season
missing_offensive_coordinator,1983,IND,1983 Baltimore Colts season
missing_offensive_coordinator,1983,KC,1983 Kansas City Chiefs season
missing_head_coach,1983,LAC,1983 San Diego Chargers season
missing_offensive_coordinator,1983,LAC,1983 San Diego Chargers season
missing_offensive_coordinator,1983,LV,1983 Los Angeles Raiders season
missing_offensive_coordinator,1983,MIA,1983 Miami Dolphins season
missing_offensive_coordinator,1983,MIN,1983 Minnesota Vikings season
missing_offensive_coordinator,1983,NE,1983 New England Patriots season
missing_head_coach,1983,NYJ,1983 New York Jets season
missing_offensive_coordinator,1983,NYJ,1983 New York Jets season
missing_offensive_coordinator,1983,SF,1983 San Francisco 49ers season
missing_offensive_coordinator,1983,TB,1983 Tampa Bay Buccaneers season
missing_head_coach,1984,ARI,1984 St. Louis Cardinals season
missing_offensive_coordinator,1984,ARI,1984 St. Louis Cardinals season
missing_offensive_coordinator,1984,ATL,1984 Atlanta Falcons season
missing_offensive_coordinator,1984,BUF,1984 Buffalo Bills season
missing_offensive_coordinator,1984,CIN,1984 Cincinnati Bengals season
missing_offensive_coordinator,1984,DAL,1984 Dallas Cowboys season
missing_offensive_coordinator,1984,DEN,1984 Denver Broncos season
missing_offensive_coordinator,1984,DET,1984 Detroit Lions season
missing_offensive_coordinator,1984,IND,1984 Indianapolis Colts season
missing_offensive_coordinator,1984,KC,1984 Kansas City Chiefs season
missing_head_coach,1984,LAC,1984 San Diego Chargers season
missing_offensive_coordinator,1984,LAC,1984 San Diego Chargers season
missing_offensive_coordinator,1984,LV,1984 Los Angeles Raiders season
missing_offensive_coordinator,1984,MIA,1984 Miami Dolphins season
missing_offensive_coordinator,1984,NE,1984 New England Patriots season
missing_offensive_coordinator,1984,NYJ,1984 New York Jets season
missing_offensive_coordinator,1984,SF,1984 San Francisco 49ers season
missing_offensive_coordinator,1984,TB,1984 Tampa Bay Buccaneers season
missing_head_coach,1985,ARI,1985 St. Louis Cardinals season
missing_offensive_coordinator,1985,ARI,1985 St. Louis Cardinals season
missing_offensive_coordinator,1985,ATL,1985 Atlanta Falcons season
missing_offensive_coordinator,1985,BUF,1985 Buffalo Bills season
missing_offensive_coordinator,1985,DEN,1985 Denver Broncos season
missing_offensive_coordinator,1985,IND,1985 Indianapolis Colts season
missing_offensive_coordinator,1985,KC,1985 Kansas City Chiefs season
missing_offensive_coordinator,1985,LAR,1985 Los Angeles Rams season
missing_offensive_coordinator,1985,LV,1985 Los Angeles Raiders season
missing_offensive_coordinator,1985,MIA,1985 Miami Dolphins season
missing_offensive_coordinator,1985,NE,1985 New England Patriots season
missing_offensive_coordinator,1985,SF,1985 San Francisco 49ers season
missing_offensive_coordinator,1985,TB,1985 Tampa Bay Buccaneers season
missing_head_coach,1986,ARI,1986 St. Louis Cardinals season
missing_offensive_coordinator,1986,ARI,1986 St. Louis Cardinals season
missing_offensive_coordinator,1986,ATL,1986 Atlanta Falcons season
missing_offensive_coordinator,1986,BUF,1986 Buffalo Bills season
missing_offensive_coordinator,1986,CIN,1986 Cincinnati Bengals season
missing_offensive_coordinator,1986,DAL,1986 Dallas Cowboys season
missing_offensive_coordinator,1986,DET,1986 Detroit Lions season
missing_offensive_coordinator,1986,GB,1986 Green Bay Packers season
missing_offensive_coordinator,1986,IND,1986 Indianapolis Colts season
missing_offensive_coordinator,1986,KC,1986 Kansas City Chiefs season
missing_offensive_coordinator,1986,LAC,1986 San Diego Chargers season
missing_offensive_coordinator,1986,LAR,1986 Los Angeles Rams season
missing_offensive_coordinator,1986,LV,1986 Los Angeles Raiders season
missing_offensive_coordinator,1986,MIA,1986 Miami Dolphins season
missing_offensive_coordinator,1986,NE,1986 New England Patriots season
missing_offensive_coordinator,1986,NO,1986 New Orleans Saints season
missing_offensive_coordinator,1986,PHI,1986 Philadelphia Eagles season
missing_offensive_coordinator,1986,SF,1986 San Francisco 49ers season
missing_offensive_coordinator,1986,TB,1986 Tampa Bay Buccaneers season
missing_offensive_coordinator,1986,TEN,1986 Houston Oilers season
missing_head_coach,1987,ARI,1987 St. Louis Cardinals season
missing_offensive_coordinator,1987,ARI,1987 St. Louis Cardinals season
missing_offensive_coordinator,1987,BUF,1987 Buffalo Bills season
missing_offensive_coordinator,1987,DAL,1987 Dallas Cowboys season
missing_offensive_coordinator,1987,DET,1987 Detroit Lions season
missing_offensive_coordinator,1987,GB,1987 Green Bay Packers season
missing_offensive_coordinator,1987,KC,1987 Kansas City Chiefs season
missing_offensive_coordinator,1987,LV,1987 Los Angeles Raiders season
missing_offensive_coordinator,1987,MIA,1987 Miami Dolphins season
missing_offensive_coordinator,1987,PHI,1987 Philadelphia Eagles season
missing_offensive_coordinator,1987,SF,1987 San Francisco 49ers season
missing_offensive_coordinator,1987,TB,1987 Tampa Bay Buccaneers season
missing_offensive_coordinator,1987,TEN,1987 Houston Oilers season
missing_offensive_coordinator,1988,CLE,1988 Cleveland Browns season
missing_offensive_coordinator,1988,DAL,1988 Dallas Cowboys season
missing_offensive_coordinator,1988,DET,1988 Detroit Lions season
missing_offensive_coordinator,1988,GB,1988 Green Bay Packers season
missing_offensive_coordinator,1988,LV,1988 Los Angeles Raiders season
missing_offensive_coordinator,1988,MIA,1988 Miami Dolphins season
missing_offensive_coordinator,1988,NO,1988 New Orleans Saints season
missing_offensive_coordinator,1988,NYJ,1988 New York Jets season
missing_offensive_coordinator,1988,PHI,1988 Philadelphia Eagles season
missing_offensive_coordinator,1988,SF,1988 San Francisco 49ers season
missing_offensive_coordinator,1988,TEN,1988 Houston Oilers season
missing_offensive_coordinator,1989,CLE,1989 Cleveland Browns season
missing_offensive_coordinator,1989,DAL,1989 Dallas Cowboys season
missing_offensive_coordinator,1989,DEN,1989 Denver Broncos season
missing_offensive_coordinator,1989,GB,1989 Green Bay Packers season
missing_offensive_coordinator,1989,LAC,1989 San Diego Chargers season
missing_offensive_coordinator,1989,LV,1989 Los Angeles Raiders season
missing_offensive_coordinator,1989,MIA,1989 Miami Dolphins season
missing_offensive_coordinator,1989,NE,1989 New England Patriots season
missing_offensive_coordinator,1989,NO,1989 New Orleans Saints season
missing_head_coach,1989,NYJ,1989 New York Jets season
missing_offensive_coordinator,1989,NYJ,1989 New York Jets season
missing_offensive_coordinator,1989,PHI,1989 Philadelphia Eagles season
missing_offensive_coordinator,1989,TB,1989 Tampa Bay Buccaneers season
missing_offensive_coordinator,1989,TEN,1989 Houston Oilers season
missing_offensive_coordinator,1990,ATL,1990 Atlanta Falcons season
missing_offensive_coordinator,1990,CIN,1990 Cincinnati Bengals season
missing_offensive_coordinator,1990,DEN,1990 Denver Broncos season
missing_offensive_coordinator,1990,GB,1990 Green Bay Packers season
missing_offensive_coordinator,1990,LAC,1990 San Diego Chargers season
missing_offensive_coordinator,1990,NE,1990 New England Patriots season
missing_offensive_coordinator,1990,NYJ,1990 New York Jets season
missing_offensive_coordinator,1990,PHI,1990 Philadelphia Eagles season
missing_offensive_coordinator,1990,TB,1990 Tampa Bay Buccaneers season
missing_offensive_coordinator,1991,CIN,1991 Cincinnati Bengals season
missing_offensive_coordinator,1991,CLE,1991 Cleveland Browns season
missing_offensive_coordinator,1991,DAL,1991 Dallas Cowboys season
missing_offensive_coordinator,1991,DEN,1991 Denver Broncos season
missing_offensive_coordinator,1991,GB,1991 Green Bay Packers season
missing_offensive_coordinator,1991,IND,1991 Indianapolis Colts season
missing_offensive_coordinator,1991,LV,1991 Los Angeles Raiders season
missing_offensive_coordinator,1991,MIA,1991 Miami Dolphins season
missing_offensive_coordinator,1991,NYG,1991 New York Giants season
missing_offensive_coordinator,1991,NYJ,1991 New York Jets season
missing_offensive_coordinator,1991,TB,1991 Tampa Bay Buccaneers season
missing_offensive_coordinator,1992,ATL,1992 Atlanta Falcons season
missing_offensive_coordinator,1992,CIN,1992 Cincinnati Bengals season
missing_offensive_coordinator,1992,CLE,1992 Cleveland Browns season
missing_head_coach,1992,LAC,1992 San Diego Chargers season
missing_offensive_coordinator,1992,LAC,1992 San Diego Chargers season
missing_offensive_coordinator,1992,LV,1992 Los Angeles Raiders season
missing_offensive_coordinator,1992,NYG,1992 New York Giants season
missing_offensive_coordinator,1992,NYJ,1992 New York Jets season
missing_offensive_coordinator,1992,TB,1992 Tampa Bay Buccaneers season
missing_head_coach,1992,WAS,1992 Washington Redskins season
missing_offensive_coordinator,1992,WAS,1992 Washington Redskins season
missing_offensive_coordinator,1993,ATL,1993 Atlanta Falcons season
missing_offensive_coordinator,1993,CHI,1993 Chicago Bears season
missing_offensive_coordinator,1993,CIN,1993 Cincinnati Bengals season
missing_offensive_coordinator,1993,CLE,1993 Cleveland Browns season
missing_offensive_coordinator,1993,LAC,1993 San Diego Chargers season
missing_offensive_coordinator,1993,MIA,1993 Miami Dolphins season
missing_offensive_coordinator,1993,NO,1993 New Orleans Saints season
missing_offensive_coordinator,1993,NYJ,1993 New York Jets season
missing_offensive_coordinator,1993,PHI,1993 Philadelphia Eagles season
missing_offensive_coordinator,1993,TB,1993 Tampa Bay Buccaneers season
missing_offensive_coordinator,1994,ATL,1994 Atlanta Falcons season
missing_offensive_coordinator,1994,BUF,1994 Buffalo Bills season
missing_offensive_coordinator,1994,LV,1994 Los Angeles Raiders season
missing_offensive_coordinator,1994,NO,1994 New Orleans Saints season
missing_offensive_coordinator,1994,NYG,1994 New York Giants season
missing_offensive_coordinator,1994,TB,1994 Tampa Bay Buccaneers season
missing_head_coach,1995,ATL,1995 Atlanta Falcons season
missing_offensive_coordinator,1995,ATL,1995 Atlanta Falcons season
missing_offensive_coordinator,1995,DEN,1995 Denver Broncos season
missing_offensive_coordinator,1995,LV,1995 Oakland Raiders season
missing_offensive_coordinator,1995,NE,1995 New England Patriots season
missing_offensive_coordinator,1995,NYJ,1995 New York Jets season
missing_offensive_coordinator,1995,TB,1995 Tampa Bay Buccaneers season
missing_offensive_coordinator,1996,ATL,1996 Atlanta Falcons season
missing_offensive_coordinator,1996,BAL,1996 Baltimore Ravens season
missing_offensive_coordinator,1996,CHI,1996 Chicago Bears season
missing_offensive_coordinator,1996,LAR,1996 St. Louis Rams season
missing_head_coach,1996,LV,1996 Oakland Raiders season
missing_offensive_coordinator,1996,LV,1996 Oakland Raiders season
missing_offensive_coordinator,1997,BAL,1997 Baltimore Ravens season
missing_offensive_coordinator,1997,BUF,1997 Buffalo Bills season
missing_offensive_coordinator,1997,DEN,1997 Denver Broncos season
missing_offensive_coordinator,1997,SEA,1997 Seattle Seahawks season
missing_offensive_coordinator,1997,TEN,1997 Tennessee Oilers season
missing_offensive_coordinator,1998,ATL,1998 Atlanta Falcons season
missing_offensive_coordinator,1998,BAL,1998 Baltimore Ravens season
missing_offensive_coordinator,1998,CHI,1998 Chicago Bears season
missing_offensive_coordinator,1998,DAL,1998 Dallas Cowboys season
missing_offensive_coordinator,1998,DEN,1998 Denver Broncos season
missing_offensive_coordinator,1998,LAR,1998 St. Louis Rams season
missing_offensive_coordinator,1998,LV,1998 Oakland Raiders season
missing_offensive_coordinator,1998,MIA,1998 Miami Dolphins season
missing_offensive_coordinator,1998,NYG,1998 New York Giants season
missing_head_coach,1998,NYJ,1998 New York Jets season
missing_offensive_coordinator,1998,NYJ,1998 New York Jets season
missing_offensive_coordinator,1998,SF,1998 San Francisco 49ers season
missing_offensive_coordinator,1998,WAS,1998 Washington Redskins season
missing_offensive_coordinator,1999,CLE,1999 Cleveland Browns season
missing_offensive_coordinator,1999,DAL,1999 Dallas Cowboys season
missing_offensive_coordinator,1999,JAX,1999 Jacksonville Jaguars season
missing_offensive_coordinator,1999,LAC,1999 San Diego Chargers season
missing_offensive_coordinator,1999,LV,1999 Oakland Raiders season
missing_head_coach,1999,MIA,1999 Miami Dolphins season
missing_offensive_coordinator,1999,MIA,1999 Miami Dolphins season
missing_offensive_coordinator,1999,NYG,1999 New York Giants season
missing_offensive_coordinator,2000,DAL,2000 Dallas Cowboys season
missing_offensive_coordinator,2000,JAX,2000 Jacksonville Jaguars season
missing_offensive_coordinator,2000,LAR,2000 St. Louis Rams season
missing_offensive_coordinator,2000,LV,2000 Oakland Raiders season
missing_offensive_coordinator,2000,NE,2000 New England Patriots season
missing_offensive_coordinator,2000,NYG,2000 New York Giants season
missing_offensive_coordinator,2000,WAS,2000 Washington Redskins season
missing_offensive_coordinator,2001,LV,2001 Oakland Raiders season
missing_offensive_coordinator,2001,NYG,2001 New York Giants season
missing_offensive_coordinator,2002,ATL,2002 Atlanta Falcons season
missing_offensive_coordinator,2002,DEN,2002 Denver Broncos season
missing_offensive_coordinator,2002,DET,2002 Detroit Lions season
missing_offensive_coordinator,2002,JAX,2002 Jacksonville Jaguars season
missing_offensive_coordinator,2002,LAR,2002 St. Louis Rams season
missing_offensive_coordinator,2002,NE,2002 New England Patriots season
missing_offensive_coordinator,2002,NYG,2002 New York Giants season
missing_offensive_coordinator,2002,TB,2002 Tampa Bay Buccaneers season
missing_offensive_coordinator,2002,WAS,2002 Washington Redskins season
missing_offensive_coordinator,2003,BUF,2003 Buffalo Bills season
missing_offensive_coordinator,2003,DAL,2003 Dallas Cowboys season
missing_offensive_coordinator,2003,IND,2003 Indianapolis Colts season
missing_offensive_coordinator,2003,LAR,2003 St. Louis Rams season
missing_offensive_coordinator,2003,MIN,2003 Minnesota Vikings season
missing_offensive_coordinator,2003,NYG,2003 New York Giants season
missing_offensive_coordinator,2003,TB,2003 Tampa Bay Buccaneers season
missing_offensive_coordinator,2003,WAS,2003 Washington Redskins season
missing_head_coach,2004,BUF,2004 Buffalo Bills season
missing_offensive_coordinator,2004,BUF,2004 Buffalo Bills season
missing_offensive_coordinator,2004,DAL,2004 Dallas Cowboys season
missing_offensive_coordinator,2004,IND,2004 Indianapolis Colts season
missing_offensive_coordinator,2004,LAR,2004 St. Louis Rams season
missing_offensive_coordinator,2004,MIN,2004 Minnesota Vikings season
missing_offensive_coordinator,2004,NYG,2004 New York Giants season
missing_head_coach,2004,SF,2004 San Francisco 49ers season
missing_offensive_coordinator,2004,SF,2004 San Francisco 49ers season
missing_offensive_coordinator,2004,TB,2004 Tampa Bay Buccaneers season
missing_offensive_coordinator,2005,DAL,2005 Dallas Cowboys season
missing_offensive_coordinator,2005,IND,2005 Indianapolis Colts season
missing_offensive_coordinator,2005,LAR,2005 St. Louis Rams season
missing_offensive_coordinator,2005,MIN,2005 Minnesota Vikings season
missing_offensive_coordinator,2005,NE,2005 New England Patriots season
missing_offensive_coordinator,2005,NYG,2005 New York Giants season
missing_offensive_coordinator,2005,TB,2005 Tampa Bay Buccaneers season
missing_offensive_coordinator,2006,DAL,2006 Dallas Cowboys season
missing_offensive_coordinator,2006,HOU,2006 Houston Texans season
missing_head_coach,2006,LV,2006 Oakland Raiders season
missing_offensive_coordinator,2006,LV,2006 Oakland Raiders season
missing_offensive_coordinator,2006,NE,2006 New England Patriots season
missing_offensive_coordinator,2006,TB,2006 Tampa Bay Buccaneers season
missing_head_coach,2007,GB,2007 Green Bay Packers season
missing_offensive_coordinator,2007,GB,2007 Green Bay Packers season
missing_offensive_coordinator,2007,MIA,2007 Miami Dolphins season
missing_offensive_coordinator,2007,NO,2007 New Orleans Saints season
missing_head_coach,2008,DAL,2008 Dallas Cowboys season
missing_offensive_coordinator,2008,DAL,2008 Dallas Cowboys season
missing_offensive_coordinator,2008,HOU,2008 Houston Texans season
missing_head_coach,2008,JAX,2008 Jacksonville Jaguars season
missing_offensive_coordinator,2008,JAX,2008 Jacksonville Jaguars season
missing_head_coach,2008,LAR,2008 St. Louis Rams season
missing_offensive_coordinator,2008,LAR,2008 St. Louis Rams season
missing_offensive_coordinator,2008,NE,2008 New England Patriots season
missing_offensive_coordinator,2008,NO,2008 New Orleans Saints season
missing_offensive_coordinator,2008,TB,2008 Tampa Bay Buccaneers season
missing_head_coach,2008,TEN,2008 Tennessee Titans season
missing_offensive_coordinator,2008,TEN,2008 Tennessee Titans season
missing_head_coach,2008,WAS,2008 Washington Redskins season
missing_offensive_coordinator,2009,ARI,2009 Arizona Cardinals season
missing_offensive_coordinator,2009,BUF,2009 Buffalo Bills season
missing_offensive_coordinator,2009,DEN,2009 Denver Broncos season
missing_offensive_coordinator,2009,KC,2009 Kansas City Chiefs season
missing_offensive_coordinator,2009,LV,2009 Oakland Raiders season
missing_offensive_coordinator,2009,NE,2009 New England Patriots season
missing_offensive_coordinator,2009,TB,2009 Tampa Bay Buccaneers season
missing_offensive_coordinator,2010,ARI,2010 Arizona Cardinals season
missing_offensive_coordinator,2010,BUF,2010 Buffalo Bills season
missing_offensive_coordinator,2010,NE,2010 New England Patriots season
missing_offensive_coordinator,2011,BUF,2011 Buffalo Bills season
missing_offensive_coordinator,2011,CLE,2011 Cleveland Browns season
missing_offensive_coordinator,2011,DAL,2011 Dallas Cowboys season
missing_offensive_coordinator,2011,LV,2011 Oakland Raiders season
missing_offensive_coordinator,2012,BUF,2012 Buffalo Bills season
missing_offensive_coordinator,2012,DAL,2012 Dallas Cowboys season
missing_offensive_coordinator,2012,LAC,2012 San Diego Chargers season
missing_offensive_coordinator,2013,ARI,2013 Arizona Cardinals season
missing_offensive_coordinator,2013,CHI,2013 Chicago Bears season
missing_offensive_coordinator,2013,DAL,2013 Dallas Cowboys season
missing_offensive_coordinator,2013,NE,2013 New England Patriots season
missing_offensive_coordinator,2014,HOU,2014 Houston Texans season
missing_offensive_coordinator,2014,NE,2014 New England Patriots season
missing_offensive_coordinator,2015,MIA,2015 Miami Dolphins season
missing_offensive_coordinator,2016,ARI,2016 Arizona Cardinals season
missing_offensive_coordinator,2016,BUF,2016 Buffalo Bills season
missing_offensive_coordinator,2016,CLE,2016 Cleveland Browns season
missing_offensive_coordinator,2016,MIN,2016 Minnesota Vikings season
missing_offensive_coordinator,2016,TB,2016 Tampa Bay Buccaneers season
missing_offensive_coordinator,2017,ARI,2017 Arizona Cardinals season
missing_offensive_coordinator,2017,CLE,2017 Cleveland Browns season
missing_offensive_coordinator,2017,HOU,2017 Houston Texans season
missing_offensive_coordinator,2017,TB,2017 Tampa Bay Buccaneers season
missing_offensive_coordinator,2018,HOU,2018 Houston Texans season
missing_offensive_coordinator,2018,MIN,2018 Minnesota Vikings season
missing_offensive_coordinator,2018,NYG,2018 New York Giants season
missing_offensive_coordinator,2018,NYJ,2018 New York Jets season
missing_offensive_coordinator,2019,ARI,2019 Arizona Cardinals season
missing_offensive_coordinator,2019,NYG,2019 New York Giants season
missing_offensive_coordinator,2019,NYJ,2019 New York Jets season
missing_offensive_coordinator,2020,ARI,2020 Arizona Cardinals season
missing_offensive_coordinator,2020,NYJ,2020 New York Jets season
missing_offensive_coordinator,2020,PHI,2020 Philadelphia Eagles season
missing_offensive_coordinator,2021,ARI,2021 Arizona Cardinals season
missing_offensive_coordinator,2021,MIA,2021 Miami Dolphins season
missing_offensive_coordinator,2022,ARI,2022 Arizona Cardinals season
missing_offensive_coordinator,2022,NE,2022 New England Patriots season
missing_offensive_coordinator,2023,NE,2023 New England Patriots season
missing_offensive_coordinator,2024,SF,2024 San Francisco 49ers season
missing_head_coach,2024,WAS,2024 Washington Commanders season
missing_offensive_coordinator,2024,WAS,2024 Washington Commanders season
missing_offensive_coordinator,2025,LV,2025 Las Vegas Raiders season
missing_offensive_coordinator,2025,NYG,2025 New York Giants season
missing_head_coach,2026,ARI,2026 Arizona Cardinals season
missing_offensive_coordinator,2026,ARI,2026 Arizona Cardinals season
missing_head_coach,2026,ATL,2026 Atlanta Falcons season
missing_offensive_coordinator,2026,ATL,2026 Atlanta Falcons season
missing_head_coach,2026,BUF,2026 Buffalo Bills season
missing_offensive_coordinator,2026,BUF,2026 Buffalo Bills season
missing_head_coach,2026,CAR,2026 Carolina Panthers season
missing_offensive_coordinator,2026,CAR,2026 Carolina Panthers season
missing_head_coach,2026,CHI,2026 Chicago Bears season
missing_offensive_coordinator,2026,CHI,2026 Chicago Bears season
missing_head_coach,2026,CIN,2026 Cincinnati Bengals season
missing_offensive_coordinator,2026,CIN,2026 Cincinnati Bengals season
missing_head_coach,2026,CLE,2026 Cleveland Browns season
missing_offensive_coordinator,2026,CLE,2026 Cleveland Browns season
missing_offensive_coordinator,2026,DAL,2026 Dallas Cowboys season
missing_head_coach,2026,DEN,2026 Denver Broncos season
missing_offensive_coordinator,2026,DEN,2026 Denver Broncos season
missing_head_coach,2026,DET,2026 Detroit Lions season
missing_offensive_coordinator,2026,DET,2026 Detroit Lions season
missing_head_coach,2026,GB,2026 Green Bay Packers season
missing_offensive_coordinator,2026,GB,2026 Green Bay Packers season
missing_head_coach,2026,HOU,2026 Houston Texans season
missing_offensive_coordinator,2026,HOU,2026 Houston Texans season
missing_head_coach,2026,IND,2026 Indianapolis Colts season
missing_offensive_coordinator,2026,IND,2026 Indianapolis Colts season
missing_head_coach,2026,JAX,2026 Jacksonville Jaguars season
missing_offensive_coordinator,2026,JAX,2026 Jacksonville Jaguars season
missing_head_coach,2026,KC,2026 Kansas City Chiefs season
missing_offensive_coordinator,2026,KC,2026 Kansas City Chiefs season
missing_head_coach,2026,LAC,2026 Los Angeles Chargers season
missing_offensive_coordinator,2026,LAC,2026 Los Angeles Chargers season
missing_offensive_coordinator,2026,LAR,2026 Los Angeles Rams season
missing_head_coach,2026,LV,2026 Las Vegas Raiders season
missing_offensive_coordinator,2026,LV,2026 Las Vegas Raiders season
missing_head_coach,2026,MIA,2026 Miami Dolphins season
missing_offensive_coordinator,2026,MIA,2026 Miami Dolphins season
missing_head_coach,2026,MIN,2026 Minnesota Vikings season
missing_offensive_coordinator,2026,MIN,2026 Minnesota Vikings season
missing_head_coach,2026,NE,2026 New England Patriots season
missing_offensive_coordinator,2026,NE,2026 New England Patriots season
missing_head_coach,2026,NO,2026 New Orleans Saints season
missing_offensive_coordinator,2026,NO,2026 New Orleans Saints season
missing_head_coach,2026,NYG,2026 New York Giants season
missing_offensive_coordinator,2026,NYG,2026 New York Giants season
missing_head_coach,2026,NYJ,2026 New York Jets season
missing_offensive_coordinator,2026,NYJ,2026 New York Jets season
missing_head_coach,2026,PHI,2026 Philadelphia Eagles season
missing_offensive_coordinator,2026,PHI,2026 Philadelphia Eagles season
missing_head_coach,2026,PIT,2026 Pittsburgh Steelers season
missing_offensive_coordinator,2026,PIT,2026 Pittsburgh Steelers season
missing_head_coach,2026,SEA,2026 Seattle Seahawks season
missing_offensive_coordinator,2026,SEA,2026 Seattle Seahawks season
missing_head_coach,2026,SF,2026 San Francisco 49ers season
missing_offensive_coordinator,2026,SF,2026 San Francisco 49ers season
missing_head_coach,2026,TB,2026 Tampa Bay Buccaneers season
missing_offensive_coordinator,2026,TB,2026 Tampa Bay Buccaneers season
missing_head_coach,2026,TEN,2026 Tennessee Titans season
missing_offensive_coordinator,2026,TEN,2026 Tennessee Titans season
missing_head_coach,2026,WAS,2026 Washington Commanders season
missing_offensive_coordinator,2026,WAS,2026 Washington Commanders season
missing_structured_coach_history,,,Norm Van Brocklin
missing_structured_coach_history,,,Lou Saban
missing_structured_coach_history,,,John Madden
missing_structured_coach_history,,,Tom Fears
missing_structured_coach_history,,,Alex Webster (gridiron football)
missing_structured_coach_history,,,Chuck Noll
missing_structured_coach_history,,,"Bill Austin (American football, born 1928)"
missing_structured_coach_history,,,Harvey Johnson (coach)
missing_structured_coach_history,,,Abe Gibron
missing_structured_coach_history,,,John Sandusky
missing_structured_coach_history,,,Bill McPeak
missing_structured_coach_history,,,Johnny North
missing_structured_coach_history,,,Joe Walton
missing_structured_coach_history,,,Marion Campbell
missing_structured_coach_history,,,Joe Thomas (American football executive)
missing_structured_coach_history,,,Bill Nelsen
missing_structured_coach_history,,,Jack Pardee
missing_structured_coach_history,,,Forrest Gregg
missing_structured_coach_history,,,Bart Starr
missing_structured_coach_history,,,Paul Wiggin
missing_structured_coach_history,,,John David Crow
missing_structured_coach_history,,,Dick Stanfel
missing_structured_coach_history,,,Bill Johnson (center)
missing_structured_coach_history,,,Monte Clark
missing_structured_coach_history,,,Jim Ringo
missing_structured_coach_history,,,Neill Armstrong
missing_structured_coach_history,,,Marv Levy
missing_structured_coach_history,,,Walt Michaels
missing_structured_coach_history,,,Tom Flores
missing_structured_coach_history,,,Ray Perkins
missing_structured_coach_history,,,Ray Prochaska
missing_structured_coach_history,,,Joe Gibbs
missing_structured_coach_history,,,Lionel Taylor
missing_structured_coach_history,,,Lindy Infante
missing_structured_coach_history,,,Dan Reeves
missing_structured_coach_history,,,Mike Ditka
missing_structured_coach_history,,,Kay Stephenson
missing_structured_coach_history,,,John Hadl
missing_structured_coach_history,,,Jimmy Raye II
missing_structured_coach_history,,,Bill Parcells
missing_structured_coach_history,,,Dick Wood
missing_structured_coach_history,,,Sam Wyche
missing_structured_coach_history,,,Marty Schottenheimer
missing_structured_coach_history,,,Joe Scannella
missing_structured_coach_history,,,Hugh Campbell
missing_structured_coach_history,,,Bruce Coslet
missing_structured_coach_history,,,1996 Detroit Lions season
missing_structured_coach_history,,,Raymond Berry
missing_structured_coach_history,,,Rich Kotite
missing_structured_coach_history,,,Joe Faragalli
missing_structured_coach_history,,,1959 Colorado Buffaloes football team
missing_structured_coach_history,,,Steve Moore
missing_structured_coach_history,,,Vermont Catamounts men's basketball
missing_structured_coach_history,,,Gene Stallings
missing_structured_coach_history,,,Wayne Fontes
missing_structured_coach_history,,,George Sefcik
missing_structured_coach_history,,,Greg Landry
missing_structured_coach_history,,,Jimmy Johnson (American football coach)
missing_structured_coach_history,,,Lester
missing_structured_coach_history,,,Gary Stevens (American football)
missing_structured_coach_history,,,Sherman Lewis
missing_structured_coach_history,,,Richie Petitbon
missing_structured_coach_history,,,Barry Switzer
missing_structured_coach_history,,,Pete Carroll
missing_structured_coach_history,,,Zeke Bratkowski
missing_structured_coach_history,,,Elijah Pitts
missing_structured_coach_history,,,Dennis Erickson
missing_structured_coach_history,,,Dick Jamieson
missing_structured_coach_history,,,Ken Anderson (quarterback)
missing_structured_coach_history,,,Danny Abramowicz
missing_structured_coach_history,,,Mike Riley (gridiron football)
missing_structured_coach_history,,,Dave McGinnis
missing_structured_coach_history,,,Geep Chryst
missing_structured_coach_history,,,Mike Heimerdinger
missing_structured_coach_history,,,1968 Washington State Cougars football team
missing_structured_coach_history,,,Bruce Arians
missing_structured_coach_history,,,Steve Spurrier
missing_structured_coach_history,,,Jerry Sullivan
missing_structured_coach_history,,,Lovie Smith
missing_structured_coach_history,,,John Gamble (American football)
missing_structured_coach_history,,,Sean Payton
missing_structured_coach_history,,,Rick Neuheisel
missing_structured_coach_history,,,Josh McDaniels
missing_structured_coach_history,,,Mike Tomlin
missing_structured_coach_history,,,John Harbaugh
missing_structured_coach_history,,,Mike Singletary
missing_structured_coach_history,,,Ron Rivera
missing_structured_coach_history,,,Jim Harbaugh
missing_structured_coach_history,,,Evansville Crimson Giants
missing_structured_coach_history,,,Pep Hamilton
missing_structured_coach_history,,,Harold Goodwin (American football)
missing_structured_coach_history,,,2019 Carolina Panthers season
missing_structured_coach_history,,,Jason Michael
missing_structured_coach_history,,,Sean McVay
missing_structured_coach_history,,,Dan Quinn (American football)
missing_coach_page,,,the highest in franchise history.<ref>{{cite web
missing_structured_coach_history,,,Dan Campbell
missing_structured_coach_history,,,Anthony Lynn
missing_structured_coach_history,,,Steve Sarkisian
missing_coach_page,,,a position he previously held from 2009 to 2012. McCoy served as the [[Los Angeles Chargers
missing_structured_coach_history,,,Matt LaFleur
missing_structured_coach_history,,,2017 San Francisco 49ers season
missing_structured_coach_history,,,Eric Bieniemy
missing_structured_coach_history,,,Randy Fichtner
missing_structured_coach_history,,,Todd Monken
missing_structured_coach_history,,,Kliff Kingsbury
missing_structured_coach_history,,,Vic Fangio
missing_structured_coach_history,,,COVID-19
missing_structured_coach_history,,,Alex Van Pelt
missing_structured_coach_history,,,Joe Judge (American football)
missing_structured_coach_history,,,Brandon Staley
missing_structured_coach_history,,,Liam Coen
missing_structured_coach_history,,,Brian Johnson (American football coach)
missing_structured_coach_history,,,Dave Canales
missing_structured_coach_history,,,Grant Udinski
missing_structured_coach_history,,,Kevin Patullo
missing_structured_coach_history,,,Jesse Minter
missing_structured_coach_history,,,2026 Los Angeles Rams season
scheme_source_needs_review,1970,ATL,Norm Van Brocklin
scheme_source_needs_review,1970,BUF,John Rauch
scheme_source_needs_review,1970,CHI,Jim Dooley
scheme_source_needs_review,1970,CIN,Paul Brown
scheme_source_needs_review,1970,DAL,Tom Landry
scheme_source_needs_review,1970,DEN,Lou Saban
scheme_source_needs_review,1970,DET,Joe Schmidt
scheme_source_needs_review,1970,GB,Phil Bengtson
scheme_source_needs_review,1970,KC,Hank Stram
scheme_source_needs_review,1970,LAC,Charlie Waller
scheme_source_needs_review,1970,LAR,George Allen
scheme_source_needs_review,1970,LV,John Madden
scheme_source_needs_review,1970,MIA,Don Shula
scheme_source_needs_review,1970,MIN,Bud Grant
scheme_source_needs_review,1970,NE,Clive Rush
scheme_source_needs_review,1970,NO,Tom Fears
scheme_source_needs_review,1970,NYG,Alex Webster
scheme_source_needs_review,1970,PHI,Jerry Williams
scheme_source_needs_review,1970,PIT,Chuck Noll
scheme_source_needs_review,1970,TEN,Wally Lemm
scheme_source_needs_review,1970,WAS,Vince Lombardi
scheme_source_needs_review,1971,ATL,Norm Van Brocklin
scheme_source_needs_review,1971,BUF,Harvey Johnson
scheme_source_needs_review,1971,CHI,Jim Dooley
scheme_source_needs_review,1971,CIN,Paul Brown
scheme_source_needs_review,1971,DAL,Tom Landry
scheme_source_needs_review,1971,DEN,Lou Saban
scheme_source_needs_review,1971,DET,Joe Schmidt
scheme_source_needs_review,1971,GB,Dan Devine
scheme_source_needs_review,1971,KC,Hank Stram
scheme_source_needs_review,1971,LAC,Sid Gillman
scheme_source_needs_review,1971,LV,John Madden
scheme_source_needs_review,1971,MIA,Don Shula
scheme_source_needs_review,1971,MIN,Bud Grant
scheme_source_needs_review,1971,NE,John Mazur
scheme_source_needs_review,1971,NYG,Alex Webster
scheme_source_needs_review,1971,NYJ,Weeb Ewbank
scheme_source_needs_review,1971,PHI,Tom Fears
scheme_source_needs_review,1971,PIT,Chuck Noll
scheme_source_needs_review,1971,SF,Jim Shofner
scheme_source_needs_review,1972,ATL,Norm Van Brocklin
scheme_source_needs_review,1972,BUF,Lou Saban
scheme_source_needs_review,1972,CHI,Abe Gibron
scheme_source_needs_review,1972,DAL,Tom Landry
scheme_source_needs_review,1972,DEN,John Ralston
scheme_source_needs_review,1972,DET,Joe Schmidt
scheme_source_needs_review,1972,GB,Dan Devine
scheme_source_needs_review,1972,IND,Don McCafferty
scheme_source_needs_review,1972,KC,Hank Stram
scheme_source_needs_review,1972,LV,John Madden
scheme_source_needs_review,1972,MIA,Don Shula
scheme_source_needs_review,1972,MIN,Bud Grant
scheme_source_needs_review,1972,NYG,Alex Webster
scheme_source_needs_review,1972,PHI,Tom Fears
scheme_source_needs_review,1972,PIT,Chuck Noll
scheme_source_needs_review,1972,SF,Jim Shofner
scheme_source_needs_review,1972,TEN,Bill Peterson
scheme_source_needs_review,1973,ATL,Norm Van Brocklin
scheme_source_needs_review,1973,BUF,Lou Saban
scheme_source_needs_review,1973,CHI,Abe Gibron
scheme_source_needs_review,1973,CIN,Paul Brown
scheme_source_needs_review,1973,CLE,Nick Skorich
scheme_source_needs_review,1973,DAL,Tom Landry
scheme_source_needs_review,1973,DEN,John Ralston
scheme_source_needs_review,1973,GB,Dan Devine
scheme_source_needs_review,1973,IND,Howard Schnellenberger
scheme_source_needs_review,1973,KC,Hank Stram
scheme_source_needs_review,1973,LV,John Madden
scheme_source_needs_review,1973,MIA,Don Shula
scheme_source_needs_review,1973,MIN,Bud Grant
scheme_source_needs_review,1973,NE,Chuck Fairbanks
scheme_source_needs_review,1973,NO,John North
scheme_source_needs_review,1973,NYG,Joe Walton
scheme_source_needs_review,1973,NYJ,Weeb Ewbank
scheme_source_needs_review,1973,PHI,Mike McCormack
scheme_source_needs_review,1973,PIT,Chuck Noll
scheme_source_needs_review,1973,SF,Jim Shofner
scheme_source_needs_review,1973,TEN,Bill Peterson
scheme_source_needs_review,1974,ATL,Norm Van Brocklin
scheme_source_needs_review,1974,BUF,Lou Saban
scheme_source_needs_review,1974,CHI,Abe Gibron
scheme_source_needs_review,1974,CIN,Paul Brown
scheme_source_needs_review,1974,CLE,Nick Skorich
scheme_source_needs_review,1974,DAL,Tom Landry
scheme_source_needs_review,1974,DEN,John Ralston
scheme_source_needs_review,1974,GB,Dan Devine
scheme_source_needs_review,1974,IND,Howard Schnellenberger
scheme_source_needs_review,1974,KC,Hank Stram
scheme_source_needs_review,1974,LV,John Madden
scheme_source_needs_review,1974,MIA,Don Shula
scheme_source_needs_review,1974,MIN,Bud Grant
scheme_source_needs_review,1974,NE,Phil Bengtson
scheme_source_needs_review,1974,NO,John North
scheme_source_needs_review,1974,NYG,Bill Arnsparger
scheme_source_needs_review,1974,NYJ,Charley Winner
scheme_source_needs_review,1974,PHI,Mike McCormack
scheme_source_needs_review,1974,PIT,Chuck Noll
scheme_source_needs_review,1974,SF,Dick Nolan
scheme_source_needs_review,1975,ATL,Bill Nelsen
scheme_source_needs_review,1975,BUF,Lou Saban
scheme_source_needs_review,1975,CHI,Jack Pardee
scheme_source_needs_review,1975,CIN,Paul Brown
scheme_source_needs_review,1975,CLE,Forrest Gregg
scheme_source_needs_review,1975,DAL,Tom Landry
scheme_source_needs_review,1975,DEN,John Ralston
scheme_source_needs_review,1975,GB,Bart Starr
scheme_source_needs_review,1975,IND,Ted Marchibroda
scheme_source_needs_review,1975,KC,Paul Wiggin
scheme_source_needs_review,1975,LAC,John David Crow
scheme_source_needs_review,1975,LV,John Madden
scheme_source_needs_review,1975,MIA,Don Shula
scheme_source_needs_review,1975,MIN,Bud Grant
scheme_source_needs_review,1975,NE,Chuck Fairbanks
scheme_source_needs_review,1975,NO,John North
scheme_source_needs_review,1975,NYG,Bill Arnsparger
scheme_source_needs_review,1975,NYJ,Charley Winner
scheme_source_needs_review,1975,PHI,Mike McCormack
scheme_source_needs_review,1975,PIT,Chuck Noll
scheme_source_needs_review,1975,SF,Dick Stanfel
scheme_source_needs_review,1976,ATL,Bill Nelsen
scheme_source_needs_review,1976,BUF,Lou Saban
scheme_source_needs_review,1976,CHI,Jack Pardee
scheme_source_needs_review,1976,CIN,Bill Johnson
scheme_source_needs_review,1976,CLE,Forrest Gregg
scheme_source_needs_review,1976,DAL,Tom Landry
scheme_source_needs_review,1976,DEN,John Ralston
scheme_source_needs_review,1976,DET,Rick Forzano
scheme_source_needs_review,1976,GB,Bart Starr
scheme_source_needs_review,1976,IND,Ted Marchibroda
scheme_source_needs_review,1976,KC,Paul Wiggin
scheme_source_needs_review,1976,LAC,Bill Walsh
scheme_source_needs_review,1976,LV,John Madden
scheme_source_needs_review,1976,MIA,Don Shula
scheme_source_needs_review,1976,NE,Chuck Fairbanks
scheme_source_needs_review,1976,NO,Hank Stram
scheme_source_needs_review,1976,NYG,Bill Arnsparger
scheme_source_needs_review,1976,NYJ,Lou Holtz
scheme_source_needs_review,1976,PIT,Chuck Noll
scheme_source_needs_review,1976,SEA,Jack Patera
scheme_source_needs_review,1976,SF,Monte Clark
scheme_source_needs_review,1976,TB,John McKay
scheme_source_needs_review,1977,ATL,Leeman Bennett
scheme_source_needs_review,1977,BUF,Jim Ringo
scheme_source_needs_review,1977,CHI,Jack Pardee
scheme_source_needs_review,1977,CIN,Bill Johnson
scheme_source_needs_review,1977,CLE,Forrest Gregg
scheme_source_needs_review,1977,DAL,Tom Landry
scheme_source_needs_review,1977,DEN,Red Miller
scheme_source_needs_review,1977,DET,Tommy Hudspeth
scheme_source_needs_review,1977,GB,Bart Starr
scheme_source_needs_review,1977,IND,Ted Marchibroda
scheme_source_needs_review,1977,KC,Paul Wiggin
scheme_source_needs_review,1977,LAR,Chuck Knox
scheme_source_needs_review,1977,LV,John Madden
scheme_source_needs_review,1977,MIA,Don Shula
scheme_source_needs_review,1977,NE,Chuck Fairbanks
scheme_source_needs_review,1977,NO,Hank Stram
scheme_source_needs_review,1977,PIT,Chuck Noll
scheme_source_needs_review,1977,SEA,Jack Patera
scheme_source_needs_review,1977,SF,Ken Meyer
scheme_source_needs_review,1977,TB,John McKay
scheme_source_needs_review,1977,TEN,Bum Phillips
scheme_source_needs_review,1978,ATL,Leeman Bennett
scheme_source_needs_review,1978,BUF,Chuck Knox
scheme_source_needs_review,1978,CHI,Neill Armstrong
scheme_source_needs_review,1978,CIN,Bill Johnson
scheme_source_needs_review,1978,CLE,Sam Rutigliano
scheme_source_needs_review,1978,DEN,Red Miller
scheme_source_needs_review,1978,DET,Monte Clark
scheme_source_needs_review,1978,GB,Bart Starr
scheme_source_needs_review,1978,IND,Ted Marchibroda
scheme_source_needs_review,1978,KC,Marv Levy
scheme_source_needs_review,1978,LAC,Tommy Prothro
scheme_source_needs_review,1978,LAR,Ray Malavasi
scheme_source_needs_review,1978,LV,John Madden
scheme_source_needs_review,1978,MIA,Don Shula
scheme_source_needs_review,1978,MIN,Bud Grant
scheme_source_needs_review,1978,NE,Chuck Fairbanks
scheme_source_needs_review,1978,NYG,John McVay
scheme_source_needs_review,1978,NYJ,Walt Michaels
scheme_source_needs_review,1978,PIT,Chuck Noll
scheme_source_needs_review,1978,SEA,Jack Patera
scheme_source_needs_review,1978,SF,Fred O'Connor
scheme_source_needs_review,1978,TB,John McKay
scheme_source_needs_review,1978,WAS,Joe Walton
scheme_source_needs_review,1979,ATL,Leeman Bennett
scheme_source_needs_review,1979,BUF,Chuck Knox
scheme_source_needs_review,1979,CHI,Neill Armstrong
scheme_source_needs_review,1979,CIN,Homer Rice
scheme_source_needs_review,1979,CLE,Sam Rutigliano
scheme_source_needs_review,1979,DAL,Tom Landry
scheme_source_needs_review,1979,DEN,Red Miller
scheme_source_needs_review,1979,DET,Monte Clark
scheme_source_needs_review,1979,GB,Bart Starr
scheme_source_needs_review,1979,IND,Ted Marchibroda
scheme_source_needs_review,1979,KC,Marv Levy
scheme_source_needs_review,1979,LAR,Ray Malavasi
scheme_source_needs_review,1979,LV,Tom Flores
scheme_source_needs_review,1979,MIA,Don Shula
scheme_source_needs_review,1979,MIN,Bud Grant
scheme_source_needs_review,1979,NE,Ron Erhardt
scheme_source_needs_review,1979,NYG,Ray Perkins
scheme_source_needs_review,1979,NYJ,Walt Michaels
scheme_source_needs_review,1979,PHI,Dick Vermeil
scheme_source_needs_review,1979,PIT,Chuck Noll
scheme_source_needs_review,1979,SEA,Jack Patera
scheme_source_needs_review,1979,SF,Bill Walsh
scheme_source_needs_review,1979,TB,John McKay
scheme_source_needs_review,1979,TEN,Bum Phillips
scheme_source_needs_review,1979,WAS,Joe Walton
scheme_source_needs_review,1980,ATL,Leeman Bennett
scheme_source_needs_review,1980,BUF,Ray Prochaska
scheme_source_needs_review,1980,CHI,Neill Armstrong
scheme_source_needs_review,1980,CIN,Forrest Gregg
scheme_source_needs_review,1980,CLE,Sam Rutigliano
scheme_source_needs_review,1980,DET,Monte Clark
scheme_source_needs_review,1980,GB,Bart Starr
scheme_source_needs_review,1980,IND,Mike McCormack
scheme_source_needs_review,1980,KC,Marv Levy
scheme_source_needs_review,1980,LAC,Joe Gibbs
scheme_source_needs_review,1980,LAR,Lionel Taylor
scheme_source_needs_review,1980,LV,Tom Flores
scheme_source_needs_review,1980,MIA,Don Shula
scheme_source_needs_review,1980,NE,Ron Erhardt
scheme_source_needs_review,1980,NO,Ed Hughes
scheme_source_needs_review,1980,NYG,Ray Perkins
scheme_source_needs_review,1980,NYJ,Walt Michaels
scheme_source_needs_review,1980,PHI,Dick Vermeil
scheme_source_needs_review,1980,PIT,Chuck Noll
scheme_source_needs_review,1980,SEA,Jack Patera
scheme_source_needs_review,1980,SF,Bill Walsh
scheme_source_needs_review,1980,TB,John McKay
scheme_source_needs_review,1980,TEN,Bum Phillips
scheme_source_needs_review,1980,WAS,Joe Walton
scheme_source_needs_review,1981,ATL,Leeman Bennett
scheme_source_needs_review,1981,BUF,Chuck Knox
scheme_source_needs_review,1981,CHI,Neill Armstrong
scheme_source_needs_review,1981,CIN,Lindy Infante
scheme_source_needs_review,1981,CLE,Sam Rutigliano
scheme_source_needs_review,1981,DAL,Tom Landry
scheme_source_needs_review,1981,DEN,Dan Reeves
scheme_source_needs_review,1981,DET,Monte Clark
scheme_source_needs_review,1981,GB,Bart Starr
scheme_source_needs_review,1981,IND,Mike McCormack
scheme_source_needs_review,1981,KC,Marv Levy
scheme_source_needs_review,1981,LAR,Lionel Taylor
scheme_source_needs_review,1981,LV,Tom Flores
scheme_source_needs_review,1981,MIA,Don Shula
scheme_source_needs_review,1981,MIN,Bud Grant
scheme_source_needs_review,1981,NE,Ron Erhardt
scheme_source_needs_review,1981,NYG,Ray Perkins
scheme_source_needs_review,1981,NYJ,Joe Walton
scheme_source_needs_review,1981,PHI,Dick Vermeil
scheme_source_needs_review,1981,PIT,Chuck Noll
scheme_source_needs_review,1981,SEA,Jack Patera
scheme_source_needs_review,1981,SF,Bill Walsh
scheme_source_needs_review,1981,TB,John McKay
scheme_source_needs_review,1982,ATL,Leeman Bennett
scheme_source_needs_review,1982,BUF,Chuck Knox
scheme_source_needs_review,1982,CHI,Mike Ditka
scheme_source_needs_review,1982,CIN,Lindy Infante
scheme_source_needs_review,1982,DAL,Tom Landry
scheme_source_needs_review,1982,DEN,Dan Reeves
scheme_source_needs_review,1982,IND,Frank Kush
scheme_source_needs_review,1982,KC,Marv Levy
scheme_source_needs_review,1982,LAR,Ray Malavasi
scheme_source_needs_review,1982,LV,Tom Flores
scheme_source_needs_review,1982,MIA,Don Shula
scheme_source_needs_review,1982,NE,Ron Meyer
scheme_source_needs_review,1982,PHI,Dick Vermeil
scheme_source_needs_review,1982,PIT,Chuck Noll
scheme_source_needs_review,1982,SEA,Jack Patera
scheme_source_needs_review,1982,SF,Bill Walsh
scheme_source_needs_review,1982,TB,John McKay
scheme_source_needs_review,1983,ATL,Dan Henning
scheme_source_needs_review,1983,BUF,Kay Stephenson
scheme_source_needs_review,1983,CHI,Mike Ditka
scheme_source_needs_review,1983,CIN,Forrest Gregg
scheme_source_needs_review,1983,DAL,Tom Landry
scheme_source_needs_review,1983,DEN,John Hadl
scheme_source_needs_review,1983,IND,Frank Kush
scheme_source_needs_review,1983,KC,John Mackovic
scheme_source_needs_review,1983,LAR,Jimmy Raye
scheme_source_needs_review,1983,LV,Tom Flores
scheme_source_needs_review,1983,MIA,Don Shula
scheme_source_needs_review,1983,MIN,Bud Grant
scheme_source_needs_review,1983,NE,Ron Meyer
scheme_source_needs_review,1983,PHI,Dick Wood
scheme_source_needs_review,1983,SEA,Ray Prochaska
scheme_source_needs_review,1983,SF,Bill Walsh
scheme_source_needs_review,1983,TB,John McKay
scheme_source_needs_review,1983,TEN,Kay Dalton
scheme_source_needs_review,1984,ATL,Dan Henning
scheme_source_needs_review,1984,BUF,Kay Stephenson
scheme_source_needs_review,1984,CIN,Sam Wyche
scheme_source_needs_review,1984,CLE,Joe Scannella
scheme_source_needs_review,1984,DAL,Tom Landry
scheme_source_needs_review,1984,DEN,Dan Reeves
scheme_source_needs_review,1984,DET,Monte Clark
scheme_source_needs_review,1984,IND,Frank Kush
scheme_source_needs_review,1984,KC,John Mackovic
scheme_source_needs_review,1984,LAR,Jimmy Raye
scheme_source_needs_review,1984,LV,Tom Flores
scheme_source_needs_review,1984,MIA,Don Shula
scheme_source_needs_review,1984,NE,Ron Meyer
scheme_source_needs_review,1984,NYJ,Joe Walton
scheme_source_needs_review,1984,SEA,Ray Prochaska
scheme_source_needs_review,1984,SF,Bill Walsh
scheme_source_needs_review,1984,TB,John McKay
scheme_source_needs_review,1985,ATL,Dan Henning
scheme_source_needs_review,1985,BUF,Kay Stephenson
scheme_source_needs_review,1985,CIN,Bruce Coslet
scheme_source_needs_review,1985,DEN,Dan Reeves
scheme_source_needs_review,1985,IND,Rod Dowhower
scheme_source_needs_review,1985,KC,John Mackovic
scheme_source_needs_review,1985,LAC,Dave Levy
scheme_source_needs_review,1985,LAR,John Robinson
scheme_source_needs_review,1985,LV,Tom Flores
scheme_source_needs_review,1985,MIA,Don Shula
scheme_source_needs_review,1985,NE,Raymond Berry
scheme_source_needs_review,1985,NO,King Hill
scheme_source_needs_review,1985,NYJ,Rich Kotite
scheme_source_needs_review,1985,SEA,Ray Prochaska
scheme_source_needs_review,1985,SF,Bill Walsh
scheme_source_needs_review,1985,TB,Leeman Bennett
scheme_source_needs_review,1985,TEN,Joe Faragalli
scheme_source_needs_review,1986,ATL,Dan Henning
scheme_source_needs_review,1986,BUF,Jim Valek
scheme_source_needs_review,1986,CIN,Sam Wyche
scheme_source_needs_review,1986,CLE,Lindy Infante
scheme_source_needs_review,1986,DAL,Tom Landry
scheme_source_needs_review,1986,DET,Darryl Rogers
scheme_source_needs_review,1986,GB,Forrest Gregg
scheme_source_needs_review,1986,IND,Rod Dowhower
scheme_source_needs_review,1986,KC,John Mackovic
scheme_source_needs_review,1986,LAC,Don Coryell
scheme_source_needs_review,1986,LAR,John Robinson
scheme_source_needs_review,1986,LV,Tom Flores
scheme_source_needs_review,1986,MIA,Don Shula
scheme_source_needs_review,1986,NE,John Polonchek
scheme_source_needs_review,1986,NO,Jim Mora
scheme_source_needs_review,1986,NYJ,Rich Kotite
scheme_source_needs_review,1986,PHI,Buddy Ryan
scheme_source_needs_review,1986,SEA,Steve Moore
scheme_source_needs_review,1986,SF,Bill Walsh
scheme_source_needs_review,1986,TB,Leeman Bennett
scheme_source_needs_review,1986,TEN,Jerry Glanville
scheme_source_needs_review,1987,BUF,Marv Levy
scheme_source_needs_review,1987,CIN,Bruce Coslet
scheme_source_needs_review,1987,CLE,Lindy Infante
scheme_source_needs_review,1987,DAL,Tom Landry
scheme_source_needs_review,1987,DET,Darryl Rogers
scheme_source_needs_review,1987,GB,Forrest Gregg
scheme_source_needs_review,1987,IND,John Becker
scheme_source_needs_review,1987,KC,Frank Gansz
scheme_source_needs_review,1987,LV,Tom Flores
scheme_source_needs_review,1987,MIA,Don Shula
scheme_source_needs_review,1987,NYJ,Rich Kotite
scheme_source_needs_review,1987,PHI,Buddy Ryan
scheme_source_needs_review,1987,SEA,Steve Moore
scheme_source_needs_review,1987,SF,Bill Walsh
scheme_source_needs_review,1987,TB,Ray Perkins
scheme_source_needs_review,1987,TEN,Jerry Glanville
scheme_source_needs_review,1988,BUF,Jim Ringo
scheme_source_needs_review,1988,CIN,Bruce Coslet
scheme_source_needs_review,1988,CLE,Marty Schottenheimer
scheme_source_needs_review,1988,DAL,Tom Landry
scheme_source_needs_review,1988,DET,Darryl Rogers
scheme_source_needs_review,1988,GB,Lindy Infante
scheme_source_needs_review,1988,IND,John Becker
scheme_source_needs_review,1988,LV,Mike Shanahan
scheme_source_needs_review,1988,MIA,Don Shula
scheme_source_needs_review,1988,NO,Jim Mora
scheme_source_needs_review,1988,NYJ,Joe Walton
scheme_source_needs_review,1988,PHI,Buddy Ryan
scheme_source_needs_review,1988,SEA,Steve Moore
scheme_source_needs_review,1988,SF,Bill Walsh
scheme_source_needs_review,1988,TB,Ray Perkins
scheme_source_needs_review,1988,TEN,Jerry Glanville
scheme_source_needs_review,1989,ARI,Jim Shofner
scheme_source_needs_review,1989,ATL,Rod Dowhower
scheme_source_needs_review,1989,CHI,Greg Landry
scheme_source_needs_review,1989,CIN,Bruce Coslet
scheme_source_needs_review,1989,CLE,Bud Carson
scheme_source_needs_review,1989,DAL,Jimmy Johnson
scheme_source_needs_review,1989,DEN,Dan Reeves
scheme_source_needs_review,1989,GB,Lindy Infante
scheme_source_needs_review,1989,LAC,Dan Henning
scheme_source_needs_review,1989,LV,Mike Shanahan
scheme_source_needs_review,1989,MIA,Don Shula
scheme_source_needs_review,1989,NE,Raymond Berry
scheme_source_needs_review,1989,NO,Jim Mora
scheme_source_needs_review,1989,PHI,Buddy Ryan
scheme_source_needs_review,1989,SEA,John Becker
scheme_source_needs_review,1989,TB,Ray Perkins
scheme_source_needs_review,1989,TEN,Jerry Glanville
scheme_source_needs_review,1990,ATL,Jerry Glanville
scheme_source_needs_review,1990,CHI,Greg Landry
scheme_source_needs_review,1990,CIN,Sam Wyche
scheme_source_needs_review,1990,CLE,Jim Shofner
scheme_source_needs_review,1990,DAL,David Shula
scheme_source_needs_review,1990,DEN,Dan Reeves
scheme_source_needs_review,1990,GB,Lindy Infante
scheme_source_needs_review,1990,LAC,Dan Henning
scheme_source_needs_review,1990,MIA,Gary Stevens
scheme_source_needs_review,1990,NE,Rod Rust
scheme_source_needs_review,1990,NYJ,Bruce Coslet
scheme_source_needs_review,1990,PHI,Buddy Ryan
scheme_source_needs_review,1990,PIT,Joe Walton
scheme_source_needs_review,1990,SEA,John Becker
scheme_source_needs_review,1990,TB,Ray Perkins
scheme_source_needs_review,1990,WAS,Joe Gibbs
scheme_source_needs_review,1991,CHI,Greg Landry
scheme_source_needs_review,1991,CIN,Sam Wyche
scheme_source_needs_review,1991,CLE,Bill Belichick
scheme_source_needs_review,1991,DAL,Jimmy Johnson
scheme_source_needs_review,1991,DEN,Dan Reeves
scheme_source_needs_review,1991,DET,Dave Levy
scheme_source_needs_review,1991,GB,Lindy Infante
scheme_source_needs_review,1991,IND,Ron Meyer
scheme_source_needs_review,1991,LV,Art Shell
scheme_source_needs_review,1991,MIA,Don Shula
scheme_source_needs_review,1991,NYG,Ray Handley
scheme_source_needs_review,1991,NYJ,Bruce Coslet
scheme_source_needs_review,1991,PHI,Rich Kotite
scheme_source_needs_review,1991,PIT,Joe Walton
scheme_source_needs_review,1991,SEA,John Becker
scheme_source_needs_review,1991,TB,Richard Williamson
scheme_source_needs_review,1991,WAS,Joe Gibbs
scheme_source_needs_review,1992,ATL,Jerry Glanville
scheme_source_needs_review,1992,CHI,Greg Landry
scheme_source_needs_review,1992,CIN,Dave Shula
scheme_source_needs_review,1992,CLE,Bill Belichick
scheme_source_needs_review,1992,LV,Art Shell
scheme_source_needs_review,1992,MIA,Gary Stevens
scheme_source_needs_review,1992,NYG,Ray Handley
scheme_source_needs_review,1992,NYJ,Bruce Coslet
scheme_source_needs_review,1992,PHI,Rich Kotite
scheme_source_needs_review,1992,TB,Sam Wyche
scheme_source_needs_review,1993,ATL,Jerry Glanville
scheme_source_needs_review,1993,CHI,Dave Wannstedt
scheme_source_needs_review,1993,CIN,Dave Shula
scheme_source_needs_review,1993,CLE,Bill Belichick
scheme_source_needs_review,1993,LAC,Bobby Ross
scheme_source_needs_review,1993,MIA,Don Shula
scheme_source_needs_review,1993,MIN,Dennis Green
scheme_source_needs_review,1993,NE,Ray Perkins
scheme_source_needs_review,1993,NO,Jim Mora
scheme_source_needs_review,1993,NYJ,Bruce Coslet
scheme_source_needs_review,1993,PHI,Rich Kotite
scheme_source_needs_review,1993,TB,Sam Wyche
scheme_source_needs_review,1994,ATL,June Jones
scheme_source_needs_review,1994,BUF,Marv Levy
scheme_source_needs_review,1994,LAR,Chris Harris
scheme_source_needs_review,1994,LV,Art Shell
scheme_source_needs_review,1994,MIA,Gary Stevens
scheme_source_needs_review,1994,NE,Ray Perkins
scheme_source_needs_review,1994,NO,Jim Mora
scheme_source_needs_review,1994,NYG,Dan Reeves
scheme_source_needs_review,1994,PHI,Zeke Bratkowski
scheme_source_needs_review,1994,TB,Sam Wyche
scheme_source_needs_review,1994,TEN,Kevin Gilbride
scheme_source_needs_review,1995,BUF,Tom Bresnahan
scheme_source_needs_review,1995,DEN,Mike Shanahan
scheme_source_needs_review,1995,LV,Mike White
scheme_source_needs_review,1995,MIA,Gary Stevens
scheme_source_needs_review,1995,NE,Bill Parcells
scheme_source_needs_review,1995,NYJ,Rich Kotite
scheme_source_needs_review,1995,TB,Sam Wyche
scheme_source_needs_review,1996,ATL,June Jones
scheme_source_needs_review,1996,BAL,Ted Marchibroda
scheme_source_needs_review,1996,CHI,Dave Wannstedt
scheme_source_needs_review,1996,CIN,Dave Shula
scheme_source_needs_review,1996,IND,Lindy Infante
scheme_source_needs_review,1996,LAR,Rich Brooks
scheme_source_needs_review,1996,MIA,Gary Stevens
scheme_source_needs_review,1996,NE,Ray Perkins
scheme_source_needs_review,1996,NO,Carl Smith
scheme_source_needs_review,1997,ARI,Dick Jamieson
scheme_source_needs_review,1997,ATL,George Sefcik
scheme_source_needs_review,1997,BAL,Ted Marchibroda
scheme_source_needs_review,1997,BUF,Marv Levy
scheme_source_needs_review,1997,CIN,Ken Anderson
scheme_source_needs_review,1997,DEN,Mike Shanahan
scheme_source_needs_review,1997,IND,Lindy Infante
scheme_source_needs_review,1997,MIA,Gary Stevens
scheme_source_needs_review,1997,NO,Danny Abramowicz
scheme_source_needs_review,1997,SEA,Dennis Erickson
scheme_source_needs_review,1997,TEN,Jeff Fisher
scheme_source_needs_review,1998,ATL,Dan Reeves
scheme_source_needs_review,1998,BAL,Ted Marchibroda
scheme_source_needs_review,1998,CHI,Dave Wannstedt
scheme_source_needs_review,1998,CIN,Ken Anderson
scheme_source_needs_review,1998,DAL,Chan Gailey
scheme_source_needs_review,1998,DEN,Mike Shanahan
scheme_source_needs_review,1998,KC,Jimmy Raye
scheme_source_needs_review,1998,LAR,Dick Vermeil
scheme_source_needs_review,1998,LV,Jon Gruden
scheme_source_needs_review,1998,MIA,Jimmy Johnson
scheme_source_needs_review,1998,NO,Danny Abramowicz
scheme_source_needs_review,1998,NYG,Jim Fassel
scheme_source_needs_review,1998,SF,Steve Mariucci
scheme_source_needs_review,1998,WAS,Norv Turner
scheme_source_needs_review,1999,ATL,George Sefcik
scheme_source_needs_review,1999,CIN,Ken Anderson
scheme_source_needs_review,1999,CLE,Chris Palmer
scheme_source_needs_review,1999,DAL,Chan Gailey
scheme_source_needs_review,1999,GB,Sherman Lewis
scheme_source_needs_review,1999,JAX,Tom Coughlin
scheme_source_needs_review,1999,KC,Jimmy Raye II
scheme_source_needs_review,1999,LAC,Mike Riley
scheme_source_needs_review,1999,LV,Jon Gruden
scheme_source_needs_review,1999,NO,Danny Abramowicz
scheme_source_needs_review,1999,NYG,Jim Fassel
scheme_source_needs_review,2000,ARI,Marc Trestman
scheme_source_needs_review,2000,ATL,George Sefcik
scheme_source_needs_review,2000,CIN,Ken Anderson
scheme_source_needs_review,2000,DAL,Dave Campo
scheme_source_needs_review,2000,DET,Sylvester Croom
scheme_source_needs_review,2000,JAX,Tom Coughlin
scheme_source_needs_review,2000,KC,Jimmy Raye II
scheme_source_needs_review,2000,LAC,Geep Chryst
scheme_source_needs_review,2000,LAR,Mike Martz
scheme_source_needs_review,2000,LV,Jon Gruden
scheme_source_needs_review,2000,NE,Bill Belichick
scheme_source_needs_review,2000,NYG,Jim Fassel
scheme_source_needs_review,2000,TEN,Mike Heimerdinger
scheme_source_needs_review,2000,WAS,Norv Turner
scheme_source_needs_review,2001,ARI,Rich Olson
scheme_source_needs_review,2001,ATL,George Sefcik
scheme_source_needs_review,2001,CLE,Bruce Arians
scheme_source_needs_review,2001,LV,Jon Gruden
scheme_source_needs_review,2001,MIN,Dennis Green
scheme_source_needs_review,2001,NYG,Jim Fassel
scheme_source_needs_review,2001,TEN,Mike Heimerdinger
scheme_source_needs_review,2001,WAS,Jimmy Raye II
scheme_source_needs_review,2002,ARI,Rich Olson
scheme_source_needs_review,2002,ATL,Dan Reeves
scheme_source_needs_review,2002,CLE,Bruce Arians
scheme_source_needs_review,2002,DAL,Bruce Coslet
scheme_source_needs_review,2002,DEN,Mike Shanahan
scheme_source_needs_review,2002,DET,Marty Mornhinweg
scheme_source_needs_review,2002,JAX,Tom Coughlin
scheme_source_needs_review,2002,LAR,Mike Martz
scheme_source_needs_review,2002,NE,Bill Belichick
scheme_source_needs_review,2002,NYG,Jim Fassel
scheme_source_needs_review,2002,TB,Jon Gruden
scheme_source_needs_review,2002,TEN,Mike Heimerdinger
scheme_source_needs_review,2002,WAS,Steve Spurrier
scheme_source_needs_review,2003,ARI,Jerry Sullivan
scheme_source_needs_review,2003,ATL,Pete Mangurian
scheme_source_needs_review,2003,BUF,Gregg Williams
scheme_source_needs_review,2003,CLE,Bruce Arians
scheme_source_needs_review,2003,DAL,Bill Parcells
scheme_source_needs_review,2003,IND,Tony Dungy
scheme_source_needs_review,2003,LAR,Mike Martz
scheme_source_needs_review,2003,MIN,Mike Tice
scheme_source_needs_review,2003,NYG,Jim Fassel
scheme_source_needs_review,2003,TB,Jon Gruden
scheme_source_needs_review,2003,TEN,Mike Heimerdinger
scheme_source_needs_review,2003,WAS,Steve Spurrier
scheme_source_needs_review,2004,CLE,Terry Robiskie
scheme_source_needs_review,2004,DAL,Bill Parcells
scheme_source_needs_review,2004,IND,Tony Dungy
scheme_source_needs_review,2004,LAR,Mike Martz
scheme_source_needs_review,2004,MIN,Mike Tice
scheme_source_needs_review,2004,NYG,Tom Coughlin
scheme_source_needs_review,2004,TB,Jon Gruden
scheme_source_needs_review,2004,TEN,Mike Heimerdinger
scheme_source_needs_review,2005,DAL,Bill Parcells
scheme_source_needs_review,2005,DET,Steve Mariucci
scheme_source_needs_review,2005,IND,Tony Dungy
scheme_source_needs_review,2005,LAR,Mike Martz
scheme_source_needs_review,2005,MIN,Mike Tice
scheme_source_needs_review,2005,NE,Bill Belichick
scheme_source_needs_review,2005,NYG,Tom Coughlin
scheme_source_needs_review,2005,NYJ,Mike Heimerdinger
scheme_source_needs_review,2005,TB,Jon Gruden
scheme_source_needs_review,2006,DAL,Bill Parcells
scheme_source_needs_review,2006,HOU,Gary Kubiak
scheme_source_needs_review,2006,NE,Bill Belichick
scheme_source_needs_review,2006,TB,Jon Gruden
scheme_source_needs_review,2007,ATL,Hue Jackson
scheme_source_needs_review,2007,CHI,Ron Turner
scheme_source_needs_review,2007,MIA,Cam Cameron
scheme_source_needs_review,2007,NE,Josh McDaniels
scheme_source_needs_review,2007,NO,Sean Payton
scheme_source_needs_review,2007,PIT,Bruce Arians
scheme_source_needs_review,2008,CHI,Ron Turner
scheme_source_needs_review,2008,HOU,Gary Kubiak
scheme_source_needs_review,2008,LV,Greg Knapp
scheme_source_needs_review,2008,NE,Bill Belichick
scheme_source_needs_review,2008,NO,Sean Payton
scheme_source_needs_review,2008,PIT,Bruce Arians
scheme_source_needs_review,2008,SF,Mike Martz
scheme_source_needs_review,2008,TB,Jon Gruden
scheme_source_needs_review,2008,WAS,Sherman Smith
scheme_source_needs_review,2009,ARI,Ken Whisenhunt
scheme_source_needs_review,2009,BUF,Dick Jauron
scheme_source_needs_review,2009,CHI,Ron Turner
scheme_source_needs_review,2009,DEN,Josh McDaniels
scheme_source_needs_review,2009,KC,Todd Haley
scheme_source_needs_review,2009,LV,Tom Cable
scheme_source_needs_review,2009,NE,Bill Belichick
scheme_source_needs_review,2009,NO,"Pete Carmichael, Jr."
scheme_source_needs_review,2009,PIT,Bruce Arians
scheme_source_needs_review,2009,SF,Jimmy Raye
scheme_source_needs_review,2009,TB,Raheem Morris
scheme_source_needs_review,2009,TEN,Mike Heimerdinger
scheme_source_needs_review,2010,ARI,Ken Whisenhunt
scheme_source_needs_review,2010,BUF,Chan Gailey
scheme_source_needs_review,2010,DAL,Jason Garrett
scheme_source_needs_review,2010,DEN,Mike McCoy
scheme_source_needs_review,2010,MIN,Brad Childress
scheme_source_needs_review,2010,NE,Bill Belichick
scheme_source_needs_review,2010,PIT,Bruce Arians
scheme_source_needs_review,2010,SF,Jimmy Raye
scheme_source_needs_review,2010,TEN,Mike Heimerdinger
scheme_source_needs_review,2011,BUF,Chan Gailey
scheme_source_needs_review,2011,CLE,Pat Shurmur
scheme_source_needs_review,2011,DAL,Jason Garrett
scheme_source_needs_review,2011,JAX,Dirk Koetter
scheme_source_needs_review,2011,KC,Todd Haley
scheme_source_needs_review,2011,LAR,Josh McDaniels
scheme_source_needs_review,2011,LV,Hue Jackson
scheme_source_needs_review,2011,MIA,Tony Sparano
scheme_source_needs_review,2011,PIT,Bruce Arians
scheme_source_needs_review,2012,BAL,Cam Cameron
scheme_source_needs_review,2012,BUF,Chan Gailey
scheme_source_needs_review,2012,DAL,Jason Garrett
scheme_source_needs_review,2012,IND,Bruce Arians
scheme_source_needs_review,2012,LAC,Norv Turner
scheme_source_needs_review,2012,LV,Fan Reaction
scheme_source_needs_review,2012,NE,Josh McDaniels
scheme_source_needs_review,2012,NO,"Pete Carmichael, Jr."
scheme_source_needs_review,2013,ARI,Bruce Arians
scheme_source_needs_review,2013,CHI,Marc Trestman
scheme_source_needs_review,2013,DAL,Jason Garrett
scheme_source_needs_review,2013,DEN,Adam Gase
scheme_source_needs_review,2013,HOU,Gary Kubiak
scheme_source_needs_review,2013,IND,Pep Hamilton
scheme_source_needs_review,2013,NE,Bill Belichick
scheme_source_needs_review,2014,ARI,Harold Goodwin
scheme_source_needs_review,2014,HOU,Bill O'Brien
scheme_source_needs_review,2014,IND,Pep Hamilton
scheme_source_needs_review,2014,LV,Greg Olson
scheme_source_needs_review,2014,NE,Bill Belichick
scheme_source_needs_review,2015,ARI,Harold Goodwin
scheme_source_needs_review,2015,MIA,Joe Philbin
scheme_source_needs_review,2015,NE,Josh McDaniels
scheme_source_needs_review,2015,NO,Pete Carmichael
scheme_source_needs_review,2015,PHI,Pat Shurmur
scheme_source_needs_review,2015,SF,Geep Chryst
scheme_source_needs_review,2015,TEN,Ken Whisenhunt
scheme_source_needs_review,2016,ARI,Bruce Arians
scheme_source_needs_review,2016,BAL,Marc Trestman
scheme_source_needs_review,2016,BUF,Rex Ryan
scheme_source_needs_review,2016,CLE,Hue Jackson
scheme_source_needs_review,2016,DEN,Gary Kubiak
scheme_source_needs_review,2016,JAX,Greg Olson
scheme_source_needs_review,2016,KC,Brad Childress
scheme_source_needs_review,2016,LAR,Rob Boras
scheme_source_needs_review,2016,MIN,Mike Zimmer
scheme_source_needs_review,2016,NE,Josh McDaniels
scheme_source_needs_review,2016,TB,Dirk Koetter
scheme_source_needs_review,2017,ARI,Bruce Arians
scheme_source_needs_review,2017,ATL,Steve Sarkisian
scheme_source_needs_review,2017,CLE,Hue Jackson
scheme_source_needs_review,2017,DEN,a position he previously held from 2009 to 2012. McCoy served as the [[Los Angeles Chargers
scheme_source_needs_review,2017,HOU,Bill O'Brien
scheme_source_needs_review,2017,LAR,Matt LaFleur
scheme_source_needs_review,2017,NE,Josh McDaniels
scheme_source_needs_review,2017,NYG,Ben McAdoo
scheme_source_needs_review,2017,TB,Dirk Koetter
scheme_source_needs_review,2018,ATL,Steve Sarkisian
scheme_source_needs_review,2018,CLE,Hue Jackson
scheme_source_needs_review,2018,GB,Mike McCarthy
scheme_source_needs_review,2018,HOU,Bill O'Brien
scheme_source_needs_review,2018,KC,Eric Bieniemy
scheme_source_needs_review,2018,LAR,Sean McVay
scheme_source_needs_review,2018,MIN,Mike Zimmer
scheme_source_needs_review,2018,NE,Josh McDaniels
scheme_source_needs_review,2018,NYG,Pat Shurmur
scheme_source_needs_review,2018,NYJ,Todd Bowles
scheme_source_needs_review,2018,PIT,Randy Fichtner
scheme_source_needs_review,2018,TB,Todd Monken
scheme_source_needs_review,2018,TEN,Matt LaFleur
scheme_source_needs_review,2019,ARI,Kliff Kingsbury
scheme_source_needs_review,2019,KC,Eric Bieniemy
scheme_source_needs_review,2019,LAR,Sean McVay
scheme_source_needs_review,2019,NE,Josh McDaniels
scheme_source_needs_review,2019,NYG,Pat Shurmur
scheme_source_needs_review,2019,NYJ,Adam Gase
scheme_source_needs_review,2019,PIT,Randy Fichtner
scheme_source_needs_review,2019,WAS,Jay Gruden
scheme_source_needs_review,2020,ARI,Kliff Kingsbury
scheme_source_needs_review,2020,ATL,Dirk Koetter
scheme_source_needs_review,2020,CAR,Joe Brady
scheme_source_needs_review,2020,CLE,Kevin Stefanski
scheme_source_needs_review,2020,DET,Darrell Bevell
scheme_source_needs_review,2020,HOU,Tim Kelly
scheme_source_needs_review,2020,KC,Eric Bieniemy
scheme_source_needs_review,2020,NE,Josh McDaniels
scheme_source_needs_review,2020,NYJ,Adam Gase
scheme_source_needs_review,2020,PHI,Doug Pederson
scheme_source_needs_review,2020,PIT,Randy Fichtner
scheme_source_needs_review,2021,ARI,Kliff Kingsbury
scheme_source_needs_review,2021,CAR,Joe Brady
scheme_source_needs_review,2021,CHI,Matt Nagy
scheme_source_needs_review,2021,DET,Anthony Lynn
scheme_source_needs_review,2021,JAX,Brian Schottenheimer
scheme_source_needs_review,2021,KC,Eric Bieniemy
scheme_source_needs_review,2021,LV,Jon Gruden
scheme_source_needs_review,2021,MIA,Brian Flores
scheme_source_needs_review,2021,NE,Josh McDaniels
scheme_source_needs_review,2022,ARI,Kliff Kingsbury
scheme_source_needs_review,2022,HOU,Pep Hamilton
scheme_source_needs_review,2022,KC,Eric Bieniemy
scheme_source_needs_review,2022,LAR,Liam Coen
scheme_source_needs_review,2022,NE,Bill Belichick
scheme_source_needs_review,2023,BAL,Todd Monken
scheme_source_needs_review,2023,BUF,Ken Dorsey
scheme_source_needs_review,2023,CAR,Frank Reich
scheme_source_needs_review,2023,LV,Mick Lombardi
scheme_source_needs_review,2023,NE,Bill Belichick
scheme_source_needs_review,2023,TB,Dave Canales
scheme_source_needs_review,2023,WAS,Eric Bieniemy
scheme_source_needs_review,2024,BAL,Todd Monken
scheme_source_needs_review,2024,BUF,Joe Brady
scheme_source_needs_review,2024,NE,Alex Van Pelt
scheme_source_needs_review,2024,NO,Klint Kubiak
scheme_source_needs_review,2024,NYJ,Nathaniel Hackett
scheme_source_needs_review,2024,SF,Kyle Shanahan
scheme_source_needs_review,2024,TB,Liam Coen
scheme_source_needs_review,2025,BAL,Todd Monken
scheme_source_needs_review,2025,BUF,Joe Brady
scheme_source_needs_review,2025,JAX,Grant Udinski
scheme_source_needs_review,2025,LV,Pete Carroll
scheme_source_needs_review,2025,NE,Josh McDaniels
scheme_source_needs_review,2025,NYG,Brian Daboll
scheme_source_needs_review,2025,WAS,Kliff Kingsbury
scheme_source_needs_review,2026,DAL,Brian Schottenheimer
scheme_source_needs_review,2026,LAR,'Just want to learn and continue to grow with him'
