Rank,Player (Bye),POS,ESPN,Sleeper,CBS,NFL,RTSports,Fantrax,AVG
1,Saquon Barkley   PHI (10),RB1,1,,,1,1,1,1.0
2,Christian McCaffrey   SF (4),RB2,2,,,3,2,2,2.5
3,Alvin Kamara   NO (9),RB3,3,,,2,3,3,2.5
4,Ezekiel Elliott,RB4,4,,,4,4,4,4.0
5,DeAndre Hopkins   BAL (8),WR1,5,,,5,6,6,5.3
6,David Johnson,RB5,6,,,8,7,5,6.7
7,Le'Veon Bell,RB6,7,,,7,5,8,7.5
8,Davante Adams   LAR (9),WR2,10,,,6,10,7,7.5
9,James Conner   ARI (12),RB7,14,,,15,8,9,10.3
10,Julio Jones,WR3,11,,,9,11,11,10.5
11,Michael Thomas,WR4,8,,,11,14,10,10.7
12,Odell Beckham Jr.   NYG (11),WR5,13,,,12,12,12,12.8
13,Todd Gurley II,RB8,9,,,10,16,14,13.2
14,JuJu Smith-Schuster,WR6,15,,,17,15,15,14.8
15,Travis Kelce   KC (12),TE1,16,,,13,13,13,15.2
16,Tyreek Hill,WR7,12,,,18,18,16,15.7
17,Nick Chubb,RB9,20,,,20,9,18,16.0
18,Dalvin Cook,RB10,19,,,23,17,19,18.0
19,Joe Mixon,RB11,17,,,16,19,17,18.0
20,Patrick Mahomes II   KC (12),QB1,18,,,14,22,20,18.8
21,Antonio Brown,WR8,21,,,19,21,21,21.0
22,Mike Evans   SF (4),WR9,22,,,21,20,22,21.2
23,Adam Thielen,WR10,31,,,24,23,24,25.0
24,Keenan Allen   IND (6),WR11,23,,,25,28,23,25.2
25,Leonard Fournette,RB12,27,,,27,26,28,25.8
26,George Kittle   SF (4),TE2,26,,,29,27,26,28.2
27,Zach Ertz,TE3,29,,,26,29,25,28.5
28,Kerryon Johnson,RB13,30,,,35,25,29,29.3
29,Devonta Freeman,RB14,24,,,33,24,32,29.8
30,Amari Cooper,WR12,25,,,28,35,33,31.2
31,Stefon Diggs   WAS (10),WR13,37,,,30,33,34,32.2
32,Aaron Jones Sr.   MIN (12),RB15,36,,,36,31,31,32.3
33,Josh Jacobs   GB (11),RB16,32,,,41,30,35,34.2
34,Damien Williams,RB17,57,,,34,37,27,34.3
35,Julian Edelman,WR14,28,,,31,38,38,35.2
36,Chris Carson,RB18,34,,,47,32,43,36.5
37,Derrick Henry   BAL (8),RB19,33,,,40,36,37,38.7
38,Brandin Cooks,WR15,35,,,39,44,40,38.8
39,T.Y. Hilton,WR16,44,,,32,45,30,40.7
40,Robert Woods,WR17,39,,,37,50,39,41.8
41,Marlon Mack,RB20,58,,,38,34,36,42.5
42,Melvin Gordon III,RB21,40,,,22,57,67,44.2
43,Deshaun Watson   CLE (7),QB2,38,,,43,52,48,44.3
44,Kenny Golladay,WR18,45,,,44,39,41,44.5
45,Mark Ingram II,RB22,42,,,50,43,46,44.5
46,David Montgomery   HOU (10),RB23,41,,,65,41,49,45.3
47,Chris Godwin Jr.   TB (7),WR19,51,,,51,42,45,46.0
48,Tyler Lockett   LV,WR20,47,,,45,48,47,46.2
49,Sony Michel,RB24,48,,,49,40,66,48.0
50,Cooper Kupp   SEA (11),WR21,46,,,57,47,44,49.0
51,Aaron Rodgers   PIT (7),QB3,43,,,42,55,57,50.5
52,James White,RB25,54,,,63,49,51,53.3
53,Phillip Lindsay,RB26,62,,,53,46,58,54.7
54,Tyler Boyd,WR22,64,,,62,51,50,55.7
55,Evan Engram   DEN (10),TE4,50,,,48,61,61,57.2
56,O.J. Howard,TE5,56,,,54,60,62,57.5
57,Calvin Ridley   TEN (11),WR23,61,,,72,53,55,58.0
58,Baker Mayfield   TB (7),QB4,53,,,46,68,68,59.7
59,Mike Williams,WR24,55,,,75,63,59,61.7
60,A.J. Green,WR25,77,,,60,71,42,64.5
61,Hunter Henry   NE (10),TE6,65,,,52,72,65,64.5
62,DJ Moore   BUF (6),WR26,60,,,81,65,53,64.7
63,Jarvis Landry,WR27,73,,,67,70,54,65.2
64,Matt Ryan,QB5,49,,,59,76,88,67.3
65,Alshon Jeffery,WR28,52,,,86,73,60,67.7
66,Tarik Cohen,RB27,81,,,80,56,56,68.3
67,Tevin Coleman,RB28,78,,,92,54,63,68.7
68,Austin Ekeler,RB29,84,,,98,59,52,70.8
69,Jared Cook,TE7,59,,,61,82,77,71.3
70,Allen Robinson II,WR29,67,,,89,67,64,72.5
71,Miles Sanders,RB30,79,,,91,58,76,73.5
72,Josh Gordon,WR30,63,,,118,69,69,74.5
73,Kenyan Drake,RB31,70,,,77,75,71,76.7
74,Duke Johnson Jr.,RB32,68,,,116,62,92,77.2
75,Robbie Chosen,WR31,80,,,93,78,70,78.3
76,Drew Brees,QB6,66,,,55,99,95,78.5
77,Derrius Guice,RB33,76,,,101,66,94,78.8
78,Carson Wentz   MIN (12),QB7,72,,,90,84,89,81.0
79,Chicago Bears DST   (6),DST1,69,,,58,100,84,83.7
80,Vance McDonald,TE8,83,,,69,94,96,84.2
81,Sammy Watkins,WR32,74,,,83,88,72,84.5
82,Russell Wilson,QB8,92,,,56,95,97,84.7
83,Dede Westbrook,WR33,82,,,120,81,81,85.5
84,Cam Newton,QB9,71,,,66,98,102,86.7
85,William Fuller V,WR34,104,,,103,74,73,86.8
86,Sterling Shepard,WR35,75,,,106,89,83,87.7
87,Jared Goff   DET (5),QB10,97,,,76,91,91,88.3
88,Christian Kirk   SF (4),WR36,94,,,107,86,74,92.0
89,David Njoku   LAC (12),TE9,87,,,87,87,108,92.3
90,Latavius Murray,RB34,106,,,113,79,87,93.2
91,Corey Davis,WR37,111,,,117,77,75,94.8
92,Marvin Jones Jr.,WR38,91,,,99,103,86,96.3
93,Emmanuel Sanders,WR39,88,,,137,93,104,97.8
94,Curtis Samuel,WR40,100,,,115,90,93,98.7
95,Jordan Howard,RB35,121,,,124,83,80,99.2
96,LeSean McCoy,RB36,109,,,109,85,100,99.2
97,Larry Fitzgerald,WR41,102,,,121,101,79,100.2
98,Eric Ebron,TE10,144,,,73,97,78,101.8
99,Rashaad Penny,RB37,108,,,102,96,118,102.5
100,Ben Roethlisberger,QB11,89,,,110,106,122,106.7
101,Darrell Henderson Jr.,RB38,132,,,105,108,85,106.8
102,Los Angeles Rams DST   (9),DST2,95,,,64,132,107,107.0
103,Dante Pettis   BUF (6),WR42,124,,,111,107,90,107.5
104,Matt Breida,RB39,98,,,148,80,126,108.0
105,Devin Singletary   NYG (11),RB40,101,,,169,64,131,108.8
106,Royce Freeman,RB41,103,,,122,102,101,109.5
107,Courtland Sutton   DEN (10),WR43,120,,,145,92,82,111.7
108,Austin Hooper   ATL (9),TE11,99,,,112,123,146,114.0
109,Greg Zuerlein,K1,86,,,71,144,115,114.7
110,Kyler Murray   MIN (12),QB12,110,,,123,117,106,114.7
111,Marquez Valdes-Scantling   DAL (8),WR44,126,,,132,104,110,115.0
112,Tom Brady,QB13,93,,,97,136,143,116.3
113,Kareem Hunt,RB42,139,,,130,126,98,117.2
114,Lamar Jackson   BAL (8),QB14,119,,,129,115,132,118.2
115,Jacksonville Jaguars DST   (10),DST3,90,,,74,142,155,118.5
116,Delanie Walker,TE12,105,,,139,109,135,119.5
117,Geronimo Allison,WR45,146,,,138,119,105,119.8
118,Justin Tucker,K2,96,,,78,139,129,122.2
119,Peyton Barber,RB43,123,,,126,125,111,122.2
120,James Washington,WR46,118,,,162,121,103,123.2
121,Dak Prescott   DAL (8),QB15,85,,,127,146,145,125.8
122,Jameis Winston   NYG (11),QB16,154,,,165,113,116,126.5
123,Philip Rivers,QB17,137,,,114,128,130,126.5
124,DeSean Jackson,WR47,128,,,140,143,113,130.7
125,Minnesota Vikings DST   (12),DST4,115,,,85,150,142,130.8
126,Michael Gallup,WR48,112,,,179,116,133,131.2
127,Baltimore Ravens DST   (8),DST5,167,,,70,133,161,132.2
128,Harrison Butker   KC (12),K3,116,,,82,153,144,132.8
129,Los Angeles Chargers DST   (12),DST6,135,,,68,157,156,133.0
130,Tony Pollard   TEN (11),RB44,141,,,185,112,164,134.3
131,Kalen Ballage,RB45,164,,,153,111,124,134.3
132,Donte Moncrief,WR49,131,,,156,134,138,134.3
133,Jaylen Samuels,RB46,173,,,151,120,120,135.0
134,Golden Tate,WR50,148,,,158,129,119,138.0
135,Wil Lutz   DEN (10),K4,114,,,79,165,162,141.5
136,Dion Lewis,RB47,158,,,196,105,109,142.5
137,Greg Olsen,TE13,133,,,146,151,139,143.3
138,DK Metcalf   PIT (7),WR51,138,,,147,167,136,144.7
139,Adrian Peterson,RB48,184,,,154,140,127,145.5
140,Kyle Rudolph,TE14,147,,,133,147,166,146.2
141,Kirk Cousins   LV,QB18,157,,,166,130,149,146.2
142,Stephen Gostkowski,K5,122,,,84,160,176,146.3
143,Mark Andrews   BAL (8),TE15,149,,,155,124,150,146.3
144,Justin Jackson,RB49,183,,,218,114,99,146.8
145,Tyrell Williams,WR52,142,,,191,131,125,147.5
146,Mitchell Trubisky   TEN (11),QB19,130,,,159,148,153,147.5
147,Keke Coutee,WR53,143,,,149,145,141,148.5
148,Darwin Thompson,RB50,153,,,204,154,167,148.7
149,Anthony Miller,WR54,155,,,200,137,112,148.7
150,Ronald Jones II,RB51,170,,,143,127,128,149.2
151,T.J. Hockenson   MIN (12),TE16,176,,,174,149,157,153.0
152,Carlos Hyde,RB52,174,,,168,118,148,155.7
153,Denver Broncos DST   (10),DST7,163,,,131,171,140,155.7
154,Nyheim Miller-Hines,RB53,134,,,234,110,117,156.3
155,Jordan Reed,TE17,151,,,128,159,168,156.3
156,Ka'imi Fairbairn   HOU (10),K6,125,,,95,169,197,157.2
157,Jamison Crowder,WR55,117,,,235,155,151,157.5
158,New England Patriots DST   (10),DST8,136,,,119,175,189,159.5
159,John Brown,WR56,166,,,242,135,154,161.2
160,Cleveland Browns DST   (7),DST9,150,,,125,168,228,163.2
161,Houston Texans DST   (10),DST10,181,,,100,172,171,163.5
162,Justice Hill   BAL (8),RB54,196,,,240,122,152,163.7
163,Jimmy Garoppolo   LAR (9),QB20,179,,,160,170,169,165.3
164,Mecole Hardman Jr.   BUF (6),WR57,201,,,170,174,147,170.3
165,Josh Allen   BUF (6),QB21,190,,,184,163,183,171.5
166,Robbie Gould,K7,140,,,96,196,238,172.8
167,Damien Harris,RB55,236,,,178,178,121,174.5
168,Alexander Mattison,RB56,208,,,261,141,160,176.7
169,Dallas Cowboys DST   (8),DST11,172,,,141,176,223,176.7
170,Mohamed Sanu Sr.,WR58,152,,,175,227,170,177.5
171,Derek Carr,QB22,169,,,182,177,202,178.0
172,Philadelphia Eagles DST   (10),DST12,127,,,104,194,271,179.7
173,Matthew Stafford   LAR (9),QB23,193,,,197,182,208,188.2
174,Darren Waller   CAR (7),TE18,194,,,226,161,210,189.0
175,Sam Darnold   SEA (11),QB24,192,,,206,197,194,190.3
176,Deebo Samuel Sr.   SF (4),WR59,225,,,222,211,165,194.3
177,Trey Burton,TE19,129,,,142,164,137,144.2
178,Jake Elliott   PHI (10),K8,168,,,135,214,257,196.0
179,Buffalo Bills DST   (6),DST13,113,,,183,224,265,196.7
180,Seattle Seahawks DST   (11),DST14,186,,,171,187,282,198.5
181,Michael Badgley,K9,160,,,152,218,249,200.0
182,Mason Crosby,K10,180,,,144,213,252,200.8
183,Cole Beasley,WR60,191,,,215,180,233,201.2
184,Ito Smith,RB57,1000,,,173,138,134,295.2
185,Jimmy Graham,TE20,156,,,161,162,158,157.6
186,Demaryius Thomas,WR61,207,,,220,190,219,207.0
187,New Orleans Saints DST   (9),DST15,107,,,136,185,192,162.8
188,Brett Maher,K11,175,,,167,216,281,210.3
189,N'Keal Harry,WR62,203,,,134,203,114,163.6
190,Jason Myers   SEA (11),K12,264,,,177,186,288,221.3
191,Ty Montgomery II,RB58,214,,,300,206,260,226.3
192,Adam Humphries,WR63,161,,,208,181,172,187.2
193,Marquise Goodwin,WR64,547,,,198,152,232,250.2
194,Jack Doyle,TE21,162,,,194,225,188,191.2
195,Hollywood Brown   PHI (10),WR65,187,,,192,204,177,191.6
196,Jalen Richard,RB59,145,,,249,173,184,193.2
197,Tre'Quan Smith,WR66,1000,,,225,189,180,328.8
198,Kansas City Chiefs DST   (12),DST16,195,,,157,205,215,195.8
199,Pittsburgh Steelers DST   (7),DST17,171,,,150,231,227,197.0
200,Jason Witten,TE22,188,,,164,220,236,197.0
201,Kenny Stills,WR67,177,,,212,226,175,197.8
202,Noah Fant   NO (9),TE23,217,,,188,193,196,197.8
203,Nick Foles,QB25,199,,,189,232,214,204.6
204,C.J. Anderson,RB60,224,,,237,179,187,206.2
205,Giovani Bernard,RB61,178,,,273,183,216,207.6
206,Dallas Goedert   PHI (10),TE24,253,,,205,200,200,208.2
207,Adam Vinatieri,K13,197,,,94,256,270,208.8
208,Albert Wilson,WR68,182,,,247,158,222,208.8
209,Randall Cobb,WR69,210,,,203,237,178,216.0
210,Ted Ginn Jr.,WR70,205,,,211,228,244,216.2
211,Tyler Eifert,TE25,213,,,199,199,267,216.6
212,Frank Gore,RB62,185,,,244,166,275,220.0
213,Marcus Mariota   WAS (10),QB26,215,,,228,269,185,220.0
214,Matt Prater,K14,189,,,181,248,284,224.2
215,Devin Funchess,WR71,1000,,,176,207,123,339.2
216,DaeSean Hamilton,WR72,221,,,291,238,163,230.6
217,Jacoby Brissett   ARI (12),QB27,198,,,259,215,315,233.2
218,Green Bay Packers DST   (11),DST18,216,,,190,272,230,234.4
219,Tennessee Titans DST   (11),DST19,165,,,224,267,290,235.4
220,Chris Herndon IV,TE26,1000,,,180,192,173,349.0
221,Aldrick Rosas,K15,227,,,172,261,313,242.2
222,San Francisco 49ers DST   (4),DST20,226,,,195,262,269,243.4
223,Joe Flacco   CIN (9),QB28,218,,,219,247,333,245.2
224,Indianapolis Colts DST   (6),DST21,209,,,209,268,305,246.0
225,Chris Thompson,RB63,812,,,268,156,179,319.4
226,Andy Dalton   PHI (10),QB29,259,,,257,240,286,246.6
227,Chris Boswell   PIT (7),K16,248,,,186,242,303,247.2
228,Matt Bryant,K17,159,,,241,235,399,248.4
229,Carolina Panthers DST   (7),DST22,202,,,193,273,318,249.4
230,Parris Campbell,WR73,1000,,,216,208,159,360.2
231,Brandon McManus,K18,219,,,202,255,330,250.2
232,DeVante Parker,WR74,1000,,,270,209,195,365.4
233,New York Jets DST   (4),DST23,237,,,207,258,331,255.0
234,Malcolm Brown,RB64,1000,,,,188,263,367.0
235,Jamaal Williams,RB65,1000,,,243,195,199,367.6
236,Jay Ajayi,RB66,305,,,258,201,234,260.2
237,Mike Davis,RB67,1000,,,263,184,186,377.2
238,Stephen Hauschka,K19,244,,,236,217,418,274.2
239,Nelson Agholor,WR75,1000,,,230,246,207,386.2
240,Zay Jones,WR76,1000,,,294,191,201,386.4
241,Atlanta Falcons DST   (9),DST24,239,,,227,,240,233.5
242,Dan Bailey,K20,955,,,187,221,307,385.0
243,T.J. Yeldon,RB68,1000,,,285,223,204,397.4
244,Paul Richardson Jr.,WR77,200,,,,263,243,247.0
245,Eli Manning,QB30,223,,,217,,308,248.0
246,Andy Isabella,WR78,1000,,,278,257,209,398.6
247,Taylor Gabriel,WR79,1000,,,248,219,239,401.4
248,Benjamin Watson,TE27,246,,,213,,272,255.0
249,Marqise Lee,WR80,1000,,,284,260,229,404.0
250,Phillip Dorsett II   LV,WR81,346,,,260,234,334,293.6
251,Mike Gesicki   CIN (9),TE28,1000,,,266,249,245,407.6
252,Rashard Higgins,WR82,951,,,280,210,287,398.8
253,Danny Amendola,WR83,1000,,,223,241,301,409.2
254,Daniel Jones   IND (6),QB31,258,,,265,,304,263.3
255,Washington Commanders DST   (10),DST25,996,,,229,270,283,409.8
256,Detroit Lions DST   (5),DST26,977,,,232,265,292,406.6
257,A.J. Brown   NE (10),WR84,1000,,,214,,181,403.0
258,Rex Burkhead,RB69,982,,,245,222,297,408.4
259,Hunter Renfrow,WR85,230,,,,266,293,266.5
260,Dare Ogunbowale   LV,RB70,1000,,,,198,182,405.3
261,J.J. Arcega-Whiteside,WR86,990,,,,239,174,404.8
262,Chase Edmonds   WAS (10),RB71,1000,,,,202,205,407.8
263,Jalen Hurd,WR87,311,,,276,,218,269.5
264,Ryan Succop,K21,1000,,,210,264,368,418.4
266,Gerald Everett,TE29,1000,,,267,274,294,426.8
267,Ryquell Armstead,RB72,1000,,,,229,193,422.8
268,Giorgio Tavecchio,K22,1000,,,233,,246,429.0
269,Miles Boykin,WR88,988,,,,245,242,427.8
270,Josh Lambo,K23,282,,,251,,375,292.5
271,Irv Smith Jr.,TE30,949,,,,212,253,418.3
272,Gus Edwards,RB73,1000,,,,233,248,433.0
273,Preston Williams,WR89,1000,,,,259,220,437.8
274,New York Giants DST   (11),DST27,245,,,231,,,254.0
275,Jakobi Meyers   JAC (10),WR90,1000,,,,251,259,443.3
276,Eddy Pineiro   SF (4),K24,233,,,287,,255,258.3
277,Trey Quinn,WR91,1000,,,,254,256,444.5
278,Antonio Callaway,WR92,993,,,271,,206,444.5
279,Willie Snead IV,WR93,1000,,,292,,261,449.0
280,Ian Thomas   LV,TE31,948,,,289,,221,439.5
281,Ryan Fitzpatrick,QB32,950,,,279,,296,446.3
282,Las Vegas Raiders DST,DST28,222,,,221,,397,280.0
283,Miami Dolphins DST   (5),DST29,228,,,253,,365,282.0
284,David Moore   CAR (7),WR94,998,,,288,,262,463.3
285,Dez Bryant,WR95,278,,,290,,291,286.3
286,Demarcus Robinson   SF (4),WR96,310,,,274,,276,286.7
287,John Ross,WR97,1000,,,298,,279,466.8
288,Marshawn Lynch,RB74,235,,,254,,387,292.0
289,Matt LaCosse,TE32,985,,,299,,274,465.5
290,Dustin Hopkins,K25,220,,,256,,409,295.0
291,Wayne Gallman Jr.,RB75,999,,,,244,344,471.0
292,Robert Foster,WR98,1000,,,,253,190,481.0
293,Joey Slye   TEN (11),K26,243,,,,271,377,297.0
294,Alfred Morris,RB76,987,,,,236,217,480.0
295,Jason Sanders   NYJ (4),K27,265,,,264,,381,303.3
296,Matt Gay   LV,K28,1000,,,,252,235,495.7
297,Dontrell Hilliard,RB77,1000,,,,,213,497.3
298,Jesse James,TE33,308,,,277,,355,313.3
299,Arizona Cardinals DST   (12),DST30,981,,,246,,250,492.3
300,Chris Hogan,WR99,312,,,295,,342,316.3
301,Taysom Hill,TE34,249,,,283,,424,318.7
302,Antonio Gates,TE35,240,,,281,,,260.5
303,Austin Seibert,K29,959,,,,243,280,494.0
304,Benny Snell Jr.,RB78,991,,,,,226,505.0
305,Christian Wade,RB79,232,,,293,,,262.5
306,Tampa Bay Buccaneers DST   (7),DST31,261,,,269,,,265.0
307,Darren Sproles,RB80,989,,,255,,431,492.5
308,Zane Gonzalez   MIA (5),K30,280,,,286,,423,329.7
309,Josh Rosen,QB33,1000,,,,,299,519.0
310,KeeSean Johnson,WR100,995,,,,,277,518.3
311,Darius Jackson,RB81,358,,,,,224,291.0
312,Josh Doctson,WR101,1000,,,,,295,527.7
313,Riley Ridley,WR102,299,,,,,285,292.0
314,Jordan Thomas,TE36,1000,,,272,,314,528.7
315,DJ Chark Jr.,WR103,1000,,,,,306,530.3
316,Greg Joseph,K31,335,,,297,,416,349.3
317,D'Onta Foreman,RB82,374,,,238,,440,350.7
318,Case Keenum   CHI (6),QB34,1000,,,,,327,535.7
319,James Develin,RB83,340,,,,,268,304.0
320,Travis Benjamin,WR104,964,,,,,302,525.0
321,Chris Conley,WR105,1000,,,,,309,538.7
322,Alfred Blue,RB84,992,,,,,317,537.0
323,Cameron Brate,TE37,974,,,,,352,532.0
324,Cincinnati Bengals DST   (9),DST32,329,,,296,,,312.5
325,Michael Crabtree,WR106,971,,,,,343,535.7
326,Kelvin Harmon,WR107,937,,,,,191,564.0
327,Blake Jarwin,TE38,306,,,,,332,319.0
328,Chris Moore   BAL (8),WR108,941,,,,,,566.5
329,Cordarrelle Patterson,RB85,293,,,,,346,319.5
330,Tyler Higbee   LAR (9),TE39,381,,,262,,,321.5
331,Brian Hill,RB86,934,,,,,198,566.0
332,Will Dissly,TE40,1000,,,,,374,550.0
333,Breshad Perriman,WR109,1000,,,,,347,552.3
334,Cameron Artis-Payne,RB87,952,,,,,211,581.5
335,Gunner Olszewski   NYG (11),WR110,289,,,,,370,329.5
336,Daniel Carlson   LV,K32,978,,,252,,407,545.7
337,C.J. Uzomah,TE41,957,,,,,357,540.0
338,Jakeem Grant Sr.,WR111,251,,,,,413,332.0
339,Jake Kumerow,WR112,270,,,,,400,335.0
340,Ricky Seals-Jones,TE42,372,,,,,298,335.0
341,Blake Bortles,QB35,304,,,,,366,335.0
342,Devine Ozigbo,RB88,972,,,,,225,598.5
343,LeGarrette Blount,RB89,288,,,,,385,336.5
344,Keelan Doss,WR113,229,,,,,,229.0
345,Terry McLaurin   WAS (10),WR114,1000,,,,,389,558.7
346,Jazz Ferguson,WR115,231,,,,,,231.0
347,Dexter Williams,RB90,1000,,,,,231,615.5
348,Damion Willis,WR116,276,,,,,406,341.0
349,Theo Riddick,RB91,1000,,,,,237,618.5
350,Nick Novak,K33,238,,,,,,238.0
351,Jay Cutler,QB36,241,,,,,,241.0
352,Damon Sheehy-Guiseppi,WR117,,,,,,241,241.0
353,Nathan Peterman,QB37,242,,,,,,242.0
354,Taylor Bertolet,K34,247,,,,,,247.0
355,Alex Barnes,RB92,309,,,,,384,346.5
356,Darrel Williams,RB93,669,,,,,247,458.0
357,Brandon Marshall,WR118,250,,,,,,250.0
358,Vernon Davis,TE43,968,,,,,404,554.7
359,Chandler Catanzaro,K35,415,,,282,,,348.5
360,Geoff Swaim,TE44,960,,,,,251,605.5
361,Mike Thomas,WR119,252,,,,,,252.0
362,Bruce Anderson III,RB94,754,,,,,254,504.0
363,Sam Bradford,QB38,255,,,,,,255.0
364,Lil'Jordan Humphrey   DEN (10),WR120,257,,,,,,257.0
365,Maurice Harris,WR121,716,,,,,258,487.0
366,Josh Hill,TE45,279,,,,,426,352.5
367,Max McCaffrey,WR122,260,,,,,,260.0
368,Cody Parkey,K36,262,,,,,,262.0
369,Jonnu Smith,TE46,397,,,,,,354.0
370,C.J. Conrad,TE47,263,,,,,,263.0
371,Robert Griffin III,QB39,307,,,,,402,354.5
372,Qadree Ollison,RB95,1000,,,,,264,632.0
373,Trayveon Williams   DET (5),RB96,983,,,,,266,624.5
374,Blake Bell,TE48,267,,,,,,267.0
375,Glenn Gronkowski,RB97,268,,,,,,268.0
376,Jake Butt,TE49,269,,,,,,269.0
377,Tavon Austin,WR123,297,,,,,419,358.0
378,Matt Barkley,QB40,271,,,,,,271.0
379,Anthony Fasano,TE50,272,,,,,,272.0
380,Connor Barth,K37,323,,,,,395,359.0
381,Younghoe Koo,K38,273,,,,,,273.0
382,Anthony Johnson,DT,274,,,,,,274.0
383,Tyree Jackson,TE51,275,,,,,,275.0
384,Tyre Brady,WR124,277,,,,,,277.0
385,Josh Reynolds,WR125,828,,,,,278,553.0
386,Matt Forte,RB98,281,,,,,,281.0
387,Nick Vannett   SEA (11),TE52,354,,,,,373,363.5
388,Trace McSorley,QB41,317,,,,,411,364.0
389,Mike Nugent,K39,283,,,,,,283.0
390,Damarea Crockett,RB99,1000,,,,,,642.0
391,Brandon Tate,WR126,285,,,,,,285.0
392,Wendell Smallwood,RB100,390,,,,,341,365.5
393,Kaare Vedvik,K40,287,,,,,,287.0
394,J.J. Jones,WR127,290,,,,,,290.0
395,Emmanuel Butler,WR128,291,,,,,,291.0
396,Nick Fitzgerald,QB42,292,,,,,,292.0
397,Eddie Lacy,RB101,294,,,,,,294.0
398,Martellus Bennett,TE53,295,,,,,,295.0
399,Carson Palmer,QB43,298,,,,,,298.0
400,Kellen Clemens,QB44,300,,,,,,300.0
401,Deon Cain,WR129,1000,,,,,300,650.0
402,Blair Walsh,K41,301,,,,,,301.0
403,Ameer Abdullah   JAC (10),RB102,302,,,,,,302.0
404,John Kuhn,RB103,303,,,,,,303.0
405,Myles Gaskin,RB104,938,,,,,310,624.0
406,Doug Martin,RB105,769,,,,,311,540.0
407,Danny Woodhead,RB106,313,,,,,,313.0
408,DeMarco Murray,RB107,314,,,,,,314.0
409,Russell Shepard,WR130,350,,,,,410,380.0
410,Jace Sternberger,TE54,315,,,,,,315.0
411,Anthony Sherman,RB108,316,,,,,,316.0
412,Hayden Hurst,TE55,997,,,,,316,656.5
413,Nick Folk   ATL (9),K42,318,,,,,,318.0
414,De'Anthony Thomas,WR131,319,,,,,,319.0
415,Taywan Taylor,WR132,535,,,,,319,427.0
416,Derek Watt,RB109,320,,,,,,320.0
418,Jamaal Charles,RB110,321,,,,,,321.0
419,Isaac Zico,WR133,,,,,,321,321.0
420,Kenny Britt,WR134,322,,,,,,322.0
421,Chad Beebe,WR135,942,,,,,322,632.0
422,Diontae Johnson,WR136,994,,,,,323,658.5
423,Sam Ficken,K43,324,,,,,,324.0
424,Alex Collins,RB111,475,,,,,324,399.5
425,Demetrius Harris,TE56,325,,,,,,325.0
426,Devontae Booker,RB112,943,,,,,325,634.0
427,Chris Johnson,RB113,326,,,,,,326.0
428,Jaron Brown,WR137,940,,,,,326,633.0
429,Michael Hoomanawanui,TE57,327,,,,,,327.0
430,Corey Clement,RB114,986,,,,,328,657.0
431,Bilal Powell,RB115,1000,,,,,329,664.5
432,James O'Shaughnessy,TE58,330,,,,,,330.0
433,Eric Decker,WR138,331,,,,,,331.0
434,Joshua Dobbs   DET (5),QB45,406,,,,,371,388.5
435,Brandon LaFell,WR139,332,,,,,,332.0
436,Brent Celek,TE59,334,,,,,,334.0
437,Spencer Ware,RB116,626,,,,,335,480.5
438,Louis Murphy,WR140,336,,,,,,336.0
439,Kyle Juszczyk   SF (4),RB117,970,,,,,336,653.0
440,Roberto Aguayo,K44,337,,,,,,337.0
441,Kendrick Bourne   ARI (12),WR141,467,,,,,337,402.0
442,Zach Zenner,RB118,476,,,,,338,407.0
443,Dalton Schultz   HOU (10),TE60,339,,,,,,339.0
444,Devin Gray,WR142,,,,,,339,339.0
445,Lucky Whitehead,WR143,480,,,,,340,410.0
446,Nick Rose,K45,341,,,,,,341.0
447,Ryan Griffin,TE61,342,,,,,,342.0
448,Kelvin McKnight,WR144,343,,,,,,343.0
449,Ryan Izzo,TE62,344,,,,,,344.0
450,Darren McFadden,RB119,345,,,,,,345.0
451,Keelan Cole Sr.,WR145,867,,,,,345,606.0
452,Lance Kendricks,TE63,347,,,,,,347.0
453,Alonzo Harris,RB120,,,,,,348,348.0
454,Pharoh Cooper,WR146,348,,,,,,348.0
455,Terry Godwin,WR147,349,,,,,,349.0
456,Chester Rogers,WR148,684,,,,,349,516.5
457,Joe Banyard,RB121,,,,,,350,350.0
458,Virgil Green,TE64,351,,,,,,351.0
459,Jordan Matthews,TE65,663,,,,,351,507.0
460,Xavier Grimble,TE66,352,,,,,,352.0
461,Ed Dickson,TE67,353,,,,,,353.0
462,Jarius Wright,WR149,966,,,,,353,659.5
463,Seth Roberts,WR150,688,,,,,354,521.0
464,Andre Roberts,WR151,355,,,,,,355.0
465,John Ursua,WR152,356,,,,,,356.0
466,Tajae Sharpe,WR153,880,,,,,356,618.0
467,C.J. Ham,RB122,357,,,,,,357.0
468,Laquon Treadwell   IND (6),WR154,455,,,,,358,406.5
469,Kai Forbath,K46,359,,,,,,359.0
470,Isaiah McKenzie,WR155,578,,,,,359,468.5
471,Matt Cassel,QB46,360,,,,,,360.0
472,Drew Lock   SEA (11),QB47,947,,,,,360,653.5
473,Adam Shaheen,TE68,361,,,,,,361.0
474,Randy Bullock,K47,873,,,,,361,617.0
475,Travis Coons,K48,362,,,,,,362.0
476,Kapri Bibbs,RB123,582,,,,,362,472.0
477,Jaeden Graham,TE69,363,,,,,,363.0
478,Chris Matthews,WR156,587,,,,,363,475.0
479,Ray-Ray McCloud III   CHI (6),WR157,364,,,,,,364.0
480,Jordan Wilkins,RB124,1000,,,,,364,682.0
481,Algernon Brown,RB125,365,,,,,,365.0
482,Kelvin Benjamin,WR158,366,,,,,,366.0
483,Mike Wallace,WR159,367,,,,,,367.0
484,Zach Pascal,WR160,793,,,,,367,580.0
485,Patrick Murray,K49,368,,,,,,368.0
486,Aaron Ripkowski,RB126,369,,,,,,369.0
487,Tim Patrick   NYJ (4),WR161,654,,,,,369,511.5
488,Rhett Ellison,TE70,370,,,,,,370.0
489,Byron Pringle,WR162,371,,,,,,371.0
490,Aldrick Robinson,WR163,576,,,,,372,474.0
491,Don Jackson,RB127,373,,,,,,373.0
492,Trevor Davis,WR164,375,,,,,,375.0
493,Tra Carson,RB128,376,,,,,,376.0
494,Ryan Tannehill,QB48,954,,,,,376,665.0
495,Brandon Bolden,RB129,377,,,,,,377.0
496,Julius Thomas,TE71,378,,,,,,378.0
497,Dri Archer,RB130,,,,,,378,378.0
498,Teddy Bridgewater,QB49,379,,,,,,379.0
499,C.J. Beathard,QB50,490,,,,,379,434.5
500,Caleb Sturgis,K50,380,,,,,,380.0
501,Elliott Fry,K51,,,,,,380,380.0
502,Matt Jones,RB131,382,,,,,,382.0
503,Reggie Bonnafon,RB132,980,,,,,382,681.0
504,Jeremy Sprinkle,TE72,383,,,,,,383.0
505,Chris Ivory,RB133,549,,,,,383,466.0
506,Zach Line,RB134,384,,,,,,384.0
507,Braxton Miller,WR165,385,,,,,,385.0
508,John Phillips,TE73,386,,,,,,386.0
509,Jordan Scarlett,RB135,1000,,,,,386,693.0
510,Zach Gentry,TE74,387,,,,,,387.0
511,Andy Jones,WR166,388,,,,,,388.0
512,Jaydon Mickens,WR167,921,,,,,388,654.5
513,Matthew Slater,WR168,389,,,,,,389.0
514,Corey Acosta,K52,,,,,,390,390.0
515,Orleans Darkwa,RB136,391,,,,,,391.0
516,Olamide Zaccheaus   ATL (9),WR169,,,,,,391,391.0
517,Hunter Sharp,WR170,870,,,,,392,631.0
518,Geno Smith   NYJ (4),QB51,393,,,,,,393.0
519,Jacob Dolegala,QB52,,,,,,393,393.0
520,Dwayne Washington,RB137,394,,,,,,394.0
521,Terrelle Pryor Sr.,WR171,468,,,,,394,431.0
522,Mike Tolbert,RB138,395,,,,,,395.0
523,Tremon Smith   HOU (10),CB,396,,,,,,396.0
524,Jordan Veasy,WR172,,,,,,396,396.0
525,Austin Carr,WR173,398,,,,,,398.0
526,Devonte Boyd,WR174,,,,,,398,398.0
527,Levine Toilolo,TE75,399,,,,,,399.0
528,Andy Janovich,RB139,400,,,,,,400.0
529,Derek Carrier,TE76,401,,,,,,401.0
530,DeAndre Carter,WR175,494,,,,,401,447.5
531,Matt McCrane,K53,402,,,,,,402.0
532,Marcedes Lewis,TE77,403,,,,,,403.0
533,Paxton Lynch,QB53,485,,,,,403,444.0
534,Jamize Olawale,RB140,404,,,,,,404.0
535,Joe Webb III,QB54,405,,,,,,405.0
536,DeAndre Washington,RB141,1000,,,,,405,702.5
537,Danny Vitale,RB142,407,,,,,,407.0
538,Tim Tebow,TE78,,,,,,408,408.0
539,Alex Erickson,WR176,408,,,,,,408.0
540,Tom Savage,QB55,409,,,,,,409.0
541,Cairo Santos   CHI (6),K54,410,,,,,,410.0
542,Robert Tonyan   PIT (7),TE79,411,,,,,,411.0
543,Andrew Franks,K55,412,,,,,,412.0
544,Mark Walton,RB143,1000,,,,,412,706.0
545,Devin Smith,WR177,413,,,,,,413.0
546,Matt Moore,QB56,414,,,,,,414.0
547,Charles Clay,TE80,425,,,,,435,430.0
548,Darius Slayton   NYG (11),WR178,731,,,,,414,572.5
549,Andre Ellington,RB144,965,,,,,415,690.0
550,Aaron Hernandez,TE81,,,,,,417,417.0
551,Tommy Sweeney,TE82,417,,,,,,417.0
552,Ashton Dulin   IND (6),WR179,418,,,,,,418.0
553,Troy Fumagalli,TE83,419,,,,,,419.0
554,Chris Blewitt,K56,420,,,,,,420.0
555,C.J. Prosise,RB145,984,,,,,420,702.0
556,Marlon Brown,WR180,,,,,,421,421.0
557,Elijhaa Penny,RB146,421,,,,,,421.0
558,Chandler Cox,RB147,422,,,,,,422.0
559,Josh Oliver   MIN (12),TE84,969,,,,,422,695.5
560,Bisi Johnson,WR181,423,,,,,,423.0
561,Shane Smith,RB148,424,,,,,,424.0
562,Ty Johnson   BUF (6),RB149,1000,,,,,425,712.5
563,Quincy Adeboyejo,WR182,426,,,,,,426.0
564,Johnny Manziel,QB57,,,,,,427,427.0
565,DeShone Kizer,QB58,427,,,,,,427.0
566,Chad Kelly,QB59,428,,,,,,428.0
567,Mike Boone,RB150,976,,,,,428,702.0
568,Samaje Perine   CIN (9),RB151,429,,,,,,429.0
569,Tyrod Taylor   GB (11),QB60,464,,,,,429,446.5
570,Deon Yelder,TE85,430,,,,,,430.0
571,Will Grier,QB61,746,,,,,430,588.0
572,Darrius Heyward-Bey,WR183,432,,,,,,432.0
573,AJ McCarron,QB62,460,,,,,432,446.0
574,Ryan Mallett,QB63,433,,,,,,433.0
575,Kevin White,WR184,841,,,,,433,637.0
576,Patrick DiMarco,RB152,434,,,,,,434.0
577,Cooper Rush   ATL (9),QB64,446,,,,,434,440.0
578,Jacquizz Rodgers,RB153,435,,,,,,435.0
579,Alize Mack,TE86,436,,,,,,436.0
580,Blaine Gabbert,QB65,710,,,,,436,573.0
581,Nick Boyle,TE87,437,,,,,,437.0
582,Justin Watson   HOU (10),WR185,562,,,,,437,499.5
583,Nick O'Leary,TE88,438,,,,,,438.0
584,Roosevelt Nix,RB154,439,,,,,,439.0
585,Brock Osweiler,QB66,440,,,,,,440.0
586,Drew Stanton,QB67,441,,,,,,441.0
587,Josh Adams,RB155,442,,,,,,442.0
588,Bryce Love,RB156,1000,,,,,442,721.0
589,Cameron Meredith,WR186,443,,,,,,443.0
590,Cullen Gillaspia,RB157,444,,,,,,444.0
591,Rodney Adams,WR187,445,,,,,,445.0
592,Chase Daniel,QB68,447,,,,,,447.0
593,T.J. Yates,QB69,448,,,,,,448.0
594,Tim Boyle,QB70,449,,,,,,449.0
595,J.J. Nelson,WR188,450,,,,,,450.0
596,Jonathan Stewart,RB158,451,,,,,,451.0
597,Javon Wims,WR189,452,,,,,,452.0
598,Khalfani Muhammad,RB159,453,,,,,,453.0
599,Dwayne Harris,WR190,454,,,,,,454.0
600,Coby Fleener,TE89,456,,,,,,456.0
601,Taquan Mizzell   NYG (11),RB160,457,,,,,,457.0
602,Keith Kirkwood,WR191,458,,,,,,458.0
603,Josh Johnson   CIN (9),QB71,461,,,,,,461.0
604,Elijah Holyfield,RB161,462,,,,,,462.0
605,Torrey Smith,WR192,463,,,,,,463.0
606,D.J. Foster,RB162,465,,,,,,465.0
607,Kamar Aiken,WR193,466,,,,,,466.0
608,E.J. Manuel,QB72,469,,,,,,469.0
609,Jacob Hollister,TE90,470,,,,,,470.0
610,Garrett Dickerson,TE91,471,,,,,,471.0
611,Eli Rogers,WR194,472,,,,,,472.0
612,Chad Henne,QB73,473,,,,,,473.0
613,Braxton Berrios   NYG (11),WR195,474,,,,,,474.0
614,Pierre Garcon,WR196,477,,,,,,477.0
615,Luke Willson,TE92,478,,,,,,478.0
616,Akeem Hunt,RB163,479,,,,,,479.0
617,Noah Brown   LV,WR197,481,,,,,,481.0
618,Daniel Brown,TE93,482,,,,,,482.0
619,Jerell Adams,TE94,483,,,,,,483.0
620,Eric Tomlinson,TE95,484,,,,,,484.0
621,Isaac Whitney,WR198,486,,,,,,486.0
622,LeShun Daniels,RB164,487,,,,,,487.0
623,Connor Cook,QB74,488,,,,,,488.0
624,John Kelly Jr.,RB165,489,,,,,,489.0
625,Jeremy Hill,RB166,491,,,,,,491.0
626,Dan Arnold,TE96,492,,,,,,492.0
627,Matt Schaub,QB75,493,,,,,,493.0
628,Mike Weber   NYG (11),RB167,495,,,,,,495.0
629,Scott Tolzien,QB76,496,,,,,,496.0
630,Brandon Weeden,QB77,497,,,,,,497.0
631,Brandon Zylstra,WR199,498,,,,,,498.0
632,Jeff Heuerman,TE97,499,,,,,,499.0
633,Jarrett Stidham   DEN (10),QB78,501,,,,,,501.0
634,Chris Warren III,RB168,503,,,,,,503.0
635,JoJo Natson,WR200,504,,,,,,504.0
636,Gardner Minshew II   ARI (12),QB79,505,,,,,,505.0
637,Tyrone Swoopes,TE98,506,,,,,,506.0
638,Bo Scarbrough,RB169,507,,,,,,507.0
639,Javorius Allen,RB170,508,,,,,,508.0
640,Niles Paul,TE99,509,,,,,,509.0
641,Joe Williams,RB171,510,,,,,,510.0
642,Austin Seferian-Jenkins,TE100,511,,,,,,511.0
643,Foster Moreau   HOU (10),TE101,512,,,,,,512.0
644,Allen Lazard,WR201,513,,,,,,513.0
645,Garrett Celek,TE102,514,,,,,,514.0
646,Fozzy Whittaker,RB172,515,,,,,,515.0
647,Marcus Johnson,WR202,516,,,,,,516.0
648,Nsimba Webster,WR203,517,,,,,,517.0
649,Troymaine Pope,RB173,518,,,,,,518.0
650,Byron Marshall,RB174,519,,,,,,519.0
651,Garrett Griffin,TE103,520,,,,,,520.0
652,Temarrick Hemingway,TE104,521,,,,,,521.0
653,Brian Hoyer,QB80,522,,,,,,522.0
654,Stevan Ridley,RB175,523,,,,,,523.0
655,Damore'ea Stringfellow,WR204,524,,,,,,524.0
656,Mike White,QB81,525,,,,,,525.0
657,Richard Rodgers,TE105,526,,,,,,526.0
658,Damion Ratley,WR205,527,,,,,,527.0
659,Ben Braunecker,TE106,528,,,,,,528.0
660,Justin Hardy,WR206,529,,,,,,529.0
661,Jeff Wilson Jr.,RB176,530,,,,,,530.0
662,Christian Hackenberg,QB82,531,,,,,,531.0
663,Auden Tate,WR207,532,,,,,,532.0
664,Ryan Finley,QB83,533,,,,,,533.0
665,Joshua Perkins,TE107,534,,,,,,534.0
666,Eric Saubert   SEA (11),TE108,536,,,,,,536.0
667,Brett Hundley,QB84,537,,,,,,537.0
668,Trey Edmunds,RB177,538,,,,,,538.0
669,Kyle Sloter,QB85,539,,,,,,539.0
670,Tion Green,RB178,540,,,,,,540.0
671,Sean Mannion,QB86,541,,,,,,541.0
672,Malcolm Johnson,RB179,542,,,,,,542.0
673,Bobo Wilson,WR208,543,,,,,,543.0
674,Luke Stocker,TE109,544,,,,,,544.0
675,Kyle Allen   BUF (6),QB87,545,,,,,,545.0
676,Trevor Siemian,QB88,546,,,,,,546.0
677,Derrick Coleman,RB180,548,,,,,,548.0
678,Sam Rogers,RB181,550,,,,,,550.0
679,Patrick Laird,RB182,551,,,,,,551.0
680,Caleb Wilson,TE110,552,,,,,,552.0
681,Brice Butler,WR209,553,,,,,,553.0
682,Marquez Williams,RB183,554,,,,,,554.0
683,Darius Jennings,WR210,555,,,,,,555.0
684,Cethan Carter,TE111,556,,,,,,556.0
685,Kaden Smith,TE112,557,,,,,,557.0
686,Kerrith Whyte Jr.,RB184,558,,,,,,558.0
687,Austin Davis,QB89,559,,,,,,559.0
688,Josh Bellamy,WR211,560,,,,,,560.0
689,Keith Smith,RB185,561,,,,,,561.0
690,Quinton Flowers,QB90,563,,,,,,563.0
691,Terrell Watson,RB186,564,,,,,,564.0
692,Jermaine Gresham,TE113,565,,,,,,565.0
693,Duke Williams,S,566,,,,,,566.0
694,Kelvin Taylor,RB187,567,,,,,,567.0
695,De'Angelo Henderson Sr.,RB188,568,,,,,,568.0
696,Maxx Williams,TE114,569,,,,,,569.0
697,Steven Sims Jr.,WR212,570,,,,,,570.0
698,Brandon Wilds,RB189,571,,,,,,571.0
699,Sean Culkin,TE115,572,,,,,,572.0
700,Mo Alie-Cox   IND (6),TE116,573,,,,,,573.0
701,Dwayne Allen,TE117,574,,,,,,574.0
702,Travis Homer   PIT (7),RB190,575,,,,,,575.0
703,Terrance Williams,WR213,577,,,,,,577.0
704,Freddie Stevenson,LB,579,,,,,,579.0
705,Tyler Bray,QB91,580,,,,,,580.0
706,Charles Johnson,WR214,581,,,,,,581.0
707,Taiwan Jones,RB191,583,,,,,,583.0
708,Nick Bellore,LB,584,,,,,,584.0
709,Tyler Conklin   DET (5),TE118,585,,,,,,585.0
710,Cedrick Wilson Jr.   DET (5),WR215,586,,,,,,586.0
711,Akrum Wadley,RB192,588,,,,,,588.0
712,Fitzgerald Toussaint,RB193,589,,,,,,589.0
713,River Cracraft   WAS (10),WR216,590,,,,,,590.0
714,Shane Vereen,RB194,591,,,,,,591.0
715,Malik Turner   SF (4),WR217,592,,,,,,592.0
716,Mack Hollins   NE (10),WR218,593,,,,,,593.0
717,Chris Manhertz   NYG (11),TE119,594,,,,,,594.0
718,KhaDarel Hodge   SF (4),WR219,595,,,,,,595.0
719,David Fluellen,RB195,596,,,,,,596.0
720,Roc Thomas,RB196,597,,,,,,597.0
721,Marcus Lucas,TE120,598,,,,,,598.0
722,Elijah Hood,RB197,599,,,,,,599.0
723,Brittan Golden,WR220,600,,,,,,600.0
724,Jaleel Scott,WR221,601,,,,,,601.0
725,Daurice Fountain,WR222,602,,,,,,602.0
726,Richie James Jr.,WR223,603,,,,,,603.0
727,Keon Hatcher,WR224,604,,,,,,604.0
728,Detrez Newsome,RB198,605,,,,,,605.0
729,Phillip Supernaw,TE121,606,,,,,,606.0
730,Tre Madden,RB199,607,,,,,,607.0
731,Gehrig Dieter,WR225,608,,,,,,608.0
732,Marken Michel,WR226,609,,,,,,609.0
733,Elijah McGuire,RB200,610,,,,,,610.0
734,Trevon Wesco,TE122,611,,,,,,611.0
735,Ryan Switzer,WR227,612,,,,,,612.0
736,Chad Williams,WR228,613,,,,,,613.0
737,Da'Mari Scott,WR229,614,,,,,,614.0
738,Seth DeValve,TE123,615,,,,,,615.0
739,Devin Fuller,WR230,616,,,,,,616.0
740,Garrett Gilbert,QB92,617,,,,,,617.0
741,David Williams,RB201,618,,,,,,618.0
742,Kendall Wright,WR231,619,,,,,,619.0
743,Boston Scott,RB202,620,,,,,,620.0
744,Logan Thomas,TE124,621,,,,,,621.0
745,Marcell Ateman,WR232,622,,,,,,622.0
746,Josh Malone,WR233,623,,,,,,623.0
747,Lee Smith,TE125,624,,,,,,624.0
748,Nick Bawden,RB203,625,,,,,,625.0
749,Mason Schreck,TE126,627,,,,,,627.0
750,Marcus Green,WR234,628,,,,,,628.0
751,Martavis Bryant,WR235,629,,,,,,629.0
752,Juwann Winfree   HOU (10),WR236,630,,,,,,630.0
753,T.J. Jones,WR237,631,,,,,,631.0
754,Eric Weems,WR238,632,,,,,,632.0
755,Derrick Willies,WR239,633,,,,,,633.0
756,Jordan Lasley,WR240,634,,,,,,634.0
757,Brandon Powell,WR241,635,,,,,,635.0
758,Dalyn Dawkins,RB204,636,,,,,,636.0
759,Henry Krieger-Coble,TE127,637,,,,,,637.0
760,Deontay Burnett,WR242,638,,,,,,638.0
761,Justin Davis,RB205,639,,,,,,639.0
762,Easton Stick   IND (6),QB93,640,,,,,,640.0
763,Gabe Holmes,TE128,641,,,,,,641.0
764,Cam Sims,WR243,642,,,,,,642.0
765,Dontrelle Inman,WR244,643,,,,,,643.0
766,Alex Tanney,QB94,644,,,,,,644.0
767,Dylan Cantrell,WR245,645,,,,,,645.0
768,Landry Jones,QB95,646,,,,,,646.0
769,Isaac Nauta,TE129,647,,,,,,647.0
770,Mack Brown,RB206,648,,,,,,648.0
771,Kerwynn Williams,RB207,650,,,,,,650.0
772,Trent Sherfield Sr.   BUF (6),WR246,651,,,,,,651.0
773,James Williams,RB208,652,,,,,,652.0
774,Nate Sudfeld,QB96,653,,,,,,653.0
775,Cody Core,WR247,655,,,,,,655.0
776,Jerome Cunningham,TE130,656,,,,,,656.0
777,Nick Williams,WR248,657,,,,,,657.0
778,Jordan Taylor,WR249,658,,,,,,658.0
779,J.D. McKissic,RB209,659,,,,,,659.0
780,Greg Dortch   DET (5),WR250,660,,,,,,660.0
781,Quadree Henderson,WR251,661,,,,,,661.0
782,Mike Glennon,QB97,662,,,,,,662.0
783,Donnel Pumphrey,RB210,664,,,,,,664.0
784,Dion Sims,TE131,665,,,,,,665.0
785,Bryce Williams,TE132,666,,,,,,666.0
786,Corey Grant,RB211,667,,,,,,667.0
787,Harry Douglas,WR252,668,,,,,,668.0
788,Ryan Hewitt,RB212,670,,,,,,670.0
789,Ricky Ortiz,RB213,671,,,,,,671.0
790,Mason Rudolph   PIT (7),QB98,672,,,,,,672.0
791,Benny Cunningham Jr.,RB214,673,,,,,,673.0
792,Andre Williams,RB215,674,,,,,,674.0
793,Michael Floyd,WR253,675,,,,,,675.0
794,Shaun Wilson,RB216,676,,,,,,676.0
795,Zac Brooks,RB217,677,,,,,,677.0
796,Geremy Davis,WR254,679,,,,,,679.0
797,Charone Peake,WR255,680,,,,,,680.0
798,Jehu Chesson,WR256,681,,,,,,681.0
799,Drew Sample   CIN (9),TE133,682,,,,,,682.0
800,Alonzo Russell,WR257,683,,,,,,683.0
801,Alex Armah Jr.,RB218,685,,,,,,685.0
802,Cardale Jones,QB99,686,,,,,,686.0
803,Scott Simonson,TE134,687,,,,,,687.0
804,Gavin Escobar,TE135,689,,,,,,689.0
805,Jordan Leggett,TE136,690,,,,,,690.0
806,Jahad Thomas,RB219,691,,,,,,691.0
807,Danny Etling,QB100,692,,,,,,692.0
808,Tommy Bohanon,RB220,693,,,,,,693.0
809,Jeff Cumberland,TE137,694,,,,,,694.0
810,Terron Ward,RB221,695,,,,,,695.0
811,Robert Kelley,RB222,696,,,,,,696.0
812,Paul Perkins,RB223,697,,,,,,697.0
813,Rico Gathers,TE138,698,,,,,,698.0
814,Christine Michael,RB224,699,,,,,,699.0
815,David Morgan II,TE139,700,,,,,,700.0
816,Cameron Batson,WR258,701,,,,,,701.0
817,Anthony Firkser,TE140,702,,,,,,702.0
818,Chris Lacy,WR259,703,,,,,,703.0
819,Keenan Reynolds,WR260,704,,,,,,704.0
820,Ifeanyi Momah,TE141,705,,,,,,705.0
821,Jhurell Pressley,RB225,706,,,,,,706.0
822,Jalston Fowler,RB226,707,,,,,,707.0
823,Michael Clark,WR261,708,,,,,,708.0
824,Robert Turbin,RB227,709,,,,,,709.0
825,Branden Oliver,RB228,711,,,,,,711.0
826,Riley McCarron,WR262,712,,,,,,712.0
827,Russell Hansbrough,RB229,713,,,,,,713.0
828,Neal Sterling,TE142,714,,,,,,714.0
829,James Hanna,TE143,715,,,,,,715.0
830,Logan Paulsen,TE144,717,,,,,,717.0
831,Devon Cajuste,WR263,718,,,,,,718.0
832,Brian Parker,TE145,719,,,,,,719.0
833,Johnny Holton,WR264,720,,,,,,720.0
834,C.J. Fiedorowicz,TE146,721,,,,,,721.0
835,Malcolm Mitchell,WR265,722,,,,,,722.0
836,Ross Travis,TE147,723,,,,,,723.0
837,Durham Smythe   BAL (8),TE148,724,,,,,,724.0
838,Marcus Murphy,RB230,725,,,,,,725.0
839,Lance Lenoir Jr.,WR266,726,,,,,,726.0
840,Ryan Griffin,QB101,727,,,,,,727.0
841,Jonathan Williams,RB231,728,,,,,,728.0
842,Kyle Lauletta,QB102,729,,,,,,729.0
843,Stephen Anderson,TE149,730,,,,,,730.0
844,Michael Burton   CLE (7),RB232,732,,,,,,732.0
845,Isaiah Ford,WR267,733,,,,,,733.0
846,Brandon Allen   NYG (11),QB103,734,,,,,,734.0
847,Griff Whalen,WR268,735,,,,,,735.0
848,Deonte Thompson,WR269,736,,,,,,736.0
849,Matt Dayes,RB233,738,,,,,,738.0
850,Penny Hart,WR270,739,,,,,,739.0
851,Keith Ford,RB234,740,,,,,,740.0
852,Jalen Tolliver,WR271,741,,,,,,741.0
853,J'Mon Moore,WR272,742,,,,,,742.0
854,Travis Rudolph,WR273,743,,,,,,743.0
855,Tyler Ervin,RB235,744,,,,,,744.0
856,A.J. Derby,TE150,745,,,,,,745.0
857,DeAndrew White,WR274,747,,,,,,747.0
858,Damiere Byrd,WR275,748,,,,,,748.0
859,Braedon Bowman,TE151,749,,,,,,749.0
860,Sammie Coates,WR276,750,,,,,,750.0
861,Thomas Duarte,TE152,751,,,,,,751.0
862,Charcandrick West,RB236,752,,,,,,752.0
863,Clayton Thorson,QB104,753,,,,,,753.0
864,De'Lance Turner,RB237,755,,,,,,755.0
865,Temuchin Hodges,TE153,756,,,,,,756.0
866,Jeremy Langford,RB238,757,,,,,,757.0
867,Scotty Miller   CHI (6),WR277,758,,,,,,758.0
868,Aaron Burbridge,WR278,759,,,,,,759.0
869,Logan Woodside,QB105,760,,,,,,760.0
870,Chad Hansen,WR279,761,,,,,,761.0
871,Jaelen Strong,WR280,762,,,,,,762.0
872,Evan Baylis,TE154,763,,,,,,763.0
873,Andre Holmes,WR281,764,,,,,,764.0
874,Bobby Rainey,RB239,765,,,,,,765.0
875,Donnie Ernsberger,RB240,766,,,,,,766.0
876,Vyncint Smith,WR282,767,,,,,,767.0
877,Justin Hunter,WR283,768,,,,,,768.0
878,Sean McGrath,TE155,770,,,,,,770.0
879,Cody Kessler,QB106,771,,,,,,771.0
880,Darren Fells,TE156,772,,,,,,772.0
881,T.J. Logan,RB241,773,,,,,,773.0
882,Khari Lee,TE157,774,,,,,,774.0
883,Alan Cross,TE158,775,,,,,,775.0
884,Matt Flanagan,TE159,776,,,,,,776.0
885,Tommylee Lewis,WR284,777,,,,,,777.0
886,Alex Ellis,TE160,778,,,,,,778.0
887,Clive Walford,TE161,779,,,,,,779.0
888,Terrance West,RB242,780,,,,,,780.0
889,Ben Koyack,TE162,781,,,,,,781.0
890,Kahale Warring,TE163,782,,,,,,782.0
891,Jared Abbrederis,WR285,783,,,,,,783.0
892,MyCole Pruitt,TE164,784,,,,,,784.0
893,Jay Prosch,RB243,785,,,,,,785.0
894,Ryan Grant,WR286,786,,,,,,786.0
895,Malachi Dupre,WR287,787,,,,,,787.0
896,Cole Wick,TE165,788,,,,,,788.0
897,Erik Swoope,TE166,789,,,,,,789.0
898,Daniel Lasco,RB244,790,,,,,,790.0
899,Trevone Boykin,QB107,791,,,,,,791.0
900,Robert Davis,WR288,792,,,,,,792.0
901,Cole Hikutini,TE167,794,,,,,,794.0
902,Orson Charles,TE168,795,,,,,,795.0
903,Kalif Raymond   CHI (6),WR289,796,,,,,,796.0
904,Brandon Williams,TE169,797,,,,,,797.0
905,Tanner McEvoy,WR290,798,,,,,,798.0
906,Randall Telfer,TE170,799,,,,,,799.0
907,Mike Gillislee,RB245,800,,,,,,800.0
908,Moritz Bohringer,WR291,801,,,,,,801.0
909,Marvin Hall,WR292,802,,,,,,802.0
910,Leonte Carroo,WR293,803,,,,,,803.0
911,Jeremy Kerley,WR294,804,,,,,,804.0
912,Jason Croom,TE171,805,,,,,,805.0
913,Brendan Langley,CB,806,,,,,,806.0
914,Alex McGough,QB108,807,,,,,,807.0
915,Taylor Heinicke,QB109,808,,,,,,808.0
916,Senorise Perry,RB246,809,,,,,,809.0
917,Antony Auclair,TE172,810,,,,,,810.0
918,Ed Eagan,WR295,811,,,,,,811.0
919,Austin Traylor,TE173,813,,,,,,813.0
920,Bruce Ellington,WR296,814,,,,,,814.0
921,MarQueis Gray,TE174,815,,,,,,815.0
922,Jeremy McNichols   WAS (10),RB247,816,,,,,,816.0
923,David Grinnage,TE175,817,,,,,,817.0
924,Jawill Davis,WR297,818,,,,,,818.0
925,Dillon Mitchell,WR298,819,,,,,,819.0
926,Beau Sandland,TE176,820,,,,,,820.0
927,Emanuel Hall,WR299,821,,,,,,821.0
928,Brandon Coleman,WR300,822,,,,,,822.0
929,Darrell Daniels,TE177,823,,,,,,823.0
930,Carlos Henderson,WR301,824,,,,,,824.0
931,Quan Bray,WR302,825,,,,,,825.0
932,Travis Fulgham,WR303,826,,,,,,826.0
933,Jake Rudock,QB110,827,,,,,,827.0
934,Vince Mayle,WR304,829,,,,,,829.0
935,Rod Streater,WR305,830,,,,,,830.0
936,ArDarius Stewart,WR306,831,,,,,,831.0
937,Kenjon Barner,RB248,832,,,,,,832.0
938,Will Tye,TE178,833,,,,,,833.0
939,Johnny Mundt   PHI (10),TE179,834,,,,,,834.0
940,Luke Falk,QB111,835,,,,,,835.0
941,Keith Marshall,RB249,836,,,,,,836.0
942,Michael Roberts,TE180,837,,,,,,837.0
943,Tanner Gentry,WR307,838,,,,,,838.0
944,Darius Powe,WR308,839,,,,,,839.0
945,Ross Dwelley,TE181,840,,,,,,840.0
946,Austin Proehl,WR309,842,,,,,,842.0
947,Simmie Cobbs Jr.,WR310,843,,,,,,843.0
948,Brad Kaaya,QB112,844,,,,,,844.0
949,Kevin Hogan,QB113,845,,,,,,845.0
950,Kenneth Farrow,RB250,846,,,,,,846.0
951,Bennie Fowler III,WR311,847,,,,,,847.0
952,Tanner Lee,QB114,848,,,,,,848.0
953,Jace Billingsley,WR312,849,,,,,,849.0
954,Austin Roberts,TE182,850,,,,,,850.0
955,Devante Mays,RB251,851,,,,,,851.0
956,Kaelin Clay,WR313,852,,,,,,852.0
957,Carlton Agudosi,WR314,853,,,,,,853.0
958,Troy Niklas,TE183,854,,,,,,854.0
959,Lance Dunbar,RB252,855,,,,,,855.0
960,Rashad Greene,WR315,856,,,,,,856.0
961,Anthony Dable,WR316,857,,,,,,857.0
962,Markus Wheaton,WR317,858,,,,,,858.0
963,Derek Anderson,QB115,859,,,,,,859.0
964,Tre McBride III,WR318,860,,,,,,860.0
965,James Wright,WR319,861,,,,,,861.0
966,Janarion Grant,WR320,862,,,,,,862.0
967,Jordan Franks,TE184,863,,,,,,863.0
968,Hakeem Valles,TE185,864,,,,,,864.0
969,Matt Lengel,TE186,865,,,,,,865.0
970,Tavarres King,WR321,866,,,,,,866.0
971,Bryce Petty,QB116,868,,,,,,868.0
972,Cam Phillips,WR322,869,,,,,,869.0
973,Artavis Scott,WR323,871,,,,,,871.0
974,Charles Sims,RB253,872,,,,,,872.0
975,Arrelious Benn,WR324,874,,,,,,874.0
976,Devin Lucien,WR325,875,,,,,,875.0
977,Brett Rypien   HOU (10),QB117,876,,,,,,876.0
978,Brandon Doughty,QB118,877,,,,,,877.0
979,Nelson Spruce,WR326,878,,,,,,878.0
980,C.J. Board,WR327,879,,,,,,879.0
981,Marquez North,WR328,881,,,,,,881.0
982,Mitch Mathews,WR329,882,,,,,,882.0
983,Rashawn Scott,WR330,883,,,,,,883.0
984,Brenton Bersin,WR331,884,,,,,,884.0
985,Ishmael Zamora,WR332,885,,,,,,885.0
986,Keyarris Garrett,WR333,886,,,,,,886.0
987,Shelton Gibson,WR334,887,,,,,,887.0
988,Roger Lewis,WR335,888,,,,,,888.0
989,Travaris Cadet,RB254,889,,,,,,889.0
990,Tim White,WR336,890,,,,,,890.0
991,David Fales,QB119,891,,,,,,891.0
992,Jordan Payton,WR337,892,,,,,,892.0
993,Mose Frazier,WR338,893,,,,,,893.0
994,Wendall Williams,WR339,894,,,,,,894.0
995,Amara Darboh,WR340,895,,,,,,895.0
996,Russell Gage Jr.,WR341,896,,,,,,896.0
997,Krishawn Hogan,WR342,897,,,,,,897.0
998,Paul Turner,WR343,898,,,,,,898.0
999,Victor Bolden Jr.,WR344,899,,,,,,899.0
1000,Michael Campanaro,WR345,900,,,,,,900.0
1001,Jester Weah,WR346,901,,,,,,901.0
1002,Jordan Akins,TE187,902,,,,,,902.0
1003,Antoine Wesley,WR347,903,,,,,,903.0
1004,Kolby Listenbee,WR348,904,,,,,,904.0
1005,Bryce Treggs,WR349,905,,,,,,905.0
1006,Jalin Marshall,WR350,906,,,,,,906.0
1007,Matt Hazel,WR351,907,,,,,,907.0
1008,Cobi Hamilton,WR352,908,,,,,,908.0
1009,Daniel Braverman,WR353,909,,,,,,909.0
1010,Dom Williams,WR354,910,,,,,,910.0
1011,Stacy Coley,WR355,911,,,,,,911.0
1012,Brian Quick,WR356,912,,,,,,912.0
1013,Demarcus Ayers,WR357,913,,,,,,913.0
1014,Bradley Marquez,WR358,914,,,,,,914.0
1015,Jeff Driskel   WAS (10),QB120,915,,,,,,915.0
1016,Rashad Ross,WR359,916,,,,,,916.0
1017,DeAngelo Yancey,WR360,917,,,,,,917.0
1018,Davis Webb,QB121,918,,,,,,918.0
1019,Bernard Reedy,WR361,919,,,,,,919.0
1020,Darvin Kidsy,WR362,920,,,,,,920.0
1021,Kasen Williams,WR363,922,,,,,,922.0
1022,Jordan Leslie,WR364,923,,,,,,923.0
1023,Joe Callahan,QB122,924,,,,,,924.0
1024,Kenny Lawler,WR365,925,,,,,,925.0
1025,Freddie Martino,WR366,926,,,,,,926.0
1026,Xavier Rush,WR367,927,,,,,,927.0
1027,Jeff Janis,WR368,928,,,,,,928.0
1028,Paul McRoberts,WR369,929,,,,,,929.0
1029,Josh Ferguson,RB255,930,,,,,,930.0
1030,Darrius Shepherd,WR370,931,,,,,,931.0
1031,Cody Latimer,WR371,932,,,,,,932.0
1032,Garrett Grayson,QB123,933,,,,,,933.0
1033,Tyler Kroft,TE188,935,,,,,,935.0
1034,Josh McCown,QB124,936,,,,,,936.0
1035,Allen Hurns,WR372,944,,,,,,944.0
1036,Colt McCoy,QB125,945,,,,,,945.0
1037,Gary Jennings Jr.,WR373,946,,,,,,946.0
1038,Karan Higdon,RB256,953,,,,,,953.0
1039,Thomas Rawls,RB257,956,,,,,,956.0
1040,Buddy Howell,RB258,961,,,,,,961.0
1041,Nick Mullens   JAC (10),QB126,962,,,,,,962.0
1042,Rod Smith,RB259,963,,,,,,963.0
1043,Raheem Mostert   LV,RB260,973,,,,,,973.0
1044,Trenton Cannon,RB261,975,,,,,,975.0
1045,Dawson Knox   BUF (6),TE189,979,,,,,,979.0
1046,Trent Taylor,WR374,1000,,,,,,1000.0